{
    "type": "FeatureCollection",
    "name": "run-ride",
    "crs": {
        "type": "name",
        "properties": {
            "name": "urn:ogc:def:crs:OGC:1.3:CRS84"
        }
    },
    "features": [
        {
            "type": "Feature",
            "properties": {
                "name": "Morning Run"
            },
            "geometry": {
                "type": "MultiLineString",
                "coordinates": [
                    [
                        [
                            149.071334,
                            -35.420757,
                            574.8
                        ],
                        [
                            149.071341,
                            -35.420767,
                            575.0
                        ],
                        [
                            149.071351,
                            -35.42078,
                            575.0
                        ],
                        [
                            149.071364,
                            -35.420798,
                            575.0
                        ],
                        [
                            149.071379,
                            -35.420817,
                            575.2
                        ],
                        [
                            149.071398,
                            -35.420841,
                            575.2
                        ],
                        [
                            149.071417,
                            -35.420866,
                            575.2
                        ],
                        [
                            149.071437,
                            -35.420888,
                            575.2
                        ],
                        [
                            149.071461,
                            -35.420915,
                            575.2
                        ],
                        [
                            149.071484,
                            -35.420941,
                            575.2
                        ],
                        [
                            149.071504,
                            -35.420965,
                            575.2
                        ],
                        [
                            149.071527,
                            -35.420993,
                            575.2
                        ],
                        [
                            149.071551,
                            -35.421012,
                            575.2
                        ],
                        [
                            149.071571,
                            -35.421043,
                            575.4
                        ],
                        [
                            149.071588,
                            -35.421072,
                            575.4
                        ],
                        [
                            149.071603,
                            -35.421093,
                            575.4
                        ],
                        [
                            149.071625,
                            -35.421122,
                            575.4
                        ],
                        [
                            149.071642,
                            -35.42114,
                            575.4
                        ],
                        [
                            149.071662,
                            -35.42115,
                            575.4
                        ],
                        [
                            149.071691,
                            -35.421155,
                            575.4
                        ],
                        [
                            149.071716,
                            -35.42115,
                            575.4
                        ],
                        [
                            149.071737,
                            -35.421142,
                            575.4
                        ],
                        [
                            149.071748,
                            -35.421129,
                            575.4
                        ],
                        [
                            149.071772,
                            -35.421116,
                            575.4
                        ],
                        [
                            149.071798,
                            -35.421101,
                            575.4
                        ],
                        [
                            149.071819,
                            -35.421084,
                            575.4
                        ],
                        [
                            149.071837,
                            -35.421063,
                            575.4
                        ],
                        [
                            149.071851,
                            -35.421037,
                            575.4
                        ],
                        [
                            149.07186,
                            -35.421015,
                            575.4
                        ],
                        [
                            149.071859,
                            -35.420997,
                            575.4
                        ],
                        [
                            149.07187,
                            -35.420973,
                            575.4
                        ],
                        [
                            149.071881,
                            -35.420956,
                            575.4
                        ],
                        [
                            149.071901,
                            -35.420939,
                            575.4
                        ],
                        [
                            149.071929,
                            -35.420929,
                            575.4
                        ],
                        [
                            149.071962,
                            -35.420919,
                            575.4
                        ],
                        [
                            149.071988,
                            -35.420909,
                            575.2
                        ],
                        [
                            149.072015,
                            -35.420897,
                            575.2
                        ],
                        [
                            149.072048,
                            -35.420889,
                            575.0
                        ],
                        [
                            149.072072,
                            -35.42088,
                            574.8
                        ],
                        [
                            149.072099,
                            -35.420875,
                            574.8
                        ],
                        [
                            149.072128,
                            -35.420866,
                            574.6
                        ],
                        [
                            149.072151,
                            -35.420856,
                            574.6
                        ],
                        [
                            149.072173,
                            -35.420845,
                            574.4
                        ],
                        [
                            149.072199,
                            -35.420842,
                            574.4
                        ],
                        [
                            149.072224,
                            -35.420837,
                            574.4
                        ],
                        [
                            149.072254,
                            -35.420828,
                            574.4
                        ],
                        [
                            149.072284,
                            -35.420822,
                            574.4
                        ],
                        [
                            149.072311,
                            -35.420812,
                            574.4
                        ],
                        [
                            149.072343,
                            -35.420806,
                            574.4
                        ],
                        [
                            149.072375,
                            -35.420801,
                            574.4
                        ],
                        [
                            149.072396,
                            -35.420798,
                            574.4
                        ],
                        [
                            149.072431,
                            -35.420793,
                            574.2
                        ],
                        [
                            149.072457,
                            -35.420788,
                            574.2
                        ],
                        [
                            149.072479,
                            -35.420779,
                            574.0
                        ],
                        [
                            149.072514,
                            -35.420773,
                            574.0
                        ],
                        [
                            149.072542,
                            -35.420767,
                            574.0
                        ],
                        [
                            149.072566,
                            -35.420761,
                            574.0
                        ],
                        [
                            149.072595,
                            -35.420751,
                            574.0
                        ],
                        [
                            149.072622,
                            -35.420745,
                            573.8
                        ],
                        [
                            149.072646,
                            -35.420738,
                            573.8
                        ],
                        [
                            149.072678,
                            -35.420733,
                            573.6
                        ],
                        [
                            149.072704,
                            -35.420725,
                            573.6
                        ],
                        [
                            149.072732,
                            -35.420721,
                            573.4
                        ],
                        [
                            149.072762,
                            -35.420712,
                            573.4
                        ],
                        [
                            149.072784,
                            -35.420706,
                            573.4
                        ],
                        [
                            149.072804,
                            -35.420701,
                            573.2
                        ],
                        [
                            149.072833,
                            -35.420699,
                            573.2
                        ],
                        [
                            149.072854,
                            -35.420693,
                            573.2
                        ],
                        [
                            149.072875,
                            -35.420687,
                            573.0
                        ],
                        [
                            149.072905,
                            -35.420681,
                            573.0
                        ],
                        [
                            149.072932,
                            -35.420673,
                            573.0
                        ],
                        [
                            149.072958,
                            -35.420669,
                            573.0
                        ],
                        [
                            149.072987,
                            -35.420667,
                            573.0
                        ],
                        [
                            149.073013,
                            -35.42066,
                            573.0
                        ],
                        [
                            149.073036,
                            -35.420654,
                            573.0
                        ],
                        [
                            149.073064,
                            -35.420652,
                            573.0
                        ],
                        [
                            149.073088,
                            -35.420645,
                            573.0
                        ],
                        [
                            149.073113,
                            -35.420633,
                            573.0
                        ],
                        [
                            149.073136,
                            -35.42062,
                            572.8
                        ],
                        [
                            149.073145,
                            -35.420602,
                            572.6
                        ],
                        [
                            149.073134,
                            -35.420585,
                            572.6
                        ],
                        [
                            149.073119,
                            -35.420559,
                            572.6
                        ],
                        [
                            149.073103,
                            -35.42054,
                            572.4
                        ],
                        [
                            149.073083,
                            -35.420513,
                            572.4
                        ],
                        [
                            149.073065,
                            -35.420488,
                            572.6
                        ],
                        [
                            149.073044,
                            -35.420469,
                            572.6
                        ],
                        [
                            149.073033,
                            -35.42044,
                            572.6
                        ],
                        [
                            149.073017,
                            -35.420408,
                            572.6
                        ],
                        [
                            149.073001,
                            -35.420385,
                            572.6
                        ],
                        [
                            149.072991,
                            -35.420351,
                            572.6
                        ],
                        [
                            149.072984,
                            -35.420322,
                            572.6
                        ],
                        [
                            149.072974,
                            -35.420301,
                            572.6
                        ],
                        [
                            149.072961,
                            -35.420271,
                            572.6
                        ],
                        [
                            149.072955,
                            -35.420248,
                            572.6
                        ],
                        [
                            149.072948,
                            -35.420225,
                            572.6
                        ],
                        [
                            149.072944,
                            -35.420197,
                            572.6
                        ],
                        [
                            149.07294,
                            -35.420176,
                            572.6
                        ],
                        [
                            149.072933,
                            -35.420151,
                            572.6
                        ],
                        [
                            149.072922,
                            -35.420125,
                            572.6
                        ],
                        [
                            149.072913,
                            -35.420109,
                            572.6
                        ],
                        [
                            149.072912,
                            -35.420081,
                            572.6
                        ],
                        [
                            149.072904,
                            -35.420052,
                            572.6
                        ],
                        [
                            149.072889,
                            -35.42003,
                            572.8
                        ],
                        [
                            149.072877,
                            -35.419994,
                            572.8
                        ],
                        [
                            149.072867,
                            -35.419968,
                            573.0
                        ],
                        [
                            149.07286,
                            -35.41994,
                            573.0
                        ],
                        [
                            149.072857,
                            -35.419908,
                            573.2
                        ],
                        [
                            149.072852,
                            -35.419887,
                            573.2
                        ],
                        [
                            149.072866,
                            -35.419856,
                            573.4
                        ],
                        [
                            149.072874,
                            -35.419828,
                            573.4
                        ],
                        [
                            149.072879,
                            -35.419803,
                            573.6
                        ],
                        [
                            149.072894,
                            -35.419768,
                            573.6
                        ],
                        [
                            149.072909,
                            -35.419747,
                            573.6
                        ],
                        [
                            149.072924,
                            -35.419722,
                            573.8
                        ],
                        [
                            149.072938,
                            -35.419693,
                            573.8
                        ],
                        [
                            149.072939,
                            -35.419672,
                            573.8
                        ],
                        [
                            149.072949,
                            -35.41964,
                            573.8
                        ],
                        [
                            149.072952,
                            -35.419615,
                            573.6
                        ],
                        [
                            149.072954,
                            -35.419595,
                            573.6
                        ],
                        [
                            149.072963,
                            -35.419569,
                            573.4
                        ],
                        [
                            149.072968,
                            -35.419546,
                            573.4
                        ],
                        [
                            149.072974,
                            -35.419522,
                            573.4
                        ],
                        [
                            149.072977,
                            -35.419492,
                            573.2
                        ],
                        [
                            149.072971,
                            -35.41947,
                            573.2
                        ],
                        [
                            149.072979,
                            -35.419439,
                            573.0
                        ],
                        [
                            149.072982,
                            -35.419413,
                            572.8
                        ],
                        [
                            149.072977,
                            -35.419391,
                            572.8
                        ],
                        [
                            149.072974,
                            -35.419359,
                            572.8
                        ],
                        [
                            149.072968,
                            -35.419336,
                            572.8
                        ],
                        [
                            149.072965,
                            -35.419311,
                            572.8
                        ],
                        [
                            149.072956,
                            -35.419281,
                            572.8
                        ],
                        [
                            149.072944,
                            -35.419262,
                            572.8
                        ],
                        [
                            149.072944,
                            -35.419235,
                            572.6
                        ],
                        [
                            149.072939,
                            -35.41921,
                            572.6
                        ],
                        [
                            149.072929,
                            -35.419194,
                            572.6
                        ],
                        [
                            149.072916,
                            -35.419168,
                            572.8
                        ],
                        [
                            149.072908,
                            -35.419152,
                            572.8
                        ],
                        [
                            149.072897,
                            -35.41913,
                            572.8
                        ],
                        [
                            149.072882,
                            -35.419106,
                            572.8
                        ],
                        [
                            149.072861,
                            -35.419093,
                            572.8
                        ],
                        [
                            149.072844,
                            -35.419068,
                            572.8
                        ],
                        [
                            149.072828,
                            -35.419042,
                            572.8
                        ],
                        [
                            149.072811,
                            -35.419028,
                            573.0
                        ],
                        [
                            149.072791,
                            -35.419004,
                            573.0
                        ],
                        [
                            149.072776,
                            -35.418983,
                            573.2
                        ],
                        [
                            149.072764,
                            -35.418962,
                            573.2
                        ],
                        [
                            149.072746,
                            -35.418938,
                            573.4
                        ],
                        [
                            149.07273,
                            -35.418919,
                            573.4
                        ],
                        [
                            149.072714,
                            -35.418897,
                            573.4
                        ],
                        [
                            149.072698,
                            -35.418876,
                            573.4
                        ],
                        [
                            149.072683,
                            -35.418862,
                            573.2
                        ],
                        [
                            149.072669,
                            -35.418842,
                            573.2
                        ],
                        [
                            149.072655,
                            -35.418818,
                            573.2
                        ],
                        [
                            149.072634,
                            -35.4188,
                            573.0
                        ],
                        [
                            149.07262,
                            -35.418774,
                            573.0
                        ],
                        [
                            149.072605,
                            -35.418752,
                            572.8
                        ],
                        [
                            149.072591,
                            -35.418733,
                            572.8
                        ],
                        [
                            149.072571,
                            -35.418707,
                            572.6
                        ],
                        [
                            149.072555,
                            -35.41868,
                            572.4
                        ],
                        [
                            149.072536,
                            -35.418659,
                            572.4
                        ],
                        [
                            149.072512,
                            -35.418631,
                            572.4
                        ],
                        [
                            149.072487,
                            -35.41861,
                            572.4
                        ],
                        [
                            149.072455,
                            -35.418588,
                            572.2
                        ],
                        [
                            149.072429,
                            -35.418564,
                            572.2
                        ],
                        [
                            149.072402,
                            -35.418547,
                            572.0
                        ],
                        [
                            149.072371,
                            -35.418524,
                            572.0
                        ],
                        [
                            149.072348,
                            -35.418506,
                            571.8
                        ],
                        [
                            149.07232,
                            -35.418486,
                            571.8
                        ],
                        [
                            149.072291,
                            -35.418464,
                            571.8
                        ],
                        [
                            149.072261,
                            -35.418448,
                            571.8
                        ],
                        [
                            149.072224,
                            -35.418428,
                            571.8
                        ],
                        [
                            149.072193,
                            -35.418415,
                            571.8
                        ],
                        [
                            149.072164,
                            -35.4184,
                            571.8
                        ],
                        [
                            149.072128,
                            -35.418385,
                            571.8
                        ],
                        [
                            149.072103,
                            -35.418373,
                            571.8
                        ],
                        [
                            149.07207,
                            -35.418359,
                            571.8
                        ],
                        [
                            149.07204,
                            -35.418355,
                            571.8
                        ],
                        [
                            149.07201,
                            -35.418354,
                            571.8
                        ],
                        [
                            149.071972,
                            -35.418355,
                            571.8
                        ],
                        [
                            149.071944,
                            -35.418359,
                            571.8
                        ],
                        [
                            149.071902,
                            -35.418356,
                            571.8
                        ],
                        [
                            149.071876,
                            -35.418326,
                            571.8
                        ],
                        [
                            149.07186,
                            -35.4183,
                            571.8
                        ],
                        [
                            149.071859,
                            -35.418262,
                            571.8
                        ],
                        [
                            149.071867,
                            -35.418228,
                            571.8
                        ],
                        [
                            149.071872,
                            -35.418201,
                            571.8
                        ],
                        [
                            149.071879,
                            -35.418164,
                            571.8
                        ],
                        [
                            149.071886,
                            -35.418136,
                            571.6
                        ],
                        [
                            149.071896,
                            -35.418102,
                            571.6
                        ],
                        [
                            149.071905,
                            -35.418069,
                            571.6
                        ],
                        [
                            149.07191,
                            -35.418039,
                            571.6
                        ],
                        [
                            149.071922,
                            -35.418001,
                            571.6
                        ],
                        [
                            149.071932,
                            -35.417968,
                            571.4
                        ],
                        [
                            149.071936,
                            -35.41794,
                            571.4
                        ],
                        [
                            149.071944,
                            -35.417905,
                            571.2
                        ],
                        [
                            149.071948,
                            -35.417878,
                            571.2
                        ],
                        [
                            149.071955,
                            -35.417846,
                            571.0
                        ],
                        [
                            149.071964,
                            -35.417816,
                            571.2
                        ],
                        [
                            149.071969,
                            -35.417793,
                            571.0
                        ],
                        [
                            149.071976,
                            -35.417765,
                            571.2
                        ],
                        [
                            149.071981,
                            -35.417735,
                            571.2
                        ],
                        [
                            149.071987,
                            -35.417707,
                            571.0
                        ],
                        [
                            149.071996,
                            -35.417674,
                            570.8
                        ],
                        [
                            149.071999,
                            -35.417642,
                            570.8
                        ],
                        [
                            149.072008,
                            -35.417614,
                            570.4
                        ],
                        [
                            149.072018,
                            -35.417581,
                            570.2
                        ],
                        [
                            149.072029,
                            -35.41755,
                            570.0
                        ],
                        [
                            149.072036,
                            -35.417512,
                            569.8
                        ],
                        [
                            149.07204,
                            -35.41748,
                            569.8
                        ],
                        [
                            149.072047,
                            -35.417452,
                            569.8
                        ],
                        [
                            149.072055,
                            -35.417415,
                            569.6
                        ],
                        [
                            149.072061,
                            -35.417387,
                            569.6
                        ],
                        [
                            149.072068,
                            -35.417356,
                            569.8
                        ],
                        [
                            149.07208,
                            -35.417324,
                            569.6
                        ],
                        [
                            149.072084,
                            -35.417298,
                            569.6
                        ],
                        [
                            149.072101,
                            -35.417267,
                            569.8
                        ],
                        [
                            149.072109,
                            -35.417239,
                            569.8
                        ],
                        [
                            149.072116,
                            -35.417203,
                            569.8
                        ],
                        [
                            149.072129,
                            -35.417175,
                            569.8
                        ],
                        [
                            149.072137,
                            -35.417149,
                            569.8
                        ],
                        [
                            149.072139,
                            -35.417115,
                            569.8
                        ],
                        [
                            149.072132,
                            -35.417088,
                            569.8
                        ],
                        [
                            149.072118,
                            -35.41706,
                            569.8
                        ],
                        [
                            149.0721,
                            -35.417033,
                            569.8
                        ],
                        [
                            149.072081,
                            -35.417013,
                            569.8
                        ],
                        [
                            149.072061,
                            -35.416985,
                            569.8
                        ],
                        [
                            149.072041,
                            -35.416966,
                            569.8
                        ],
                        [
                            149.072023,
                            -35.416937,
                            569.6
                        ],
                        [
                            149.072005,
                            -35.416909,
                            569.8
                        ],
                        [
                            149.071986,
                            -35.416885,
                            569.8
                        ],
                        [
                            149.071964,
                            -35.416854,
                            569.8
                        ],
                        [
                            149.071946,
                            -35.416829,
                            569.8
                        ],
                        [
                            149.071932,
                            -35.416802,
                            569.6
                        ],
                        [
                            149.071914,
                            -35.416775,
                            569.6
                        ],
                        [
                            149.0719,
                            -35.416753,
                            569.6
                        ],
                        [
                            149.071885,
                            -35.41673,
                            569.6
                        ],
                        [
                            149.071872,
                            -35.416712,
                            569.6
                        ],
                        [
                            149.071857,
                            -35.416694,
                            569.6
                        ],
                        [
                            149.071847,
                            -35.416674,
                            569.6
                        ],
                        [
                            149.071822,
                            -35.416647,
                            569.6
                        ],
                        [
                            149.071798,
                            -35.416609,
                            569.6
                        ],
                        [
                            149.071781,
                            -35.416584,
                            569.6
                        ],
                        [
                            149.071765,
                            -35.416562,
                            569.6
                        ],
                        [
                            149.071744,
                            -35.416536,
                            569.6
                        ],
                        [
                            149.071723,
                            -35.416515,
                            569.8
                        ],
                        [
                            149.071699,
                            -35.416484,
                            569.8
                        ],
                        [
                            149.071681,
                            -35.416456,
                            569.6
                        ],
                        [
                            149.071663,
                            -35.416432,
                            569.6
                        ],
                        [
                            149.071633,
                            -35.416403,
                            569.8
                        ],
                        [
                            149.071613,
                            -35.416388,
                            569.8
                        ],
                        [
                            149.07158,
                            -35.416377,
                            569.8
                        ],
                        [
                            149.071544,
                            -35.416372,
                            569.8
                        ],
                        [
                            149.071512,
                            -35.416373,
                            570.0
                        ],
                        [
                            149.07147,
                            -35.416369,
                            570.0
                        ],
                        [
                            149.071438,
                            -35.416364,
                            570.0
                        ],
                        [
                            149.0714,
                            -35.416349,
                            570.0
                        ],
                        [
                            149.07137,
                            -35.416321,
                            570.0
                        ],
                        [
                            149.071345,
                            -35.4163,
                            569.8
                        ],
                        [
                            149.071323,
                            -35.41627,
                            569.8
                        ],
                        [
                            149.071302,
                            -35.416243,
                            569.8
                        ],
                        [
                            149.071283,
                            -35.416219,
                            569.6
                        ],
                        [
                            149.071264,
                            -35.416192,
                            569.6
                        ],
                        [
                            149.071249,
                            -35.416175,
                            569.6
                        ],
                        [
                            149.071228,
                            -35.416152,
                            569.6
                        ],
                        [
                            149.071211,
                            -35.416126,
                            569.6
                        ],
                        [
                            149.07119,
                            -35.416106,
                            569.6
                        ],
                        [
                            149.071172,
                            -35.416079,
                            569.6
                        ],
                        [
                            149.071153,
                            -35.416061,
                            569.4
                        ],
                        [
                            149.071133,
                            -35.416037,
                            569.4
                        ],
                        [
                            149.071116,
                            -35.41601,
                            569.4
                        ],
                        [
                            149.071099,
                            -35.415992,
                            569.4
                        ],
                        [
                            149.071082,
                            -35.415961,
                            569.4
                        ],
                        [
                            149.071064,
                            -35.415937,
                            569.4
                        ],
                        [
                            149.071048,
                            -35.415911,
                            569.4
                        ],
                        [
                            149.071025,
                            -35.415883,
                            569.4
                        ],
                        [
                            149.071004,
                            -35.41586,
                            569.4
                        ],
                        [
                            149.070982,
                            -35.415832,
                            569.4
                        ],
                        [
                            149.070963,
                            -35.415804,
                            569.6
                        ],
                        [
                            149.070941,
                            -35.415775,
                            569.6
                        ],
                        [
                            149.070916,
                            -35.415739,
                            569.6
                        ],
                        [
                            149.070891,
                            -35.415718,
                            569.6
                        ],
                        [
                            149.070863,
                            -35.415686,
                            569.6
                        ],
                        [
                            149.070849,
                            -35.415659,
                            569.6
                        ],
                        [
                            149.070831,
                            -35.415635,
                            569.4
                        ],
                        [
                            149.070815,
                            -35.415602,
                            569.4
                        ],
                        [
                            149.070795,
                            -35.41558,
                            569.4
                        ],
                        [
                            149.07077,
                            -35.415552,
                            569.6
                        ],
                        [
                            149.070749,
                            -35.415525,
                            569.6
                        ],
                        [
                            149.070735,
                            -35.415508,
                            569.6
                        ],
                        [
                            149.070715,
                            -35.415475,
                            569.6
                        ],
                        [
                            149.070693,
                            -35.415453,
                            569.6
                        ],
                        [
                            149.070668,
                            -35.415426,
                            569.6
                        ],
                        [
                            149.070653,
                            -35.415399,
                            569.6
                        ],
                        [
                            149.070634,
                            -35.415378,
                            569.6
                        ],
                        [
                            149.070613,
                            -35.415345,
                            569.6
                        ],
                        [
                            149.070599,
                            -35.415324,
                            569.6
                        ],
                        [
                            149.070582,
                            -35.415297,
                            569.6
                        ],
                        [
                            149.070568,
                            -35.41527,
                            569.6
                        ],
                        [
                            149.070554,
                            -35.415245,
                            569.6
                        ],
                        [
                            149.070538,
                            -35.415218,
                            569.6
                        ],
                        [
                            149.070514,
                            -35.415197,
                            569.6
                        ],
                        [
                            149.070489,
                            -35.415178,
                            569.6
                        ],
                        [
                            149.070462,
                            -35.415161,
                            569.6
                        ],
                        [
                            149.070436,
                            -35.415144,
                            569.6
                        ],
                        [
                            149.070402,
                            -35.415129,
                            569.8
                        ],
                        [
                            149.070367,
                            -35.415118,
                            569.8
                        ],
                        [
                            149.070329,
                            -35.415109,
                            569.8
                        ],
                        [
                            149.070294,
                            -35.415101,
                            569.8
                        ],
                        [
                            149.070261,
                            -35.415095,
                            570.0
                        ],
                        [
                            149.070217,
                            -35.415093,
                            570.0
                        ],
                        [
                            149.07018,
                            -35.415092,
                            570.0
                        ],
                        [
                            149.070143,
                            -35.415098,
                            570.0
                        ],
                        [
                            149.0701,
                            -35.415103,
                            570.0
                        ],
                        [
                            149.070067,
                            -35.415112,
                            569.8
                        ],
                        [
                            149.070026,
                            -35.415125,
                            569.8
                        ],
                        [
                            149.069989,
                            -35.415138,
                            569.8
                        ],
                        [
                            149.069958,
                            -35.415151,
                            569.8
                        ],
                        [
                            149.069915,
                            -35.415159,
                            569.8
                        ],
                        [
                            149.069882,
                            -35.415153,
                            569.6
                        ],
                        [
                            149.069855,
                            -35.415139,
                            569.6
                        ],
                        [
                            149.069831,
                            -35.415113,
                            569.6
                        ],
                        [
                            149.06981,
                            -35.415092,
                            569.6
                        ],
                        [
                            149.069782,
                            -35.415068,
                            569.6
                        ],
                        [
                            149.069762,
                            -35.415045,
                            569.6
                        ],
                        [
                            149.06974,
                            -35.415015,
                            569.4
                        ],
                        [
                            149.069721,
                            -35.414986,
                            569.4
                        ],
                        [
                            149.069702,
                            -35.41496,
                            569.4
                        ],
                        [
                            149.069676,
                            -35.414939,
                            569.4
                        ],
                        [
                            149.069655,
                            -35.414935,
                            569.4
                        ],
                        [
                            149.069615,
                            -35.414941,
                            569.4
                        ],
                        [
                            149.069578,
                            -35.414956,
                            569.4
                        ],
                        [
                            149.069554,
                            -35.414966,
                            569.4
                        ],
                        [
                            149.069516,
                            -35.414986,
                            569.4
                        ],
                        [
                            149.069484,
                            -35.414998,
                            569.4
                        ],
                        [
                            149.069453,
                            -35.415012,
                            569.6
                        ],
                        [
                            149.069423,
                            -35.415011,
                            569.6
                        ],
                        [
                            149.069394,
                            -35.414995,
                            569.6
                        ],
                        [
                            149.069378,
                            -35.414969,
                            569.6
                        ],
                        [
                            149.06936,
                            -35.414942,
                            569.6
                        ],
                        [
                            149.069337,
                            -35.414919,
                            569.6
                        ],
                        [
                            149.069308,
                            -35.414886,
                            569.6
                        ],
                        [
                            149.069283,
                            -35.414861,
                            569.6
                        ],
                        [
                            149.069255,
                            -35.414831,
                            569.6
                        ],
                        [
                            149.069233,
                            -35.414807,
                            569.6
                        ],
                        [
                            149.069207,
                            -35.414787,
                            569.6
                        ],
                        [
                            149.06918,
                            -35.414756,
                            569.6
                        ],
                        [
                            149.069175,
                            -35.414735,
                            569.6
                        ],
                        [
                            149.069168,
                            -35.414707,
                            569.6
                        ],
                        [
                            149.06917,
                            -35.414682,
                            569.6
                        ],
                        [
                            149.06917,
                            -35.414663,
                            569.6
                        ],
                        [
                            149.069173,
                            -35.41464,
                            569.6
                        ],
                        [
                            149.069177,
                            -35.414617,
                            569.6
                        ],
                        [
                            149.069178,
                            -35.414588,
                            569.4
                        ],
                        [
                            149.069188,
                            -35.414555,
                            569.4
                        ],
                        [
                            149.069197,
                            -35.414527,
                            569.4
                        ],
                        [
                            149.069209,
                            -35.414486,
                            569.6
                        ],
                        [
                            149.06922,
                            -35.414454,
                            569.6
                        ],
                        [
                            149.06922,
                            -35.414426,
                            569.6
                        ],
                        [
                            149.06921,
                            -35.414395,
                            569.4
                        ],
                        [
                            149.069201,
                            -35.414368,
                            569.4
                        ],
                        [
                            149.069208,
                            -35.414333,
                            569.2
                        ],
                        [
                            149.069219,
                            -35.414302,
                            569.4
                        ],
                        [
                            149.069229,
                            -35.414273,
                            569.4
                        ],
                        [
                            149.069249,
                            -35.414242,
                            569.6
                        ],
                        [
                            149.069263,
                            -35.414218,
                            569.8
                        ],
                        [
                            149.069272,
                            -35.414187,
                            569.8
                        ],
                        [
                            149.069282,
                            -35.414156,
                            569.6
                        ],
                        [
                            149.069286,
                            -35.414129,
                            569.6
                        ],
                        [
                            149.069299,
                            -35.414088,
                            569.4
                        ],
                        [
                            149.069305,
                            -35.414059,
                            569.4
                        ],
                        [
                            149.069317,
                            -35.414029,
                            569.4
                        ],
                        [
                            149.06933,
                            -35.414,
                            569.4
                        ],
                        [
                            149.069333,
                            -35.413976,
                            569.4
                        ],
                        [
                            149.069346,
                            -35.413945,
                            569.4
                        ],
                        [
                            149.069355,
                            -35.413921,
                            569.4
                        ],
                        [
                            149.069364,
                            -35.413895,
                            569.4
                        ],
                        [
                            149.069384,
                            -35.41386,
                            569.4
                        ],
                        [
                            149.069388,
                            -35.413835,
                            569.4
                        ],
                        [
                            149.069394,
                            -35.413808,
                            569.4
                        ],
                        [
                            149.069392,
                            -35.413776,
                            569.4
                        ],
                        [
                            149.069383,
                            -35.413757,
                            569.4
                        ],
                        [
                            149.069366,
                            -35.413726,
                            569.4
                        ],
                        [
                            149.06935,
                            -35.413706,
                            569.4
                        ],
                        [
                            149.069329,
                            -35.413681,
                            569.4
                        ],
                        [
                            149.069306,
                            -35.413651,
                            569.4
                        ],
                        [
                            149.069286,
                            -35.41363,
                            569.4
                        ],
                        [
                            149.069263,
                            -35.413599,
                            569.4
                        ],
                        [
                            149.069246,
                            -35.413575,
                            569.4
                        ],
                        [
                            149.069227,
                            -35.413557,
                            569.4
                        ],
                        [
                            149.069205,
                            -35.413529,
                            569.4
                        ],
                        [
                            149.069186,
                            -35.413509,
                            569.4
                        ],
                        [
                            149.069165,
                            -35.413483,
                            569.4
                        ],
                        [
                            149.069146,
                            -35.413453,
                            569.4
                        ],
                        [
                            149.06913,
                            -35.41343,
                            569.4
                        ],
                        [
                            149.069111,
                            -35.413395,
                            569.4
                        ],
                        [
                            149.069097,
                            -35.413373,
                            569.4
                        ],
                        [
                            149.069081,
                            -35.413346,
                            569.4
                        ],
                        [
                            149.069067,
                            -35.413317,
                            569.4
                        ],
                        [
                            149.069044,
                            -35.413296,
                            569.6
                        ],
                        [
                            149.069005,
                            -35.413278,
                            569.6
                        ],
                        [
                            149.068972,
                            -35.413265,
                            569.6
                        ],
                        [
                            149.068941,
                            -35.413254,
                            569.6
                        ],
                        [
                            149.068916,
                            -35.413234,
                            569.6
                        ],
                        [
                            149.068896,
                            -35.413217,
                            569.6
                        ],
                        [
                            149.068874,
                            -35.413194,
                            569.6
                        ],
                        [
                            149.068859,
                            -35.413166,
                            569.6
                        ],
                        [
                            149.06884,
                            -35.413142,
                            569.6
                        ],
                        [
                            149.068821,
                            -35.413107,
                            569.6
                        ],
                        [
                            149.068799,
                            -35.413087,
                            569.6
                        ],
                        [
                            149.06878,
                            -35.413059,
                            569.6
                        ],
                        [
                            149.068765,
                            -35.41303,
                            569.6
                        ],
                        [
                            149.068754,
                            -35.413006,
                            569.6
                        ],
                        [
                            149.068754,
                            -35.41297,
                            569.6
                        ],
                        [
                            149.068753,
                            -35.412939,
                            569.6
                        ],
                        [
                            149.068751,
                            -35.412905,
                            569.6
                        ],
                        [
                            149.068737,
                            -35.412875,
                            569.4
                        ],
                        [
                            149.068717,
                            -35.412852,
                            569.4
                        ],
                        [
                            149.068699,
                            -35.412825,
                            569.4
                        ],
                        [
                            149.068675,
                            -35.412807,
                            569.4
                        ],
                        [
                            149.068661,
                            -35.41278,
                            569.4
                        ],
                        [
                            149.068643,
                            -35.412755,
                            569.4
                        ],
                        [
                            149.06862,
                            -35.412732,
                            569.6
                        ],
                        [
                            149.068599,
                            -35.412704,
                            569.6
                        ],
                        [
                            149.068574,
                            -35.412681,
                            569.6
                        ],
                        [
                            149.068557,
                            -35.412653,
                            569.6
                        ],
                        [
                            149.068541,
                            -35.412624,
                            569.6
                        ],
                        [
                            149.06852,
                            -35.412601,
                            569.4
                        ],
                        [
                            149.0685,
                            -35.412571,
                            569.4
                        ],
                        [
                            149.068476,
                            -35.412552,
                            569.4
                        ],
                        [
                            149.068443,
                            -35.412532,
                            569.4
                        ],
                        [
                            149.068409,
                            -35.41252,
                            569.4
                        ],
                        [
                            149.068378,
                            -35.412513,
                            569.4
                        ],
                        [
                            149.068339,
                            -35.412503,
                            569.4
                        ],
                        [
                            149.068309,
                            -35.412491,
                            569.4
                        ],
                        [
                            149.068278,
                            -35.41247,
                            569.4
                        ],
                        [
                            149.068254,
                            -35.412446,
                            569.4
                        ],
                        [
                            149.068232,
                            -35.412427,
                            569.4
                        ],
                        [
                            149.068212,
                            -35.412399,
                            569.4
                        ],
                        [
                            149.068198,
                            -35.412372,
                            569.4
                        ],
                        [
                            149.068177,
                            -35.412347,
                            569.4
                        ],
                        [
                            149.068164,
                            -35.412322,
                            569.4
                        ],
                        [
                            149.068149,
                            -35.412306,
                            569.4
                        ],
                        [
                            149.068137,
                            -35.412281,
                            569.4
                        ],
                        [
                            149.068123,
                            -35.412263,
                            569.4
                        ],
                        [
                            149.068111,
                            -35.412241,
                            569.4
                        ],
                        [
                            149.068095,
                            -35.412211,
                            569.4
                        ],
                        [
                            149.068073,
                            -35.412191,
                            569.4
                        ],
                        [
                            149.068043,
                            -35.412164,
                            569.4
                        ],
                        [
                            149.068015,
                            -35.412144,
                            569.4
                        ],
                        [
                            149.067987,
                            -35.412124,
                            569.4
                        ],
                        [
                            149.067964,
                            -35.412095,
                            569.4
                        ],
                        [
                            149.067944,
                            -35.412074,
                            569.4
                        ],
                        [
                            149.067919,
                            -35.412048,
                            569.4
                        ],
                        [
                            149.067898,
                            -35.412019,
                            569.4
                        ],
                        [
                            149.067872,
                            -35.411996,
                            569.4
                        ],
                        [
                            149.067848,
                            -35.411962,
                            569.4
                        ],
                        [
                            149.067827,
                            -35.411938,
                            569.4
                        ],
                        [
                            149.067807,
                            -35.411913,
                            569.4
                        ],
                        [
                            149.067788,
                            -35.411882,
                            569.4
                        ],
                        [
                            149.067771,
                            -35.411857,
                            569.4
                        ],
                        [
                            149.067758,
                            -35.411828,
                            569.4
                        ],
                        [
                            149.067746,
                            -35.411804,
                            569.4
                        ],
                        [
                            149.067732,
                            -35.41178,
                            569.4
                        ],
                        [
                            149.067714,
                            -35.411749,
                            569.2
                        ],
                        [
                            149.067697,
                            -35.411727,
                            569.2
                        ],
                        [
                            149.067668,
                            -35.411702,
                            569.2
                        ],
                        [
                            149.06764,
                            -35.411682,
                            569.2
                        ],
                        [
                            149.06761,
                            -35.411669,
                            569.2
                        ],
                        [
                            149.067568,
                            -35.411659,
                            569.2
                        ],
                        [
                            149.067535,
                            -35.411656,
                            569.4
                        ],
                        [
                            149.067494,
                            -35.41166,
                            569.4
                        ],
                        [
                            149.067456,
                            -35.411664,
                            569.4
                        ],
                        [
                            149.067424,
                            -35.411676,
                            569.6
                        ],
                        [
                            149.067384,
                            -35.411685,
                            569.6
                        ],
                        [
                            149.067351,
                            -35.411692,
                            569.8
                        ],
                        [
                            149.067314,
                            -35.411703,
                            570.0
                        ],
                        [
                            149.067277,
                            -35.411712,
                            570.2
                        ],
                        [
                            149.067244,
                            -35.411718,
                            570.2
                        ],
                        [
                            149.0672,
                            -35.411721,
                            570.4
                        ],
                        [
                            149.06717,
                            -35.411731,
                            570.6
                        ],
                        [
                            149.067124,
                            -35.411733,
                            570.6
                        ],
                        [
                            149.067086,
                            -35.411735,
                            570.8
                        ],
                        [
                            149.06705,
                            -35.411733,
                            571.0
                        ],
                        [
                            149.067013,
                            -35.411722,
                            571.2
                        ],
                        [
                            149.066974,
                            -35.41172,
                            571.4
                        ],
                        [
                            149.066934,
                            -35.411707,
                            571.6
                        ],
                        [
                            149.066905,
                            -35.411694,
                            571.6
                        ],
                        [
                            149.066879,
                            -35.411682,
                            571.8
                        ],
                        [
                            149.066844,
                            -35.411669,
                            571.8
                        ],
                        [
                            149.066815,
                            -35.411666,
                            571.6
                        ],
                        [
                            149.066782,
                            -35.411658,
                            571.6
                        ],
                        [
                            149.066745,
                            -35.411645,
                            571.4
                        ],
                        [
                            149.066715,
                            -35.411641,
                            571.4
                        ],
                        [
                            149.06667,
                            -35.411632,
                            571.2
                        ],
                        [
                            149.06663,
                            -35.411625,
                            571.2
                        ],
                        [
                            149.066595,
                            -35.411625,
                            571.0
                        ],
                        [
                            149.066554,
                            -35.411617,
                            570.8
                        ],
                        [
                            149.06652,
                            -35.411619,
                            570.8
                        ],
                        [
                            149.066476,
                            -35.411617,
                            570.8
                        ],
                        [
                            149.066441,
                            -35.411608,
                            570.8
                        ],
                        [
                            149.066407,
                            -35.4116,
                            570.8
                        ],
                        [
                            149.066373,
                            -35.411578,
                            570.8
                        ],
                        [
                            149.066343,
                            -35.411563,
                            570.8
                        ],
                        [
                            149.066308,
                            -35.411543,
                            570.8
                        ],
                        [
                            149.066278,
                            -35.411519,
                            570.8
                        ],
                        [
                            149.066249,
                            -35.411506,
                            570.8
                        ],
                        [
                            149.066208,
                            -35.411492,
                            570.8
                        ],
                        [
                            149.066175,
                            -35.411482,
                            570.8
                        ],
                        [
                            149.066137,
                            -35.411473,
                            570.8
                        ],
                        [
                            149.066104,
                            -35.411467,
                            570.8
                        ],
                        [
                            149.066073,
                            -35.411465,
                            570.8
                        ],
                        [
                            149.066035,
                            -35.411456,
                            570.8
                        ],
                        [
                            149.066004,
                            -35.411456,
                            570.6
                        ],
                        [
                            149.065972,
                            -35.411449,
                            570.6
                        ],
                        [
                            149.065929,
                            -35.411442,
                            570.6
                        ],
                        [
                            149.065894,
                            -35.411434,
                            570.6
                        ],
                        [
                            149.065849,
                            -35.411421,
                            570.6
                        ],
                        [
                            149.065816,
                            -35.411408,
                            570.6
                        ],
                        [
                            149.065779,
                            -35.411396,
                            570.6
                        ],
                        [
                            149.065746,
                            -35.411381,
                            570.6
                        ],
                        [
                            149.065719,
                            -35.411369,
                            570.6
                        ],
                        [
                            149.065688,
                            -35.411353,
                            570.6
                        ],
                        [
                            149.065658,
                            -35.411341,
                            570.6
                        ],
                        [
                            149.06563,
                            -35.411331,
                            570.6
                        ],
                        [
                            149.065597,
                            -35.41132,
                            570.6
                        ],
                        [
                            149.065573,
                            -35.411314,
                            570.6
                        ],
                        [
                            149.065535,
                            -35.411306,
                            570.6
                        ],
                        [
                            149.065506,
                            -35.411302,
                            570.6
                        ],
                        [
                            149.065472,
                            -35.411294,
                            570.6
                        ],
                        [
                            149.06543,
                            -35.411279,
                            570.6
                        ],
                        [
                            149.065391,
                            -35.41127,
                            570.6
                        ],
                        [
                            149.065348,
                            -35.41126,
                            570.6
                        ],
                        [
                            149.065309,
                            -35.411247,
                            570.6
                        ],
                        [
                            149.065277,
                            -35.41124,
                            570.6
                        ],
                        [
                            149.065238,
                            -35.411232,
                            570.6
                        ],
                        [
                            149.065205,
                            -35.411229,
                            570.6
                        ],
                        [
                            149.065169,
                            -35.411227,
                            570.6
                        ],
                        [
                            149.065134,
                            -35.41122,
                            570.6
                        ],
                        [
                            149.065102,
                            -35.411217,
                            570.8
                        ],
                        [
                            149.065062,
                            -35.411212,
                            570.8
                        ],
                        [
                            149.065031,
                            -35.411214,
                            570.6
                        ],
                        [
                            149.064991,
                            -35.411211,
                            570.6
                        ],
                        [
                            149.064955,
                            -35.411203,
                            570.6
                        ],
                        [
                            149.064923,
                            -35.411203,
                            570.6
                        ],
                        [
                            149.064882,
                            -35.411195,
                            570.6
                        ],
                        [
                            149.064848,
                            -35.411202,
                            570.8
                        ],
                        [
                            149.064804,
                            -35.411199,
                            570.6
                        ],
                        [
                            149.064763,
                            -35.411194,
                            570.6
                        ],
                        [
                            149.064728,
                            -35.411193,
                            570.6
                        ],
                        [
                            149.064685,
                            -35.411185,
                            570.6
                        ],
                        [
                            149.064653,
                            -35.411179,
                            570.6
                        ],
                        [
                            149.064616,
                            -35.411169,
                            570.6
                        ],
                        [
                            149.064582,
                            -35.411158,
                            570.6
                        ],
                        [
                            149.064551,
                            -35.411154,
                            570.6
                        ],
                        [
                            149.064511,
                            -35.411143,
                            570.6
                        ],
                        [
                            149.064488,
                            -35.411126,
                            570.6
                        ],
                        [
                            149.064456,
                            -35.411108,
                            570.8
                        ],
                        [
                            149.064428,
                            -35.411088,
                            570.8
                        ],
                        [
                            149.064399,
                            -35.411071,
                            570.8
                        ],
                        [
                            149.064365,
                            -35.411047,
                            570.8
                        ],
                        [
                            149.064347,
                            -35.411022,
                            570.8
                        ],
                        [
                            149.064332,
                            -35.410997,
                            570.8
                        ],
                        [
                            149.064329,
                            -35.410966,
                            570.8
                        ],
                        [
                            149.064321,
                            -35.410945,
                            570.8
                        ],
                        [
                            149.064317,
                            -35.410916,
                            570.8
                        ],
                        [
                            149.064321,
                            -35.410891,
                            570.8
                        ],
                        [
                            149.064319,
                            -35.410864,
                            571.0
                        ],
                        [
                            149.064324,
                            -35.410828,
                            571.0
                        ],
                        [
                            149.064317,
                            -35.410799,
                            571.0
                        ],
                        [
                            149.064315,
                            -35.410767,
                            571.0
                        ],
                        [
                            149.064307,
                            -35.410737,
                            571.2
                        ],
                        [
                            149.064293,
                            -35.410716,
                            571.2
                        ],
                        [
                            149.064272,
                            -35.410686,
                            571.2
                        ],
                        [
                            149.064252,
                            -35.410669,
                            571.4
                        ],
                        [
                            149.064229,
                            -35.410645,
                            571.4
                        ],
                        [
                            149.06421,
                            -35.410618,
                            571.4
                        ],
                        [
                            149.064189,
                            -35.410597,
                            571.6
                        ],
                        [
                            149.064169,
                            -35.410571,
                            571.6
                        ],
                        [
                            149.064148,
                            -35.410549,
                            571.6
                        ],
                        [
                            149.06413,
                            -35.410521,
                            571.6
                        ],
                        [
                            149.064111,
                            -35.410493,
                            571.8
                        ],
                        [
                            149.064092,
                            -35.410467,
                            571.8
                        ],
                        [
                            149.064073,
                            -35.410433,
                            572.0
                        ],
                        [
                            149.064051,
                            -35.410405,
                            572.0
                        ],
                        [
                            149.064032,
                            -35.410376,
                            572.2
                        ],
                        [
                            149.064012,
                            -35.410345,
                            572.2
                        ],
                        [
                            149.063985,
                            -35.410326,
                            572.2
                        ],
                        [
                            149.063957,
                            -35.410305,
                            572.2
                        ],
                        [
                            149.063934,
                            -35.410282,
                            572.2
                        ],
                        [
                            149.063911,
                            -35.410261,
                            572.2
                        ],
                        [
                            149.063878,
                            -35.410242,
                            572.0
                        ],
                        [
                            149.063845,
                            -35.410232,
                            572.0
                        ],
                        [
                            149.063809,
                            -35.410224,
                            571.8
                        ],
                        [
                            149.063775,
                            -35.410218,
                            571.8
                        ],
                        [
                            149.063745,
                            -35.410213,
                            571.8
                        ],
                        [
                            149.063706,
                            -35.410206,
                            571.6
                        ],
                        [
                            149.063673,
                            -35.4102,
                            571.6
                        ],
                        [
                            149.063638,
                            -35.410192,
                            571.4
                        ],
                        [
                            149.0636,
                            -35.410183,
                            571.4
                        ],
                        [
                            149.063567,
                            -35.410176,
                            571.2
                        ],
                        [
                            149.063529,
                            -35.410164,
                            571.2
                        ],
                        [
                            149.063497,
                            -35.410155,
                            571.0
                        ],
                        [
                            149.063463,
                            -35.410147,
                            571.0
                        ],
                        [
                            149.063421,
                            -35.41014,
                            571.0
                        ],
                        [
                            149.063389,
                            -35.410132,
                            571.0
                        ],
                        [
                            149.063353,
                            -35.410124,
                            571.0
                        ],
                        [
                            149.063322,
                            -35.410114,
                            571.2
                        ],
                        [
                            149.063284,
                            -35.410108,
                            571.2
                        ],
                        [
                            149.063244,
                            -35.410096,
                            571.2
                        ],
                        [
                            149.063211,
                            -35.410089,
                            571.2
                        ],
                        [
                            149.063171,
                            -35.410076,
                            571.4
                        ],
                        [
                            149.06314,
                            -35.410069,
                            571.4
                        ],
                        [
                            149.063106,
                            -35.41006,
                            571.4
                        ],
                        [
                            149.063071,
                            -35.410046,
                            571.4
                        ],
                        [
                            149.063038,
                            -35.410037,
                            571.6
                        ],
                        [
                            149.063,
                            -35.410022,
                            571.6
                        ],
                        [
                            149.062968,
                            -35.410008,
                            571.6
                        ],
                        [
                            149.062936,
                            -35.409993,
                            571.6
                        ],
                        [
                            149.062896,
                            -35.409975,
                            571.8
                        ],
                        [
                            149.062867,
                            -35.409959,
                            571.8
                        ],
                        [
                            149.062834,
                            -35.409931,
                            571.8
                        ],
                        [
                            149.062813,
                            -35.409902,
                            571.8
                        ],
                        [
                            149.062793,
                            -35.409883,
                            571.8
                        ],
                        [
                            149.062778,
                            -35.409853,
                            572.0
                        ],
                        [
                            149.062764,
                            -35.409831,
                            572.0
                        ],
                        [
                            149.062753,
                            -35.409801,
                            572.0
                        ],
                        [
                            149.062747,
                            -35.409774,
                            572.2
                        ],
                        [
                            149.062742,
                            -35.409752,
                            572.4
                        ],
                        [
                            149.062739,
                            -35.409715,
                            572.4
                        ],
                        [
                            149.062739,
                            -35.409685,
                            572.6
                        ],
                        [
                            149.062738,
                            -35.409647,
                            572.8
                        ],
                        [
                            149.062746,
                            -35.40961,
                            572.8
                        ],
                        [
                            149.062749,
                            -35.409583,
                            572.8
                        ],
                        [
                            149.062763,
                            -35.409552,
                            573.0
                        ],
                        [
                            149.062771,
                            -35.409526,
                            573.0
                        ],
                        [
                            149.062786,
                            -35.409498,
                            573.0
                        ],
                        [
                            149.062805,
                            -35.409469,
                            573.0
                        ],
                        [
                            149.062815,
                            -35.409443,
                            573.2
                        ],
                        [
                            149.062831,
                            -35.409413,
                            573.2
                        ],
                        [
                            149.062847,
                            -35.409387,
                            573.0
                        ],
                        [
                            149.062865,
                            -35.409361,
                            573.0
                        ],
                        [
                            149.062887,
                            -35.409326,
                            573.0
                        ],
                        [
                            149.062898,
                            -35.409304,
                            573.0
                        ],
                        [
                            149.062918,
                            -35.40927,
                            573.0
                        ],
                        [
                            149.062933,
                            -35.409252,
                            573.2
                        ],
                        [
                            149.062951,
                            -35.409226,
                            573.2
                        ],
                        [
                            149.06297,
                            -35.409201,
                            573.0
                        ],
                        [
                            149.062981,
                            -35.409178,
                            573.0
                        ],
                        [
                            149.063005,
                            -35.409145,
                            573.0
                        ],
                        [
                            149.063022,
                            -35.409122,
                            573.0
                        ],
                        [
                            149.06304,
                            -35.4091,
                            573.0
                        ],
                        [
                            149.06306,
                            -35.409072,
                            573.0
                        ],
                        [
                            149.063073,
                            -35.40905,
                            573.0
                        ],
                        [
                            149.063093,
                            -35.409021,
                            573.0
                        ],
                        [
                            149.063107,
                            -35.408997,
                            573.2
                        ],
                        [
                            149.063117,
                            -35.408972,
                            573.2
                        ],
                        [
                            149.06314,
                            -35.408938,
                            573.2
                        ],
                        [
                            149.063148,
                            -35.408914,
                            573.2
                        ],
                        [
                            149.063165,
                            -35.408882,
                            573.2
                        ],
                        [
                            149.06318,
                            -35.408858,
                            573.4
                        ],
                        [
                            149.063194,
                            -35.408835,
                            573.4
                        ],
                        [
                            149.063212,
                            -35.408803,
                            573.4
                        ],
                        [
                            149.063223,
                            -35.408784,
                            573.4
                        ],
                        [
                            149.063239,
                            -35.408755,
                            573.4
                        ],
                        [
                            149.063256,
                            -35.408729,
                            573.4
                        ],
                        [
                            149.063269,
                            -35.408706,
                            573.4
                        ],
                        [
                            149.063291,
                            -35.408675,
                            573.4
                        ],
                        [
                            149.063305,
                            -35.408653,
                            573.4
                        ],
                        [
                            149.06332,
                            -35.408627,
                            573.6
                        ],
                        [
                            149.063339,
                            -35.408599,
                            573.6
                        ],
                        [
                            149.063349,
                            -35.408576,
                            573.6
                        ],
                        [
                            149.063372,
                            -35.408548,
                            573.6
                        ],
                        [
                            149.063382,
                            -35.408526,
                            573.6
                        ],
                        [
                            149.063394,
                            -35.408498,
                            573.6
                        ],
                        [
                            149.06341,
                            -35.408466,
                            573.6
                        ],
                        [
                            149.063424,
                            -35.408442,
                            573.6
                        ],
                        [
                            149.063444,
                            -35.408408,
                            573.6
                        ],
                        [
                            149.063458,
                            -35.40838,
                            573.6
                        ],
                        [
                            149.063472,
                            -35.408359,
                            573.8
                        ],
                        [
                            149.063494,
                            -35.408328,
                            573.8
                        ],
                        [
                            149.063509,
                            -35.408306,
                            573.8
                        ],
                        [
                            149.063524,
                            -35.40828,
                            573.8
                        ],
                        [
                            149.063547,
                            -35.40825,
                            573.6
                        ],
                        [
                            149.063562,
                            -35.408228,
                            573.4
                        ],
                        [
                            149.063586,
                            -35.408199,
                            573.2
                        ],
                        [
                            149.063605,
                            -35.40817,
                            573.2
                        ],
                        [
                            149.063614,
                            -35.408145,
                            573.0
                        ],
                        [
                            149.063635,
                            -35.40811,
                            573.0
                        ],
                        [
                            149.063646,
                            -35.408087,
                            573.0
                        ],
                        [
                            149.063662,
                            -35.408059,
                            572.8
                        ],
                        [
                            149.063676,
                            -35.408033,
                            572.8
                        ],
                        [
                            149.063682,
                            -35.408009,
                            572.8
                        ],
                        [
                            149.0637,
                            -35.407973,
                            572.8
                        ],
                        [
                            149.063712,
                            -35.40795,
                            572.8
                        ],
                        [
                            149.063725,
                            -35.407922,
                            572.8
                        ],
                        [
                            149.063743,
                            -35.407893,
                            572.8
                        ],
                        [
                            149.063748,
                            -35.407868,
                            572.8
                        ],
                        [
                            149.063765,
                            -35.407836,
                            572.8
                        ],
                        [
                            149.063778,
                            -35.407814,
                            572.8
                        ],
                        [
                            149.06379,
                            -35.407789,
                            573.0
                        ],
                        [
                            149.063808,
                            -35.407761,
                            573.0
                        ],
                        [
                            149.063812,
                            -35.407733,
                            573.0
                        ],
                        [
                            149.063829,
                            -35.407698,
                            573.0
                        ],
                        [
                            149.063844,
                            -35.407674,
                            573.0
                        ],
                        [
                            149.063853,
                            -35.407647,
                            573.0
                        ],
                        [
                            149.063872,
                            -35.40762,
                            573.0
                        ],
                        [
                            149.063883,
                            -35.407592,
                            573.0
                        ],
                        [
                            149.063902,
                            -35.40756,
                            573.0
                        ],
                        [
                            149.063917,
                            -35.407533,
                            573.0
                        ],
                        [
                            149.063926,
                            -35.407508,
                            573.0
                        ],
                        [
                            149.063947,
                            -35.407476,
                            573.0
                        ],
                        [
                            149.063955,
                            -35.407452,
                            573.0
                        ],
                        [
                            149.063972,
                            -35.407422,
                            573.0
                        ],
                        [
                            149.063987,
                            -35.407398,
                            573.0
                        ],
                        [
                            149.063992,
                            -35.407373,
                            573.0
                        ],
                        [
                            149.064009,
                            -35.407337,
                            573.0
                        ],
                        [
                            149.064017,
                            -35.407314,
                            573.0
                        ],
                        [
                            149.064035,
                            -35.407284,
                            573.0
                        ],
                        [
                            149.064053,
                            -35.40726,
                            573.0
                        ],
                        [
                            149.064061,
                            -35.407236,
                            573.0
                        ],
                        [
                            149.064077,
                            -35.4072,
                            573.0
                        ],
                        [
                            149.064086,
                            -35.407176,
                            573.0
                        ],
                        [
                            149.064101,
                            -35.40715,
                            573.0
                        ],
                        [
                            149.064121,
                            -35.407126,
                            573.0
                        ],
                        [
                            149.064128,
                            -35.407101,
                            573.0
                        ],
                        [
                            149.064147,
                            -35.407067,
                            573.0
                        ],
                        [
                            149.06416,
                            -35.407041,
                            573.0
                        ],
                        [
                            149.064173,
                            -35.407008,
                            573.0
                        ],
                        [
                            149.064192,
                            -35.40698,
                            573.0
                        ],
                        [
                            149.064199,
                            -35.406955,
                            573.0
                        ],
                        [
                            149.064216,
                            -35.406921,
                            573.0
                        ],
                        [
                            149.064221,
                            -35.406894,
                            573.0
                        ],
                        [
                            149.064234,
                            -35.406865,
                            573.0
                        ],
                        [
                            149.06425,
                            -35.406833,
                            573.0
                        ],
                        [
                            149.064259,
                            -35.406809,
                            573.0
                        ],
                        [
                            149.064272,
                            -35.406774,
                            573.0
                        ],
                        [
                            149.064276,
                            -35.406747,
                            573.0
                        ],
                        [
                            149.064288,
                            -35.406716,
                            573.0
                        ],
                        [
                            149.064305,
                            -35.406686,
                            573.0
                        ],
                        [
                            149.064316,
                            -35.406662,
                            573.0
                        ],
                        [
                            149.06433,
                            -35.406626,
                            573.0
                        ],
                        [
                            149.06434,
                            -35.406601,
                            573.0
                        ],
                        [
                            149.064356,
                            -35.40657,
                            573.0
                        ],
                        [
                            149.064373,
                            -35.406542,
                            573.0
                        ],
                        [
                            149.064379,
                            -35.406517,
                            573.0
                        ],
                        [
                            149.064395,
                            -35.406479,
                            573.0
                        ],
                        [
                            149.064402,
                            -35.406453,
                            573.0
                        ],
                        [
                            149.064414,
                            -35.406424,
                            573.0
                        ],
                        [
                            149.064429,
                            -35.406397,
                            573.0
                        ],
                        [
                            149.064433,
                            -35.406372,
                            573.0
                        ],
                        [
                            149.064443,
                            -35.406337,
                            573.0
                        ],
                        [
                            149.064449,
                            -35.406312,
                            573.0
                        ],
                        [
                            149.064459,
                            -35.406282,
                            573.0
                        ],
                        [
                            149.064477,
                            -35.40625,
                            573.0
                        ],
                        [
                            149.064481,
                            -35.406225,
                            573.0
                        ],
                        [
                            149.064496,
                            -35.406189,
                            573.0
                        ],
                        [
                            149.064505,
                            -35.406164,
                            573.0
                        ],
                        [
                            149.064512,
                            -35.406137,
                            573.0
                        ],
                        [
                            149.064528,
                            -35.406109,
                            573.0
                        ],
                        [
                            149.064537,
                            -35.406084,
                            572.8
                        ],
                        [
                            149.064556,
                            -35.406053,
                            573.0
                        ],
                        [
                            149.064579,
                            -35.406032,
                            573.0
                        ],
                        [
                            149.064599,
                            -35.406016,
                            572.8
                        ],
                        [
                            149.064628,
                            -35.405992,
                            573.0
                        ],
                        [
                            149.064659,
                            -35.405975,
                            572.8
                        ],
                        [
                            149.064694,
                            -35.405955,
                            572.8
                        ],
                        [
                            149.064733,
                            -35.405953,
                            572.8
                        ],
                        [
                            149.064765,
                            -35.405949,
                            572.8
                        ],
                        [
                            149.06481,
                            -35.405948,
                            572.6
                        ],
                        [
                            149.064845,
                            -35.405946,
                            572.6
                        ],
                        [
                            149.064885,
                            -35.405946,
                            572.6
                        ],
                        [
                            149.064928,
                            -35.405952,
                            572.4
                        ],
                        [
                            149.064961,
                            -35.40595,
                            572.4
                        ],
                        [
                            149.065001,
                            -35.405954,
                            572.4
                        ],
                        [
                            149.065037,
                            -35.40596,
                            572.4
                        ],
                        [
                            149.065073,
                            -35.405966,
                            572.4
                        ],
                        [
                            149.065112,
                            -35.405979,
                            572.2
                        ],
                        [
                            149.065144,
                            -35.405982,
                            572.2
                        ],
                        [
                            149.065189,
                            -35.405995,
                            572.2
                        ],
                        [
                            149.065225,
                            -35.406006,
                            572.2
                        ],
                        [
                            149.065256,
                            -35.406013,
                            572.2
                        ],
                        [
                            149.065294,
                            -35.406028,
                            572.4
                        ],
                        [
                            149.065323,
                            -35.406033,
                            572.4
                        ],
                        [
                            149.06536,
                            -35.406044,
                            572.2
                        ],
                        [
                            149.065396,
                            -35.406052,
                            572.4
                        ],
                        [
                            149.065427,
                            -35.406059,
                            572.2
                        ],
                        [
                            149.065467,
                            -35.406072,
                            572.2
                        ],
                        [
                            149.065498,
                            -35.406082,
                            572.0
                        ],
                        [
                            149.065532,
                            -35.406096,
                            572.0
                        ],
                        [
                            149.065565,
                            -35.406108,
                            572.0
                        ],
                        [
                            149.065597,
                            -35.406116,
                            572.2
                        ],
                        [
                            149.065638,
                            -35.406135,
                            572.2
                        ],
                        [
                            149.065668,
                            -35.406147,
                            572.4
                        ],
                        [
                            149.0657,
                            -35.406161,
                            572.4
                        ],
                        [
                            149.065737,
                            -35.406177,
                            572.4
                        ],
                        [
                            149.065767,
                            -35.406185,
                            572.4
                        ],
                        [
                            149.065803,
                            -35.406198,
                            572.4
                        ],
                        [
                            149.065831,
                            -35.406217,
                            572.4
                        ],
                        [
                            149.065855,
                            -35.406231,
                            572.4
                        ],
                        [
                            149.065885,
                            -35.406253,
                            572.4
                        ],
                        [
                            149.065911,
                            -35.406269,
                            572.2
                        ],
                        [
                            149.065944,
                            -35.40629,
                            572.2
                        ],
                        [
                            149.065972,
                            -35.40631,
                            572.2
                        ],
                        [
                            149.065995,
                            -35.406319,
                            572.0
                        ],
                        [
                            149.066032,
                            -35.406335,
                            572.0
                        ],
                        [
                            149.066064,
                            -35.406339,
                            572.0
                        ],
                        [
                            149.066102,
                            -35.40634,
                            572.0
                        ],
                        [
                            149.06614,
                            -35.406333,
                            572.0
                        ],
                        [
                            149.066167,
                            -35.406322,
                            571.8
                        ],
                        [
                            149.0662,
                            -35.406309,
                            571.8
                        ],
                        [
                            149.066224,
                            -35.40629,
                            571.6
                        ],
                        [
                            149.066251,
                            -35.406266,
                            571.6
                        ],
                        [
                            149.066284,
                            -35.406237,
                            571.6
                        ],
                        [
                            149.066296,
                            -35.406213,
                            571.4
                        ],
                        [
                            149.066317,
                            -35.406183,
                            571.4
                        ],
                        [
                            149.066336,
                            -35.406155,
                            571.2
                        ],
                        [
                            149.06635,
                            -35.406133,
                            571.0
                        ],
                        [
                            149.06637,
                            -35.406105,
                            571.0
                        ],
                        [
                            149.066388,
                            -35.40608,
                            571.0
                        ],
                        [
                            149.066396,
                            -35.406058,
                            570.8
                        ],
                        [
                            149.066417,
                            -35.406024,
                            570.8
                        ],
                        [
                            149.066429,
                            -35.405997,
                            570.8
                        ],
                        [
                            149.066448,
                            -35.405967,
                            570.8
                        ],
                        [
                            149.066459,
                            -35.405938,
                            570.6
                        ],
                        [
                            149.066463,
                            -35.405913,
                            570.6
                        ],
                        [
                            149.066472,
                            -35.405883,
                            570.6
                        ],
                        [
                            149.06648,
                            -35.405855,
                            570.6
                        ],
                        [
                            149.066491,
                            -35.405826,
                            570.6
                        ],
                        [
                            149.066503,
                            -35.405794,
                            570.6
                        ],
                        [
                            149.066506,
                            -35.405769,
                            570.6
                        ],
                        [
                            149.066517,
                            -35.405732,
                            570.6
                        ],
                        [
                            149.066521,
                            -35.405701,
                            570.4
                        ],
                        [
                            149.066527,
                            -35.40567,
                            570.4
                        ],
                        [
                            149.066539,
                            -35.405636,
                            570.4
                        ],
                        [
                            149.066544,
                            -35.405608,
                            570.4
                        ],
                        [
                            149.06656,
                            -35.405578,
                            570.2
                        ],
                        [
                            149.066571,
                            -35.40555,
                            570.2
                        ],
                        [
                            149.06658,
                            -35.405521,
                            570.2
                        ],
                        [
                            149.066593,
                            -35.405488,
                            570.2
                        ],
                        [
                            149.066603,
                            -35.405456,
                            570.0
                        ],
                        [
                            149.066613,
                            -35.405429,
                            570.0
                        ],
                        [
                            149.066623,
                            -35.4054,
                            570.0
                        ],
                        [
                            149.066624,
                            -35.405376,
                            569.8
                        ],
                        [
                            149.066634,
                            -35.405341,
                            569.8
                        ],
                        [
                            149.066643,
                            -35.40531,
                            569.8
                        ],
                        [
                            149.066657,
                            -35.405275,
                            569.6
                        ],
                        [
                            149.066667,
                            -35.405245,
                            569.6
                        ],
                        [
                            149.066669,
                            -35.405221,
                            569.6
                        ],
                        [
                            149.06668,
                            -35.405188,
                            569.6
                        ],
                        [
                            149.066689,
                            -35.405162,
                            569.6
                        ],
                        [
                            149.066701,
                            -35.405133,
                            569.6
                        ],
                        [
                            149.06671,
                            -35.405103,
                            569.6
                        ],
                        [
                            149.066718,
                            -35.405076,
                            569.6
                        ],
                        [
                            149.066733,
                            -35.405039,
                            569.8
                        ],
                        [
                            149.066741,
                            -35.405015,
                            569.8
                        ],
                        [
                            149.066753,
                            -35.404985,
                            569.8
                        ],
                        [
                            149.06677,
                            -35.404953,
                            569.8
                        ],
                        [
                            149.066782,
                            -35.404927,
                            569.8
                        ],
                        [
                            149.066803,
                            -35.404895,
                            569.8
                        ],
                        [
                            149.066815,
                            -35.404868,
                            570.0
                        ],
                        [
                            149.066826,
                            -35.404843,
                            570.0
                        ],
                        [
                            149.066844,
                            -35.404807,
                            570.0
                        ],
                        [
                            149.066856,
                            -35.404781,
                            570.0
                        ],
                        [
                            149.066872,
                            -35.404753,
                            570.2
                        ],
                        [
                            149.066892,
                            -35.404724,
                            570.2
                        ],
                        [
                            149.06691,
                            -35.404702,
                            570.2
                        ],
                        [
                            149.066933,
                            -35.404672,
                            570.2
                        ],
                        [
                            149.066946,
                            -35.404641,
                            570.2
                        ],
                        [
                            149.06696,
                            -35.404614,
                            570.2
                        ],
                        [
                            149.066978,
                            -35.404584,
                            570.2
                        ],
                        [
                            149.066988,
                            -35.404555,
                            570.4
                        ],
                        [
                            149.066997,
                            -35.404519,
                            570.4
                        ],
                        [
                            149.067006,
                            -35.404486,
                            570.4
                        ],
                        [
                            149.067014,
                            -35.404459,
                            570.4
                        ],
                        [
                            149.067023,
                            -35.404422,
                            570.4
                        ],
                        [
                            149.067025,
                            -35.404392,
                            570.4
                        ],
                        [
                            149.067029,
                            -35.404361,
                            570.4
                        ],
                        [
                            149.067035,
                            -35.40433,
                            570.6
                        ],
                        [
                            149.06703,
                            -35.404306,
                            570.4
                        ],
                        [
                            149.067028,
                            -35.404273,
                            570.6
                        ],
                        [
                            149.067023,
                            -35.404242,
                            570.6
                        ],
                        [
                            149.067019,
                            -35.404218,
                            570.6
                        ],
                        [
                            149.067026,
                            -35.404184,
                            570.4
                        ],
                        [
                            149.067015,
                            -35.404158,
                            570.6
                        ],
                        [
                            149.067004,
                            -35.404129,
                            570.4
                        ],
                        [
                            149.067003,
                            -35.4041,
                            570.4
                        ],
                        [
                            149.066996,
                            -35.404075,
                            570.4
                        ],
                        [
                            149.06699,
                            -35.40404,
                            570.6
                        ],
                        [
                            149.06698,
                            -35.404013,
                            570.4
                        ],
                        [
                            149.06697,
                            -35.403984,
                            570.4
                        ],
                        [
                            149.066966,
                            -35.403953,
                            570.4
                        ],
                        [
                            149.066952,
                            -35.40393,
                            570.4
                        ],
                        [
                            149.066944,
                            -35.403899,
                            570.4
                        ],
                        [
                            149.066942,
                            -35.403866,
                            570.6
                        ],
                        [
                            149.066936,
                            -35.403842,
                            570.6
                        ],
                        [
                            149.066935,
                            -35.403809,
                            570.6
                        ],
                        [
                            149.066931,
                            -35.403784,
                            570.6
                        ],
                        [
                            149.06693,
                            -35.403751,
                            570.6
                        ],
                        [
                            149.066932,
                            -35.403721,
                            570.6
                        ],
                        [
                            149.066931,
                            -35.403694,
                            570.6
                        ],
                        [
                            149.066945,
                            -35.403656,
                            570.6
                        ],
                        [
                            149.066948,
                            -35.403628,
                            570.6
                        ],
                        [
                            149.066956,
                            -35.403595,
                            570.6
                        ],
                        [
                            149.066968,
                            -35.403565,
                            570.6
                        ],
                        [
                            149.066972,
                            -35.403537,
                            570.6
                        ],
                        [
                            149.066986,
                            -35.403501,
                            570.6
                        ],
                        [
                            149.066989,
                            -35.403477,
                            570.6
                        ],
                        [
                            149.067002,
                            -35.403446,
                            570.4
                        ],
                        [
                            149.067019,
                            -35.403418,
                            570.4
                        ],
                        [
                            149.067026,
                            -35.403391,
                            570.4
                        ],
                        [
                            149.067046,
                            -35.403354,
                            570.4
                        ],
                        [
                            149.06705,
                            -35.403328,
                            570.4
                        ],
                        [
                            149.067061,
                            -35.4033,
                            570.4
                        ],
                        [
                            149.067076,
                            -35.403272,
                            570.2
                        ],
                        [
                            149.067083,
                            -35.40325,
                            570.2
                        ],
                        [
                            149.067095,
                            -35.40322,
                            570.2
                        ],
                        [
                            149.067112,
                            -35.403201,
                            570.2
                        ],
                        [
                            149.067124,
                            -35.403174,
                            570.2
                        ],
                        [
                            149.067141,
                            -35.403148,
                            570.2
                        ],
                        [
                            149.067151,
                            -35.403122,
                            570.2
                        ],
                        [
                            149.067172,
                            -35.403088,
                            570.2
                        ],
                        [
                            149.067191,
                            -35.403064,
                            570.0
                        ],
                        [
                            149.067204,
                            -35.403036,
                            570.0
                        ],
                        [
                            149.067223,
                            -35.403007,
                            570.2
                        ],
                        [
                            149.067238,
                            -35.402981,
                            570.0
                        ],
                        [
                            149.067255,
                            -35.402961,
                            570.0
                        ],
                        [
                            149.067271,
                            -35.402939,
                            570.0
                        ],
                        [
                            149.067287,
                            -35.402919,
                            569.8
                        ],
                        [
                            149.067318,
                            -35.402898,
                            569.8
                        ],
                        [
                            149.067344,
                            -35.402881,
                            569.8
                        ],
                        [
                            149.067378,
                            -35.402864,
                            570.0
                        ],
                        [
                            149.067417,
                            -35.402859,
                            570.0
                        ],
                        [
                            149.06745,
                            -35.402847,
                            570.0
                        ],
                        [
                            149.067499,
                            -35.402836,
                            570.0
                        ],
                        [
                            149.067537,
                            -35.402838,
                            570.2
                        ],
                        [
                            149.067571,
                            -35.402836,
                            570.2
                        ],
                        [
                            149.067615,
                            -35.402837,
                            570.2
                        ],
                        [
                            149.067649,
                            -35.402833,
                            570.4
                        ],
                        [
                            149.06769,
                            -35.40283,
                            570.4
                        ],
                        [
                            149.067733,
                            -35.402829,
                            570.4
                        ],
                        [
                            149.067759,
                            -35.402821,
                            570.4
                        ],
                        [
                            149.067804,
                            -35.402817,
                            570.4
                        ],
                        [
                            149.067834,
                            -35.402813,
                            570.6
                        ],
                        [
                            149.067862,
                            -35.402802,
                            570.6
                        ],
                        [
                            149.067897,
                            -35.402787,
                            570.8
                        ],
                        [
                            149.06792,
                            -35.402767,
                            570.8
                        ],
                        [
                            149.067951,
                            -35.402748,
                            571.0
                        ],
                        [
                            149.067977,
                            -35.402735,
                            571.0
                        ],
                        [
                            149.067994,
                            -35.402718,
                            571.0
                        ],
                        [
                            149.068024,
                            -35.402692,
                            571.0
                        ],
                        [
                            149.068049,
                            -35.402675,
                            571.0
                        ],
                        [
                            149.068071,
                            -35.402654,
                            571.0
                        ],
                        [
                            149.068105,
                            -35.402632,
                            571.0
                        ],
                        [
                            149.068127,
                            -35.402608,
                            571.0
                        ],
                        [
                            149.068156,
                            -35.402583,
                            571.0
                        ],
                        [
                            149.068184,
                            -35.402566,
                            571.0
                        ],
                        [
                            149.068205,
                            -35.402546,
                            571.0
                        ],
                        [
                            149.068229,
                            -35.402521,
                            571.0
                        ],
                        [
                            149.06825,
                            -35.402499,
                            571.0
                        ],
                        [
                            149.068272,
                            -35.402478,
                            571.0
                        ],
                        [
                            149.0683,
                            -35.40246,
                            571.0
                        ],
                        [
                            149.068323,
                            -35.402439,
                            571.0
                        ],
                        [
                            149.06835,
                            -35.402413,
                            571.0
                        ],
                        [
                            149.068371,
                            -35.402392,
                            570.8
                        ],
                        [
                            149.068392,
                            -35.40237,
                            570.8
                        ],
                        [
                            149.068424,
                            -35.402348,
                            570.8
                        ],
                        [
                            149.068444,
                            -35.402328,
                            570.8
                        ],
                        [
                            149.068471,
                            -35.402304,
                            570.8
                        ],
                        [
                            149.0685,
                            -35.402287,
                            570.8
                        ],
                        [
                            149.068522,
                            -35.40227,
                            570.8
                        ],
                        [
                            149.068554,
                            -35.402246,
                            570.8
                        ],
                        [
                            149.068576,
                            -35.402227,
                            570.8
                        ],
                        [
                            149.068602,
                            -35.402202,
                            570.8
                        ],
                        [
                            149.068629,
                            -35.402186,
                            570.8
                        ],
                        [
                            149.068652,
                            -35.402169,
                            570.8
                        ],
                        [
                            149.068682,
                            -35.402146,
                            570.8
                        ],
                        [
                            149.068702,
                            -35.402125,
                            570.8
                        ],
                        [
                            149.068724,
                            -35.402099,
                            570.8
                        ],
                        [
                            149.06875,
                            -35.402079,
                            570.8
                        ],
                        [
                            149.068772,
                            -35.402064,
                            570.8
                        ],
                        [
                            149.068801,
                            -35.402041,
                            570.8
                        ],
                        [
                            149.068821,
                            -35.402022,
                            570.8
                        ],
                        [
                            149.068842,
                            -35.401999,
                            570.8
                        ],
                        [
                            149.068868,
                            -35.401975,
                            570.8
                        ],
                        [
                            149.068884,
                            -35.401953,
                            570.8
                        ],
                        [
                            149.068906,
                            -35.401921,
                            570.8
                        ],
                        [
                            149.068928,
                            -35.4019,
                            570.8
                        ],
                        [
                            149.068945,
                            -35.401878,
                            570.8
                        ],
                        [
                            149.068973,
                            -35.401851,
                            570.8
                        ],
                        [
                            149.068987,
                            -35.40183,
                            570.8
                        ],
                        [
                            149.069011,
                            -35.4018,
                            570.8
                        ],
                        [
                            149.069036,
                            -35.401783,
                            570.8
                        ],
                        [
                            149.069051,
                            -35.40176,
                            570.8
                        ],
                        [
                            149.069071,
                            -35.401734,
                            570.8
                        ],
                        [
                            149.069085,
                            -35.401712,
                            570.8
                        ],
                        [
                            149.069098,
                            -35.401687,
                            570.8
                        ],
                        [
                            149.069122,
                            -35.401662,
                            570.8
                        ],
                        [
                            149.069134,
                            -35.401639,
                            570.8
                        ],
                        [
                            149.069152,
                            -35.401614,
                            570.8
                        ],
                        [
                            149.06917,
                            -35.40159,
                            570.8
                        ],
                        [
                            149.069183,
                            -35.401568,
                            570.8
                        ],
                        [
                            149.069198,
                            -35.401536,
                            570.8
                        ],
                        [
                            149.069203,
                            -35.401511,
                            570.8
                        ],
                        [
                            149.069214,
                            -35.401483,
                            570.8
                        ],
                        [
                            149.069222,
                            -35.401453,
                            570.8
                        ],
                        [
                            149.069226,
                            -35.401431,
                            570.8
                        ],
                        [
                            149.069237,
                            -35.401392,
                            570.8
                        ],
                        [
                            149.069244,
                            -35.401363,
                            570.8
                        ],
                        [
                            149.069248,
                            -35.401337,
                            570.8
                        ],
                        [
                            149.069252,
                            -35.401306,
                            570.8
                        ],
                        [
                            149.069253,
                            -35.401283,
                            570.8
                        ],
                        [
                            149.069254,
                            -35.401251,
                            570.8
                        ],
                        [
                            149.069255,
                            -35.401222,
                            570.8
                        ],
                        [
                            149.069248,
                            -35.401197,
                            570.8
                        ],
                        [
                            149.069242,
                            -35.401166,
                            570.6
                        ],
                        [
                            149.069237,
                            -35.401135,
                            570.6
                        ],
                        [
                            149.069227,
                            -35.401106,
                            570.6
                        ],
                        [
                            149.069223,
                            -35.401067,
                            570.6
                        ],
                        [
                            149.069215,
                            -35.40104,
                            570.6
                        ],
                        [
                            149.0692,
                            -35.401009,
                            570.6
                        ],
                        [
                            149.069187,
                            -35.400978,
                            570.4
                        ],
                        [
                            149.069165,
                            -35.400952,
                            570.4
                        ],
                        [
                            149.069143,
                            -35.400924,
                            570.4
                        ],
                        [
                            149.069125,
                            -35.400903,
                            570.4
                        ],
                        [
                            149.069104,
                            -35.40088,
                            570.4
                        ],
                        [
                            149.069083,
                            -35.400851,
                            570.4
                        ],
                        [
                            149.069058,
                            -35.40083,
                            570.4
                        ],
                        [
                            149.069038,
                            -35.400801,
                            570.4
                        ],
                        [
                            149.069022,
                            -35.400772,
                            570.4
                        ],
                        [
                            149.069006,
                            -35.400746,
                            570.4
                        ],
                        [
                            149.068998,
                            -35.40071,
                            570.4
                        ],
                        [
                            149.068988,
                            -35.400683,
                            570.4
                        ],
                        [
                            149.068987,
                            -35.400649,
                            570.4
                        ],
                        [
                            149.068999,
                            -35.400615,
                            570.4
                        ],
                        [
                            149.069005,
                            -35.400589,
                            570.4
                        ],
                        [
                            149.069019,
                            -35.400554,
                            570.4
                        ],
                        [
                            149.069029,
                            -35.400525,
                            570.4
                        ],
                        [
                            149.069042,
                            -35.400497,
                            570.4
                        ],
                        [
                            149.06906,
                            -35.400467,
                            570.6
                        ],
                        [
                            149.069066,
                            -35.400444,
                            570.6
                        ],
                        [
                            149.06908,
                            -35.400411,
                            570.6
                        ],
                        [
                            149.069089,
                            -35.400385,
                            570.6
                        ],
                        [
                            149.069096,
                            -35.400363,
                            570.6
                        ],
                        [
                            149.06911,
                            -35.400331,
                            570.6
                        ],
                        [
                            149.069118,
                            -35.400308,
                            570.8
                        ],
                        [
                            149.069127,
                            -35.400274,
                            570.8
                        ],
                        [
                            149.06914,
                            -35.400244,
                            570.8
                        ],
                        [
                            149.069149,
                            -35.400219,
                            570.8
                        ],
                        [
                            149.069167,
                            -35.400183,
                            570.8
                        ],
                        [
                            149.06918,
                            -35.40016,
                            570.6
                        ],
                        [
                            149.069193,
                            -35.400129,
                            570.6
                        ],
                        [
                            149.069209,
                            -35.400101,
                            570.6
                        ],
                        [
                            149.069215,
                            -35.400074,
                            570.6
                        ],
                        [
                            149.069224,
                            -35.400041,
                            570.8
                        ],
                        [
                            149.069226,
                            -35.400015,
                            570.8
                        ],
                        [
                            149.06923,
                            -35.399988,
                            570.8
                        ],
                        [
                            149.069243,
                            -35.399952,
                            571.0
                        ],
                        [
                            149.069253,
                            -35.399927,
                            571.0
                        ],
                        [
                            149.069262,
                            -35.399901,
                            571.0
                        ],
                        [
                            149.069273,
                            -35.39987,
                            571.0
                        ],
                        [
                            149.069279,
                            -35.399847,
                            571.0
                        ],
                        [
                            149.069293,
                            -35.399812,
                            570.8
                        ],
                        [
                            149.069301,
                            -35.399782,
                            571.0
                        ],
                        [
                            149.069306,
                            -35.399757,
                            571.0
                        ],
                        [
                            149.069312,
                            -35.399724,
                            571.0
                        ],
                        [
                            149.069311,
                            -35.3997,
                            571.0
                        ],
                        [
                            149.069312,
                            -35.399674,
                            571.0
                        ],
                        [
                            149.06932,
                            -35.399641,
                            571.0
                        ],
                        [
                            149.069323,
                            -35.399613,
                            571.0
                        ],
                        [
                            149.069331,
                            -35.399577,
                            571.0
                        ],
                        [
                            149.069334,
                            -35.399548,
                            571.0
                        ],
                        [
                            149.069338,
                            -35.399522,
                            571.0
                        ],
                        [
                            149.069346,
                            -35.39949,
                            571.0
                        ],
                        [
                            149.069344,
                            -35.399463,
                            571.2
                        ],
                        [
                            149.069345,
                            -35.399432,
                            571.2
                        ],
                        [
                            149.069345,
                            -35.399401,
                            571.2
                        ],
                        [
                            149.069339,
                            -35.399377,
                            571.2
                        ],
                        [
                            149.069333,
                            -35.399345,
                            571.4
                        ],
                        [
                            149.069327,
                            -35.399321,
                            571.4
                        ],
                        [
                            149.069322,
                            -35.399296,
                            571.4
                        ],
                        [
                            149.069315,
                            -35.399267,
                            571.4
                        ],
                        [
                            149.069302,
                            -35.399246,
                            571.4
                        ],
                        [
                            149.069287,
                            -35.399216,
                            571.6
                        ],
                        [
                            149.069272,
                            -35.399188,
                            571.6
                        ],
                        [
                            149.069254,
                            -35.39916,
                            571.6
                        ],
                        [
                            149.069233,
                            -35.399135,
                            571.6
                        ],
                        [
                            149.06921,
                            -35.399118,
                            571.6
                        ],
                        [
                            149.069181,
                            -35.399091,
                            571.6
                        ],
                        [
                            149.069155,
                            -35.39907,
                            571.8
                        ],
                        [
                            149.069132,
                            -35.399051,
                            571.8
                        ],
                        [
                            149.069109,
                            -35.399026,
                            571.8
                        ],
                        [
                            149.069083,
                            -35.399009,
                            571.8
                        ],
                        [
                            149.06905,
                            -35.398985,
                            571.8
                        ],
                        [
                            149.06903,
                            -35.398965,
                            572.0
                        ],
                        [
                            149.069003,
                            -35.398948,
                            572.0
                        ],
                        [
                            149.068979,
                            -35.398922,
                            572.0
                        ],
                        [
                            149.068952,
                            -35.398909,
                            572.0
                        ],
                        [
                            149.068931,
                            -35.398889,
                            572.2
                        ],
                        [
                            149.06891,
                            -35.398867,
                            572.2
                        ],
                        [
                            149.068888,
                            -35.398848,
                            572.2
                        ],
                        [
                            149.068867,
                            -35.398823,
                            572.2
                        ],
                        [
                            149.068845,
                            -35.398803,
                            572.4
                        ],
                        [
                            149.068814,
                            -35.398781,
                            572.4
                        ],
                        [
                            149.068791,
                            -35.398755,
                            572.4
                        ],
                        [
                            149.068766,
                            -35.398738,
                            572.6
                        ],
                        [
                            149.068743,
                            -35.398714,
                            572.6
                        ],
                        [
                            149.068722,
                            -35.398689,
                            572.8
                        ],
                        [
                            149.0687,
                            -35.39867,
                            572.8
                        ],
                        [
                            149.068678,
                            -35.398647,
                            573.0
                        ],
                        [
                            149.068656,
                            -35.39863,
                            573.0
                        ],
                        [
                            149.068634,
                            -35.398606,
                            573.0
                        ],
                        [
                            149.068617,
                            -35.398587,
                            573.2
                        ],
                        [
                            149.068602,
                            -35.398563,
                            573.2
                        ],
                        [
                            149.06859,
                            -35.398532,
                            573.2
                        ],
                        [
                            149.068582,
                            -35.398508,
                            573.4
                        ],
                        [
                            149.068579,
                            -35.398478,
                            573.4
                        ],
                        [
                            149.068581,
                            -35.39845,
                            573.4
                        ],
                        [
                            149.068576,
                            -35.398422,
                            573.6
                        ],
                        [
                            149.068581,
                            -35.398388,
                            573.6
                        ],
                        [
                            149.068587,
                            -35.398361,
                            573.8
                        ],
                        [
                            149.0686,
                            -35.398329,
                            573.8
                        ],
                        [
                            149.068618,
                            -35.398304,
                            573.8
                        ],
                        [
                            149.068631,
                            -35.398282,
                            573.8
                        ],
                        [
                            149.068652,
                            -35.39825,
                            573.8
                        ],
                        [
                            149.068673,
                            -35.398229,
                            573.8
                        ],
                        [
                            149.068693,
                            -35.398205,
                            574.0
                        ],
                        [
                            149.068719,
                            -35.39818,
                            574.0
                        ],
                        [
                            149.068735,
                            -35.398157,
                            573.8
                        ],
                        [
                            149.068758,
                            -35.398135,
                            573.8
                        ],
                        [
                            149.068788,
                            -35.398114,
                            573.8
                        ],
                        [
                            149.068815,
                            -35.398094,
                            573.6
                        ],
                        [
                            149.068853,
                            -35.398076,
                            573.6
                        ],
                        [
                            149.068878,
                            -35.398057,
                            573.6
                        ],
                        [
                            149.068907,
                            -35.398038,
                            573.4
                        ],
                        [
                            149.068939,
                            -35.398024,
                            573.4
                        ],
                        [
                            149.068965,
                            -35.398008,
                            573.4
                        ],
                        [
                            149.068999,
                            -35.397997,
                            573.4
                        ],
                        [
                            149.069031,
                            -35.397982,
                            573.6
                        ],
                        [
                            149.069062,
                            -35.397971,
                            573.6
                        ],
                        [
                            149.069102,
                            -35.397969,
                            573.6
                        ],
                        [
                            149.069131,
                            -35.397961,
                            573.6
                        ],
                        [
                            149.069163,
                            -35.397947,
                            573.8
                        ],
                        [
                            149.069196,
                            -35.397942,
                            574.0
                        ],
                        [
                            149.069221,
                            -35.39793,
                            574.0
                        ],
                        [
                            149.069254,
                            -35.397922,
                            574.2
                        ],
                        [
                            149.069282,
                            -35.397907,
                            574.2
                        ],
                        [
                            149.069307,
                            -35.397892,
                            574.2
                        ],
                        [
                            149.06934,
                            -35.397881,
                            574.4
                        ],
                        [
                            149.069368,
                            -35.397872,
                            574.4
                        ],
                        [
                            149.069405,
                            -35.397864,
                            574.6
                        ],
                        [
                            149.069436,
                            -35.397855,
                            574.6
                        ],
                        [
                            149.069463,
                            -35.397842,
                            574.6
                        ],
                        [
                            149.0695,
                            -35.397835,
                            574.6
                        ],
                        [
                            149.069526,
                            -35.397821,
                            574.8
                        ],
                        [
                            149.069561,
                            -35.397809,
                            574.8
                        ],
                        [
                            149.069594,
                            -35.397801,
                            574.8
                        ],
                        [
                            149.069624,
                            -35.397788,
                            574.8
                        ],
                        [
                            149.069662,
                            -35.397781,
                            574.8
                        ],
                        [
                            149.069688,
                            -35.397769,
                            574.8
                        ],
                        [
                            149.069729,
                            -35.397763,
                            575.0
                        ],
                        [
                            149.069759,
                            -35.397757,
                            575.0
                        ],
                        [
                            149.06979,
                            -35.397749,
                            575.0
                        ],
                        [
                            149.069834,
                            -35.397745,
                            575.2
                        ],
                        [
                            149.069863,
                            -35.397732,
                            575.0
                        ],
                        [
                            149.0699,
                            -35.397721,
                            575.0
                        ],
                        [
                            149.069932,
                            -35.397718,
                            575.0
                        ],
                        [
                            149.069964,
                            -35.397713,
                            575.0
                        ],
                        [
                            149.070009,
                            -35.397715,
                            575.0
                        ],
                        [
                            149.070036,
                            -35.397708,
                            575.2
                        ],
                        [
                            149.070073,
                            -35.397704,
                            575.2
                        ],
                        [
                            149.070111,
                            -35.397707,
                            575.2
                        ],
                        [
                            149.070145,
                            -35.397704,
                            575.0
                        ],
                        [
                            149.07019,
                            -35.397705,
                            575.0
                        ],
                        [
                            149.07022,
                            -35.397707,
                            575.0
                        ],
                        [
                            149.070258,
                            -35.397705,
                            575.0
                        ],
                        [
                            149.070297,
                            -35.397702,
                            574.8
                        ],
                        [
                            149.070324,
                            -35.397695,
                            574.8
                        ],
                        [
                            149.070361,
                            -35.397691,
                            574.8
                        ],
                        [
                            149.070391,
                            -35.397689,
                            574.8
                        ],
                        [
                            149.070422,
                            -35.397681,
                            574.8
                        ],
                        [
                            149.070463,
                            -35.397676,
                            574.8
                        ],
                        [
                            149.070493,
                            -35.397667,
                            574.8
                        ],
                        [
                            149.07053,
                            -35.397659,
                            574.8
                        ],
                        [
                            149.070564,
                            -35.397654,
                            575.0
                        ],
                        [
                            149.070592,
                            -35.397641,
                            575.0
                        ],
                        [
                            149.070634,
                            -35.397627,
                            575.0
                        ],
                        [
                            149.070662,
                            -35.39762,
                            575.2
                        ],
                        [
                            149.070691,
                            -35.397607,
                            575.2
                        ],
                        [
                            149.070727,
                            -35.397597,
                            575.2
                        ],
                        [
                            149.070752,
                            -35.397584,
                            575.2
                        ],
                        [
                            149.07079,
                            -35.397571,
                            575.2
                        ],
                        [
                            149.070824,
                            -35.397567,
                            575.2
                        ],
                        [
                            149.07085,
                            -35.397561,
                            575.4
                        ],
                        [
                            149.070894,
                            -35.397557,
                            575.4
                        ],
                        [
                            149.070926,
                            -35.397551,
                            575.4
                        ],
                        [
                            149.070966,
                            -35.39755,
                            575.4
                        ],
                        [
                            149.071005,
                            -35.397553,
                            575.6
                        ],
                        [
                            149.071036,
                            -35.397548,
                            575.6
                        ],
                        [
                            149.071076,
                            -35.397552,
                            575.4
                        ],
                        [
                            149.071107,
                            -35.397558,
                            575.4
                        ],
                        [
                            149.071144,
                            -35.39756,
                            575.4
                        ],
                        [
                            149.071183,
                            -35.397565,
                            575.4
                        ],
                        [
                            149.071216,
                            -35.39756,
                            575.4
                        ],
                        [
                            149.071255,
                            -35.39756,
                            575.4
                        ],
                        [
                            149.071288,
                            -35.397567,
                            575.4
                        ],
                        [
                            149.071321,
                            -35.39757,
                            575.4
                        ],
                        [
                            149.071362,
                            -35.397579,
                            575.4
                        ],
                        [
                            149.071391,
                            -35.397585,
                            575.4
                        ],
                        [
                            149.071429,
                            -35.397591,
                            575.4
                        ],
                        [
                            149.071461,
                            -35.397604,
                            575.6
                        ],
                        [
                            149.071485,
                            -35.39761,
                            575.6
                        ],
                        [
                            149.071528,
                            -35.397625,
                            575.6
                        ],
                        [
                            149.071554,
                            -35.397637,
                            575.8
                        ],
                        [
                            149.071584,
                            -35.397651,
                            575.8
                        ],
                        [
                            149.071617,
                            -35.397671,
                            575.8
                        ],
                        [
                            149.071639,
                            -35.397682,
                            575.8
                        ],
                        [
                            149.07167,
                            -35.397703,
                            575.8
                        ],
                        [
                            149.071699,
                            -35.397721,
                            575.8
                        ],
                        [
                            149.071727,
                            -35.397733,
                            575.6
                        ],
                        [
                            149.071763,
                            -35.397757,
                            575.6
                        ],
                        [
                            149.071784,
                            -35.397774,
                            575.6
                        ],
                        [
                            149.071807,
                            -35.397791,
                            575.6
                        ],
                        [
                            149.071835,
                            -35.397811,
                            575.4
                        ],
                        [
                            149.07186,
                            -35.397821,
                            575.4
                        ],
                        [
                            149.071901,
                            -35.397837,
                            575.4
                        ],
                        [
                            149.07193,
                            -35.397853,
                            575.4
                        ],
                        [
                            149.071957,
                            -35.397863,
                            575.4
                        ],
                        [
                            149.071994,
                            -35.397874,
                            575.4
                        ],
                        [
                            149.072025,
                            -35.397877,
                            575.2
                        ],
                        [
                            149.072062,
                            -35.397879,
                            575.0
                        ],
                        [
                            149.072108,
                            -35.397884,
                            574.8
                        ],
                        [
                            149.072148,
                            -35.397885,
                            574.6
                        ],
                        [
                            149.072189,
                            -35.39789,
                            574.2
                        ],
                        [
                            149.072217,
                            -35.397913,
                            574.0
                        ],
                        [
                            149.072243,
                            -35.397933,
                            573.8
                        ],
                        [
                            149.072269,
                            -35.397962,
                            573.8
                        ],
                        [
                            149.072283,
                            -35.397988,
                            573.8
                        ],
                        [
                            149.072305,
                            -35.398011,
                            573.8
                        ],
                        [
                            149.072323,
                            -35.398039,
                            573.8
                        ],
                        [
                            149.07234,
                            -35.398061,
                            574.0
                        ],
                        [
                            149.072355,
                            -35.398091,
                            574.2
                        ],
                        [
                            149.072359,
                            -35.398123,
                            574.4
                        ],
                        [
                            149.072354,
                            -35.398149,
                            574.6
                        ],
                        [
                            149.072334,
                            -35.398181,
                            574.8
                        ],
                        [
                            149.072302,
                            -35.398202,
                            574.8
                        ],
                        [
                            149.072271,
                            -35.39822,
                            574.8
                        ],
                        [
                            149.072232,
                            -35.398239,
                            574.8
                        ],
                        [
                            149.0722,
                            -35.398256,
                            574.8
                        ],
                        [
                            149.07218,
                            -35.398279,
                            574.8
                        ],
                        [
                            149.072151,
                            -35.398305,
                            574.8
                        ],
                        [
                            149.072131,
                            -35.398324,
                            574.6
                        ],
                        [
                            149.07211,
                            -35.398348,
                            574.6
                        ],
                        [
                            149.072086,
                            -35.39837,
                            574.4
                        ],
                        [
                            149.072071,
                            -35.398394,
                            574.4
                        ],
                        [
                            149.072041,
                            -35.39842,
                            574.2
                        ],
                        [
                            149.072018,
                            -35.398438,
                            574.2
                        ],
                        [
                            149.071998,
                            -35.398462,
                            574.2
                        ],
                        [
                            149.071978,
                            -35.398489,
                            574.0
                        ],
                        [
                            149.071969,
                            -35.398512,
                            574.0
                        ],
                        [
                            149.071956,
                            -35.398541,
                            574.0
                        ],
                        [
                            149.071934,
                            -35.398567,
                            574.0
                        ],
                        [
                            149.071919,
                            -35.398591,
                            573.8
                        ],
                        [
                            149.071892,
                            -35.398619,
                            573.8
                        ],
                        [
                            149.07187,
                            -35.39864,
                            573.6
                        ],
                        [
                            149.071852,
                            -35.398662,
                            573.4
                        ],
                        [
                            149.07182,
                            -35.398685,
                            573.2
                        ],
                        [
                            149.071798,
                            -35.398705,
                            573.0
                        ],
                        [
                            149.071773,
                            -35.398732,
                            572.8
                        ],
                        [
                            149.07175,
                            -35.398756,
                            572.8
                        ],
                        [
                            149.071737,
                            -35.398779,
                            572.6
                        ],
                        [
                            149.071709,
                            -35.398807,
                            572.4
                        ],
                        [
                            149.071685,
                            -35.398831,
                            572.4
                        ],
                        [
                            149.071665,
                            -35.39885,
                            572.2
                        ],
                        [
                            149.071633,
                            -35.398875,
                            572.2
                        ],
                        [
                            149.071614,
                            -35.398891,
                            572.0
                        ],
                        [
                            149.071593,
                            -35.398911,
                            571.8
                        ],
                        [
                            149.071567,
                            -35.398932,
                            571.8
                        ],
                        [
                            149.071549,
                            -35.398954,
                            571.8
                        ],
                        [
                            149.071523,
                            -35.398977,
                            571.8
                        ],
                        [
                            149.0715,
                            -35.398994,
                            571.8
                        ],
                        [
                            149.071478,
                            -35.399014,
                            571.8
                        ],
                        [
                            149.071451,
                            -35.399035,
                            571.8
                        ],
                        [
                            149.071434,
                            -35.399054,
                            571.6
                        ],
                        [
                            149.071407,
                            -35.399081,
                            571.6
                        ],
                        [
                            149.071382,
                            -35.399105,
                            571.4
                        ],
                        [
                            149.071364,
                            -35.399122,
                            571.4
                        ],
                        [
                            149.071334,
                            -35.399146,
                            571.2
                        ],
                        [
                            149.071318,
                            -35.399168,
                            571.2
                        ],
                        [
                            149.071301,
                            -35.399189,
                            571.2
                        ],
                        [
                            149.071273,
                            -35.399217,
                            571.2
                        ],
                        [
                            149.071258,
                            -35.399239,
                            571.2
                        ],
                        [
                            149.071235,
                            -35.399269,
                            571.0
                        ],
                        [
                            149.071215,
                            -35.399296,
                            571.0
                        ],
                        [
                            149.071202,
                            -35.399321,
                            571.0
                        ],
                        [
                            149.071182,
                            -35.39935,
                            571.0
                        ],
                        [
                            149.071165,
                            -35.399373,
                            571.0
                        ],
                        [
                            149.071154,
                            -35.399397,
                            571.0
                        ],
                        [
                            149.071136,
                            -35.399425,
                            570.8
                        ],
                        [
                            149.071127,
                            -35.39945,
                            570.8
                        ],
                        [
                            149.071112,
                            -35.399482,
                            570.8
                        ],
                        [
                            149.071096,
                            -35.399509,
                            570.8
                        ],
                        [
                            149.071086,
                            -35.399535,
                            570.8
                        ],
                        [
                            149.071072,
                            -35.399565,
                            570.8
                        ],
                        [
                            149.071064,
                            -35.399589,
                            570.8
                        ],
                        [
                            149.071056,
                            -35.399612,
                            570.8
                        ],
                        [
                            149.071042,
                            -35.399635,
                            570.8
                        ],
                        [
                            149.071033,
                            -35.39966,
                            570.8
                        ],
                        [
                            149.071018,
                            -35.399691,
                            570.6
                        ],
                        [
                            149.071006,
                            -35.399718,
                            570.8
                        ],
                        [
                            149.071001,
                            -35.399744,
                            570.8
                        ],
                        [
                            149.070991,
                            -35.399781,
                            570.8
                        ],
                        [
                            149.070987,
                            -35.399808,
                            570.6
                        ],
                        [
                            149.070982,
                            -35.399836,
                            570.6
                        ],
                        [
                            149.070975,
                            -35.399867,
                            570.6
                        ],
                        [
                            149.070972,
                            -35.399889,
                            570.6
                        ],
                        [
                            149.070967,
                            -35.399919,
                            570.6
                        ],
                        [
                            149.070964,
                            -35.399944,
                            570.6
                        ],
                        [
                            149.070964,
                            -35.399965,
                            570.6
                        ],
                        [
                            149.070959,
                            -35.399996,
                            570.6
                        ],
                        [
                            149.070962,
                            -35.400023,
                            570.6
                        ],
                        [
                            149.07096,
                            -35.400057,
                            570.6
                        ],
                        [
                            149.070957,
                            -35.400086,
                            570.6
                        ],
                        [
                            149.07096,
                            -35.400115,
                            570.6
                        ],
                        [
                            149.070959,
                            -35.400148,
                            570.6
                        ],
                        [
                            149.070961,
                            -35.400173,
                            570.6
                        ],
                        [
                            149.070963,
                            -35.400206,
                            570.6
                        ],
                        [
                            149.070958,
                            -35.400238,
                            570.6
                        ],
                        [
                            149.070961,
                            -35.400269,
                            570.6
                        ],
                        [
                            149.070957,
                            -35.400308,
                            570.6
                        ],
                        [
                            149.070958,
                            -35.400334,
                            570.6
                        ],
                        [
                            149.070956,
                            -35.400362,
                            570.6
                        ],
                        [
                            149.070956,
                            -35.400393,
                            570.6
                        ],
                        [
                            149.070967,
                            -35.400421,
                            570.6
                        ],
                        [
                            149.070971,
                            -35.400451,
                            570.6
                        ],
                        [
                            149.070966,
                            -35.400484,
                            570.4
                        ],
                        [
                            149.070965,
                            -35.400506,
                            570.4
                        ],
                        [
                            149.070965,
                            -35.400539,
                            570.4
                        ],
                        [
                            149.070962,
                            -35.400563,
                            570.4
                        ],
                        [
                            149.070963,
                            -35.400589,
                            570.4
                        ],
                        [
                            149.070957,
                            -35.400616,
                            570.4
                        ],
                        [
                            149.070962,
                            -35.400636,
                            570.4
                        ],
                        [
                            149.070964,
                            -35.400662,
                            570.4
                        ],
                        [
                            149.070965,
                            -35.400685,
                            570.4
                        ],
                        [
                            149.070969,
                            -35.400711,
                            570.4
                        ],
                        [
                            149.070971,
                            -35.40074,
                            570.4
                        ],
                        [
                            149.070974,
                            -35.400764,
                            570.2
                        ],
                        [
                            149.07098,
                            -35.400792,
                            570.2
                        ],
                        [
                            149.070983,
                            -35.40082,
                            570.2
                        ],
                        [
                            149.07099,
                            -35.400845,
                            570.2
                        ],
                        [
                            149.071,
                            -35.400868,
                            570.2
                        ],
                        [
                            149.071006,
                            -35.400897,
                            570.2
                        ],
                        [
                            149.071015,
                            -35.40092,
                            570.2
                        ],
                        [
                            149.071024,
                            -35.400955,
                            570.2
                        ],
                        [
                            149.071032,
                            -35.400981,
                            570.2
                        ],
                        [
                            149.07104,
                            -35.401014,
                            570.4
                        ],
                        [
                            149.071048,
                            -35.401046,
                            570.4
                        ],
                        [
                            149.07106,
                            -35.401074,
                            570.4
                        ],
                        [
                            149.071072,
                            -35.401105,
                            570.4
                        ],
                        [
                            149.071083,
                            -35.401135,
                            570.2
                        ],
                        [
                            149.071093,
                            -35.40116,
                            570.2
                        ],
                        [
                            149.071105,
                            -35.401191,
                            570.0
                        ],
                        [
                            149.071118,
                            -35.401217,
                            570.0
                        ],
                        [
                            149.07113,
                            -35.401249,
                            570.0
                        ],
                        [
                            149.071139,
                            -35.40128,
                            570.0
                        ],
                        [
                            149.071155,
                            -35.401304,
                            570.0
                        ],
                        [
                            149.071171,
                            -35.401338,
                            570.0
                        ],
                        [
                            149.071183,
                            -35.401359,
                            570.0
                        ],
                        [
                            149.071199,
                            -35.401389,
                            570.0
                        ],
                        [
                            149.071209,
                            -35.401416,
                            570.0
                        ],
                        [
                            149.071223,
                            -35.40144,
                            570.0
                        ],
                        [
                            149.071236,
                            -35.401469,
                            570.0
                        ],
                        [
                            149.071253,
                            -35.401489,
                            570.0
                        ],
                        [
                            149.071266,
                            -35.401511,
                            570.2
                        ],
                        [
                            149.071277,
                            -35.401542,
                            570.2
                        ],
                        [
                            149.071296,
                            -35.40157,
                            570.2
                        ],
                        [
                            149.071311,
                            -35.401607,
                            570.2
                        ],
                        [
                            149.071322,
                            -35.401632,
                            570.2
                        ],
                        [
                            149.071337,
                            -35.401658,
                            570.2
                        ],
                        [
                            149.071352,
                            -35.40169,
                            570.2
                        ],
                        [
                            149.071368,
                            -35.40171,
                            570.2
                        ],
                        [
                            149.071387,
                            -35.40174,
                            570.4
                        ],
                        [
                            149.071398,
                            -35.401769,
                            570.4
                        ],
                        [
                            149.071413,
                            -35.401793,
                            570.4
                        ],
                        [
                            149.071428,
                            -35.401821,
                            570.4
                        ],
                        [
                            149.071443,
                            -35.401846,
                            570.4
                        ],
                        [
                            149.07146,
                            -35.401872,
                            570.4
                        ],
                        [
                            149.071471,
                            -35.401901,
                            570.4
                        ],
                        [
                            149.071485,
                            -35.401923,
                            570.6
                        ],
                        [
                            149.071505,
                            -35.401951,
                            570.6
                        ],
                        [
                            149.071516,
                            -35.401975,
                            570.6
                        ],
                        [
                            149.071532,
                            -35.401998,
                            570.8
                        ],
                        [
                            149.071549,
                            -35.402027,
                            570.8
                        ],
                        [
                            149.071565,
                            -35.402049,
                            570.8
                        ],
                        [
                            149.071583,
                            -35.402075,
                            570.8
                        ],
                        [
                            149.071602,
                            -35.402102,
                            570.8
                        ],
                        [
                            149.07162,
                            -35.402124,
                            570.8
                        ],
                        [
                            149.071638,
                            -35.402155,
                            570.8
                        ],
                        [
                            149.071655,
                            -35.402175,
                            570.8
                        ],
                        [
                            149.071671,
                            -35.402199,
                            570.8
                        ],
                        [
                            149.071688,
                            -35.402229,
                            571.0
                        ],
                        [
                            149.071716,
                            -35.402245,
                            571.0
                        ],
                        [
                            149.07174,
                            -35.402269,
                            571.0
                        ],
                        [
                            149.071759,
                            -35.402292,
                            571.0
                        ],
                        [
                            149.071778,
                            -35.402312,
                            571.0
                        ],
                        [
                            149.071796,
                            -35.402346,
                            571.0
                        ],
                        [
                            149.071808,
                            -35.402372,
                            571.2
                        ],
                        [
                            149.071817,
                            -35.402402,
                            571.2
                        ],
                        [
                            149.071814,
                            -35.402431,
                            571.0
                        ],
                        [
                            149.071823,
                            -35.402454,
                            571.0
                        ],
                        [
                            149.07182,
                            -35.402494,
                            571.0
                        ],
                        [
                            149.071814,
                            -35.402524,
                            571.0
                        ],
                        [
                            149.071811,
                            -35.402551,
                            571.0
                        ],
                        [
                            149.071799,
                            -35.402577,
                            571.0
                        ],
                        [
                            149.071787,
                            -35.402601,
                            571.0
                        ],
                        [
                            149.071774,
                            -35.402628,
                            571.0
                        ],
                        [
                            149.071751,
                            -35.402653,
                            570.8
                        ],
                        [
                            149.07173,
                            -35.402678,
                            570.6
                        ],
                        [
                            149.071708,
                            -35.402703,
                            570.6
                        ],
                        [
                            149.071674,
                            -35.402719,
                            570.4
                        ],
                        [
                            149.071648,
                            -35.402737,
                            570.4
                        ],
                        [
                            149.071605,
                            -35.402761,
                            570.4
                        ],
                        [
                            149.071571,
                            -35.402778,
                            570.4
                        ],
                        [
                            149.071544,
                            -35.402796,
                            570.4
                        ],
                        [
                            149.071505,
                            -35.402819,
                            570.2
                        ],
                        [
                            149.071483,
                            -35.402834,
                            570.0
                        ],
                        [
                            149.07145,
                            -35.402854,
                            570.0
                        ],
                        [
                            149.071421,
                            -35.402872,
                            570.0
                        ],
                        [
                            149.071398,
                            -35.402892,
                            569.8
                        ],
                        [
                            149.071363,
                            -35.402908,
                            569.8
                        ],
                        [
                            149.071333,
                            -35.402922,
                            569.8
                        ],
                        [
                            149.071309,
                            -35.402936,
                            569.8
                        ],
                        [
                            149.07128,
                            -35.402946,
                            569.8
                        ],
                        [
                            149.071254,
                            -35.402957,
                            569.8
                        ],
                        [
                            149.071229,
                            -35.40297,
                            569.6
                        ],
                        [
                            149.071199,
                            -35.402981,
                            569.6
                        ],
                        [
                            149.071175,
                            -35.402998,
                            569.8
                        ],
                        [
                            149.071144,
                            -35.403018,
                            569.8
                        ],
                        [
                            149.071118,
                            -35.403029,
                            569.8
                        ],
                        [
                            149.071089,
                            -35.403043,
                            570.0
                        ],
                        [
                            149.07105,
                            -35.403065,
                            570.0
                        ],
                        [
                            149.071022,
                            -35.403082,
                            569.8
                        ],
                        [
                            149.070993,
                            -35.403104,
                            569.8
                        ],
                        [
                            149.070956,
                            -35.403122,
                            569.8
                        ],
                        [
                            149.070926,
                            -35.403138,
                            569.8
                        ],
                        [
                            149.07089,
                            -35.403155,
                            569.8
                        ],
                        [
                            149.070868,
                            -35.403169,
                            569.8
                        ],
                        [
                            149.070847,
                            -35.403194,
                            569.8
                        ],
                        [
                            149.070823,
                            -35.403216,
                            569.8
                        ],
                        [
                            149.0708,
                            -35.403236,
                            569.8
                        ],
                        [
                            149.070781,
                            -35.403258,
                            569.8
                        ],
                        [
                            149.07075,
                            -35.403279,
                            569.8
                        ],
                        [
                            149.070731,
                            -35.403296,
                            569.8
                        ],
                        [
                            149.070698,
                            -35.403322,
                            569.8
                        ],
                        [
                            149.070674,
                            -35.403337,
                            569.8
                        ],
                        [
                            149.070657,
                            -35.403361,
                            569.8
                        ],
                        [
                            149.070629,
                            -35.403384,
                            569.6
                        ],
                        [
                            149.07061,
                            -35.403403,
                            569.6
                        ],
                        [
                            149.070585,
                            -35.403425,
                            569.6
                        ],
                        [
                            149.070558,
                            -35.403449,
                            569.6
                        ],
                        [
                            149.070543,
                            -35.403471,
                            569.6
                        ],
                        [
                            149.070517,
                            -35.403499,
                            569.6
                        ],
                        [
                            149.070496,
                            -35.403524,
                            569.6
                        ],
                        [
                            149.070484,
                            -35.403551,
                            569.6
                        ],
                        [
                            149.070468,
                            -35.403581,
                            569.6
                        ],
                        [
                            149.070458,
                            -35.403606,
                            569.8
                        ],
                        [
                            149.070445,
                            -35.403636,
                            569.8
                        ],
                        [
                            149.070434,
                            -35.403662,
                            569.8
                        ],
                        [
                            149.070427,
                            -35.403683,
                            570.0
                        ],
                        [
                            149.07042,
                            -35.403719,
                            570.0
                        ],
                        [
                            149.070419,
                            -35.403746,
                            570.0
                        ],
                        [
                            149.070416,
                            -35.403773,
                            570.0
                        ],
                        [
                            149.070413,
                            -35.403805,
                            570.0
                        ],
                        [
                            149.070415,
                            -35.403829,
                            570.0
                        ],
                        [
                            149.070412,
                            -35.403867,
                            570.0
                        ],
                        [
                            149.070412,
                            -35.403893,
                            570.0
                        ],
                        [
                            149.070418,
                            -35.403925,
                            570.0
                        ],
                        [
                            149.070418,
                            -35.403956,
                            569.8
                        ],
                        [
                            149.070419,
                            -35.403982,
                            569.8
                        ],
                        [
                            149.07042,
                            -35.404012,
                            569.6
                        ],
                        [
                            149.07042,
                            -35.404042,
                            569.6
                        ],
                        [
                            149.070425,
                            -35.404067,
                            569.4
                        ],
                        [
                            149.07043,
                            -35.404096,
                            569.2
                        ],
                        [
                            149.07043,
                            -35.404129,
                            569.2
                        ],
                        [
                            149.070439,
                            -35.404157,
                            569.0
                        ],
                        [
                            149.07045,
                            -35.404189,
                            569.0
                        ],
                        [
                            149.070459,
                            -35.404221,
                            569.0
                        ],
                        [
                            149.070473,
                            -35.404245,
                            568.8
                        ],
                        [
                            149.070487,
                            -35.404276,
                            568.8
                        ],
                        [
                            149.070501,
                            -35.404303,
                            568.6
                        ],
                        [
                            149.070513,
                            -35.404326,
                            568.6
                        ],
                        [
                            149.070533,
                            -35.404353,
                            568.6
                        ],
                        [
                            149.070551,
                            -35.40437,
                            568.6
                        ],
                        [
                            149.070572,
                            -35.404397,
                            568.6
                        ],
                        [
                            149.070589,
                            -35.404422,
                            568.8
                        ],
                        [
                            149.070608,
                            -35.404444,
                            568.8
                        ],
                        [
                            149.07063,
                            -35.404472,
                            568.6
                        ],
                        [
                            149.070645,
                            -35.404494,
                            568.6
                        ],
                        [
                            149.070663,
                            -35.40452,
                            568.6
                        ],
                        [
                            149.070687,
                            -35.404544,
                            568.8
                        ],
                        [
                            149.070708,
                            -35.404563,
                            568.8
                        ],
                        [
                            149.070734,
                            -35.404587,
                            568.8
                        ],
                        [
                            149.070757,
                            -35.404604,
                            568.8
                        ],
                        [
                            149.070778,
                            -35.404619,
                            568.8
                        ],
                        [
                            149.070807,
                            -35.404635,
                            568.8
                        ],
                        [
                            149.070833,
                            -35.404646,
                            568.8
                        ],
                        [
                            149.070865,
                            -35.404659,
                            568.8
                        ],
                        [
                            149.070891,
                            -35.404671,
                            569.0
                        ],
                        [
                            149.070915,
                            -35.404683,
                            569.0
                        ],
                        [
                            149.070952,
                            -35.404698,
                            569.0
                        ],
                        [
                            149.07098,
                            -35.404711,
                            569.0
                        ],
                        [
                            149.07101,
                            -35.404724,
                            569.0
                        ],
                        [
                            149.071041,
                            -35.404738,
                            569.0
                        ],
                        [
                            149.071068,
                            -35.404748,
                            569.0
                        ],
                        [
                            149.071097,
                            -35.404761,
                            569.0
                        ],
                        [
                            149.071124,
                            -35.404775,
                            569.0
                        ],
                        [
                            149.071155,
                            -35.404788,
                            569.0
                        ],
                        [
                            149.071187,
                            -35.404806,
                            569.0
                        ],
                        [
                            149.071218,
                            -35.404811,
                            569.0
                        ],
                        [
                            149.071259,
                            -35.404826,
                            569.2
                        ],
                        [
                            149.071288,
                            -35.40484,
                            569.2
                        ],
                        [
                            149.071316,
                            -35.404849,
                            569.2
                        ],
                        [
                            149.07135,
                            -35.404858,
                            569.2
                        ],
                        [
                            149.071382,
                            -35.404862,
                            569.2
                        ],
                        [
                            149.071417,
                            -35.404876,
                            569.2
                        ],
                        [
                            149.071454,
                            -35.404893,
                            569.2
                        ],
                        [
                            149.071484,
                            -35.404898,
                            569.2
                        ],
                        [
                            149.071523,
                            -35.404909,
                            569.4
                        ],
                        [
                            149.071559,
                            -35.404925,
                            569.4
                        ],
                        [
                            149.071593,
                            -35.404931,
                            569.4
                        ],
                        [
                            149.071634,
                            -35.404945,
                            569.4
                        ],
                        [
                            149.071665,
                            -35.40495,
                            569.4
                        ],
                        [
                            149.071706,
                            -35.404963,
                            569.4
                        ],
                        [
                            149.071741,
                            -35.404974,
                            569.4
                        ],
                        [
                            149.071772,
                            -35.404979,
                            569.4
                        ],
                        [
                            149.071806,
                            -35.404993,
                            569.4
                        ],
                        [
                            149.071836,
                            -35.405001,
                            569.4
                        ],
                        [
                            149.071874,
                            -35.405017,
                            569.6
                        ],
                        [
                            149.071903,
                            -35.405032,
                            569.6
                        ],
                        [
                            149.071927,
                            -35.405041,
                            569.6
                        ],
                        [
                            149.07196,
                            -35.405064,
                            569.6
                        ],
                        [
                            149.071984,
                            -35.405082,
                            569.6
                        ],
                        [
                            149.072009,
                            -35.405098,
                            569.6
                        ],
                        [
                            149.072038,
                            -35.405121,
                            569.6
                        ],
                        [
                            149.072064,
                            -35.405135,
                            569.6
                        ],
                        [
                            149.072087,
                            -35.405162,
                            569.4
                        ],
                        [
                            149.072097,
                            -35.405189,
                            569.4
                        ],
                        [
                            149.072114,
                            -35.405215,
                            569.4
                        ],
                        [
                            149.072133,
                            -35.405243,
                            569.4
                        ],
                        [
                            149.072149,
                            -35.405265,
                            569.4
                        ],
                        [
                            149.072163,
                            -35.405291,
                            569.6
                        ],
                        [
                            149.072173,
                            -35.405316,
                            569.6
                        ],
                        [
                            149.072185,
                            -35.405336,
                            569.6
                        ],
                        [
                            149.072198,
                            -35.405366,
                            569.6
                        ],
                        [
                            149.072206,
                            -35.405391,
                            569.6
                        ],
                        [
                            149.072218,
                            -35.405417,
                            569.6
                        ],
                        [
                            149.072233,
                            -35.405443,
                            569.6
                        ],
                        [
                            149.072246,
                            -35.405465,
                            569.6
                        ],
                        [
                            149.072259,
                            -35.405488,
                            569.6
                        ],
                        [
                            149.072263,
                            -35.405513,
                            569.6
                        ],
                        [
                            149.072274,
                            -35.405537,
                            569.8
                        ],
                        [
                            149.07228,
                            -35.405565,
                            569.8
                        ],
                        [
                            149.072288,
                            -35.40559,
                            569.8
                        ],
                        [
                            149.072299,
                            -35.405621,
                            569.8
                        ],
                        [
                            149.0723,
                            -35.405652,
                            569.8
                        ],
                        [
                            149.072305,
                            -35.405679,
                            569.8
                        ],
                        [
                            149.072306,
                            -35.40571,
                            570.0
                        ],
                        [
                            149.072302,
                            -35.405737,
                            570.0
                        ],
                        [
                            149.072305,
                            -35.405763,
                            570.0
                        ],
                        [
                            149.072299,
                            -35.405797,
                            570.2
                        ],
                        [
                            149.072294,
                            -35.405823,
                            570.0
                        ],
                        [
                            149.07229,
                            -35.405861,
                            570.0
                        ],
                        [
                            149.072279,
                            -35.405895,
                            570.0
                        ],
                        [
                            149.072273,
                            -35.405924,
                            570.0
                        ],
                        [
                            149.072264,
                            -35.40596,
                            570.0
                        ],
                        [
                            149.072251,
                            -35.405987,
                            570.0
                        ],
                        [
                            149.072247,
                            -35.406019,
                            570.2
                        ],
                        [
                            149.072233,
                            -35.406049,
                            570.2
                        ],
                        [
                            149.072224,
                            -35.406074,
                            570.2
                        ],
                        [
                            149.072201,
                            -35.406102,
                            570.2
                        ],
                        [
                            149.072177,
                            -35.406128,
                            570.2
                        ],
                        [
                            149.07217,
                            -35.406149,
                            570.2
                        ],
                        [
                            149.072146,
                            -35.40618,
                            570.2
                        ],
                        [
                            149.072126,
                            -35.406198,
                            570.4
                        ],
                        [
                            149.072111,
                            -35.406221,
                            570.4
                        ],
                        [
                            149.072085,
                            -35.406251,
                            570.4
                        ],
                        [
                            149.072076,
                            -35.406274,
                            570.4
                        ],
                        [
                            149.072055,
                            -35.406303,
                            570.4
                        ],
                        [
                            149.072036,
                            -35.406327,
                            570.4
                        ],
                        [
                            149.072031,
                            -35.406345,
                            570.4
                        ],
                        [
                            149.072013,
                            -35.406382,
                            570.4
                        ],
                        [
                            149.071998,
                            -35.406408,
                            570.4
                        ],
                        [
                            149.071988,
                            -35.406433,
                            570.6
                        ],
                        [
                            149.071976,
                            -35.406463,
                            570.6
                        ],
                        [
                            149.071977,
                            -35.406485,
                            570.6
                        ],
                        [
                            149.071973,
                            -35.40652,
                            570.6
                        ],
                        [
                            149.071964,
                            -35.406548,
                            570.6
                        ],
                        [
                            149.071966,
                            -35.40657,
                            570.6
                        ],
                        [
                            149.071965,
                            -35.40661,
                            570.6
                        ],
                        [
                            149.071961,
                            -35.406637,
                            570.6
                        ],
                        [
                            149.071965,
                            -35.406665,
                            570.6
                        ],
                        [
                            149.071972,
                            -35.406698,
                            570.6
                        ],
                        [
                            149.071989,
                            -35.406719,
                            570.6
                        ],
                        [
                            149.071996,
                            -35.406749,
                            570.6
                        ],
                        [
                            149.072002,
                            -35.406776,
                            570.6
                        ],
                        [
                            149.072016,
                            -35.406795,
                            570.6
                        ],
                        [
                            149.072026,
                            -35.406826,
                            570.6
                        ],
                        [
                            149.072035,
                            -35.406852,
                            570.6
                        ],
                        [
                            149.072047,
                            -35.406879,
                            570.6
                        ],
                        [
                            149.072059,
                            -35.406908,
                            570.6
                        ],
                        [
                            149.072073,
                            -35.406927,
                            570.6
                        ],
                        [
                            149.072084,
                            -35.406953,
                            570.6
                        ],
                        [
                            149.072089,
                            -35.406982,
                            570.8
                        ],
                        [
                            149.0721,
                            -35.407008,
                            570.8
                        ],
                        [
                            149.072107,
                            -35.407047,
                            570.8
                        ],
                        [
                            149.072112,
                            -35.407073,
                            571.0
                        ],
                        [
                            149.072119,
                            -35.4071,
                            571.0
                        ],
                        [
                            149.072122,
                            -35.407126,
                            571.0
                        ],
                        [
                            149.072134,
                            -35.407151,
                            571.0
                        ],
                        [
                            149.072139,
                            -35.407179,
                            571.0
                        ],
                        [
                            149.072135,
                            -35.407209,
                            571.2
                        ],
                        [
                            149.07214,
                            -35.407238,
                            571.2
                        ],
                        [
                            149.072137,
                            -35.407274,
                            571.2
                        ],
                        [
                            149.07214,
                            -35.407298,
                            571.2
                        ],
                        [
                            149.072137,
                            -35.407331,
                            571.2
                        ],
                        [
                            149.072122,
                            -35.407363,
                            571.2
                        ],
                        [
                            149.072122,
                            -35.407389,
                            571.4
                        ],
                        [
                            149.072108,
                            -35.407422,
                            571.4
                        ],
                        [
                            149.072082,
                            -35.407447,
                            571.4
                        ],
                        [
                            149.072064,
                            -35.407471,
                            571.6
                        ],
                        [
                            149.072028,
                            -35.407491,
                            571.6
                        ],
                        [
                            149.071994,
                            -35.407505,
                            571.6
                        ],
                        [
                            149.071965,
                            -35.407512,
                            571.6
                        ],
                        [
                            149.071927,
                            -35.407517,
                            571.6
                        ],
                        [
                            149.071895,
                            -35.407517,
                            571.6
                        ],
                        [
                            149.071857,
                            -35.407515,
                            571.6
                        ],
                        [
                            149.071819,
                            -35.407512,
                            571.8
                        ],
                        [
                            149.071788,
                            -35.407508,
                            571.8
                        ],
                        [
                            149.071747,
                            -35.407504,
                            571.8
                        ],
                        [
                            149.07171,
                            -35.407496,
                            571.8
                        ],
                        [
                            149.07168,
                            -35.40749,
                            572.0
                        ],
                        [
                            149.071642,
                            -35.407478,
                            571.8
                        ],
                        [
                            149.071611,
                            -35.407471,
                            571.8
                        ],
                        [
                            149.071581,
                            -35.407464,
                            571.8
                        ],
                        [
                            149.071545,
                            -35.407456,
                            571.8
                        ],
                        [
                            149.071512,
                            -35.407452,
                            572.0
                        ],
                        [
                            149.071474,
                            -35.407447,
                            572.0
                        ],
                        [
                            149.071441,
                            -35.407441,
                            572.0
                        ],
                        [
                            149.071411,
                            -35.407435,
                            572.2
                        ],
                        [
                            149.071371,
                            -35.407428,
                            572.2
                        ],
                        [
                            149.071339,
                            -35.407432,
                            572.0
                        ],
                        [
                            149.071301,
                            -35.407427,
                            572.0
                        ],
                        [
                            149.071264,
                            -35.407422,
                            572.0
                        ],
                        [
                            149.071235,
                            -35.407423,
                            572.0
                        ],
                        [
                            149.071192,
                            -35.407417,
                            572.0
                        ],
                        [
                            149.071161,
                            -35.40741,
                            572.0
                        ],
                        [
                            149.071127,
                            -35.407405,
                            572.0
                        ],
                        [
                            149.071089,
                            -35.407401,
                            571.8
                        ],
                        [
                            149.071062,
                            -35.407399,
                            571.8
                        ],
                        [
                            149.071025,
                            -35.407394,
                            571.8
                        ],
                        [
                            149.070994,
                            -35.407384,
                            571.8
                        ],
                        [
                            149.070963,
                            -35.407381,
                            572.0
                        ],
                        [
                            149.070926,
                            -35.407375,
                            572.0
                        ],
                        [
                            149.070897,
                            -35.407372,
                            571.8
                        ],
                        [
                            149.070864,
                            -35.407364,
                            571.6
                        ],
                        [
                            149.070828,
                            -35.407353,
                            571.6
                        ],
                        [
                            149.070795,
                            -35.407351,
                            571.6
                        ],
                        [
                            149.070753,
                            -35.407345,
                            571.4
                        ],
                        [
                            149.070718,
                            -35.407338,
                            571.4
                        ],
                        [
                            149.070693,
                            -35.407337,
                            571.6
                        ],
                        [
                            149.070653,
                            -35.407332,
                            571.4
                        ],
                        [
                            149.070617,
                            -35.407334,
                            571.4
                        ],
                        [
                            149.070583,
                            -35.407339,
                            571.2
                        ],
                        [
                            149.070544,
                            -35.407344,
                            571.0
                        ],
                        [
                            149.070511,
                            -35.407353,
                            570.8
                        ],
                        [
                            149.07048,
                            -35.407362,
                            570.4
                        ],
                        [
                            149.070448,
                            -35.407372,
                            570.4
                        ],
                        [
                            149.070427,
                            -35.407381,
                            570.4
                        ],
                        [
                            149.070396,
                            -35.407401,
                            570.2
                        ],
                        [
                            149.070374,
                            -35.40742,
                            570.2
                        ],
                        [
                            149.070353,
                            -35.40744,
                            570.0
                        ],
                        [
                            149.07033,
                            -35.407466,
                            570.0
                        ],
                        [
                            149.070325,
                            -35.407488,
                            569.8
                        ],
                        [
                            149.07031,
                            -35.407519,
                            569.8
                        ],
                        [
                            149.0703,
                            -35.407539,
                            569.8
                        ],
                        [
                            149.070292,
                            -35.407564,
                            570.0
                        ],
                        [
                            149.070277,
                            -35.407596,
                            570.0
                        ],
                        [
                            149.070271,
                            -35.40762,
                            570.0
                        ],
                        [
                            149.07026,
                            -35.407648,
                            570.0
                        ],
                        [
                            149.070242,
                            -35.407675,
                            570.0
                        ],
                        [
                            149.070238,
                            -35.4077,
                            570.2
                        ],
                        [
                            149.070224,
                            -35.407732,
                            570.2
                        ],
                        [
                            149.07021,
                            -35.407755,
                            570.2
                        ],
                        [
                            149.070203,
                            -35.407779,
                            570.4
                        ],
                        [
                            149.070189,
                            -35.407808,
                            570.4
                        ],
                        [
                            149.07018,
                            -35.407832,
                            570.4
                        ],
                        [
                            149.07017,
                            -35.40786,
                            570.6
                        ],
                        [
                            149.070154,
                            -35.407885,
                            570.6
                        ],
                        [
                            149.070152,
                            -35.407908,
                            570.6
                        ],
                        [
                            149.070138,
                            -35.407937,
                            570.6
                        ],
                        [
                            149.070122,
                            -35.407963,
                            570.8
                        ],
                        [
                            149.070115,
                            -35.407989,
                            570.8
                        ],
                        [
                            149.070098,
                            -35.408022,
                            571.0
                        ],
                        [
                            149.070094,
                            -35.408047,
                            571.0
                        ],
                        [
                            149.07008,
                            -35.408075,
                            571.2
                        ],
                        [
                            149.070066,
                            -35.408105,
                            571.2
                        ],
                        [
                            149.070059,
                            -35.408131,
                            571.4
                        ],
                        [
                            149.070047,
                            -35.408161,
                            571.4
                        ],
                        [
                            149.070036,
                            -35.408181,
                            571.6
                        ],
                        [
                            149.070025,
                            -35.408203,
                            571.6
                        ],
                        [
                            149.07001,
                            -35.40823,
                            571.8
                        ],
                        [
                            149.07,
                            -35.408252,
                            571.8
                        ],
                        [
                            149.069989,
                            -35.408276,
                            571.8
                        ],
                        [
                            149.069974,
                            -35.408302,
                            572.0
                        ],
                        [
                            149.069969,
                            -35.408322,
                            572.0
                        ],
                        [
                            149.069961,
                            -35.408346,
                            572.2
                        ],
                        [
                            149.069947,
                            -35.408369,
                            572.2
                        ],
                        [
                            149.069938,
                            -35.408395,
                            572.4
                        ],
                        [
                            149.06993,
                            -35.408427,
                            572.4
                        ],
                        [
                            149.069931,
                            -35.408456,
                            572.4
                        ],
                        [
                            149.069935,
                            -35.408482,
                            572.6
                        ],
                        [
                            149.069942,
                            -35.408511,
                            572.6
                        ],
                        [
                            149.069947,
                            -35.408536,
                            572.6
                        ],
                        [
                            149.069955,
                            -35.408564,
                            572.6
                        ],
                        [
                            149.069961,
                            -35.40859,
                            572.6
                        ],
                        [
                            149.069977,
                            -35.408611,
                            572.4
                        ],
                        [
                            149.069997,
                            -35.408639,
                            572.4
                        ],
                        [
                            149.070019,
                            -35.40866,
                            572.4
                        ],
                        [
                            149.070044,
                            -35.408684,
                            572.4
                        ],
                        [
                            149.070072,
                            -35.408709,
                            572.4
                        ],
                        [
                            149.070097,
                            -35.408728,
                            572.4
                        ],
                        [
                            149.070125,
                            -35.408751,
                            572.4
                        ],
                        [
                            149.070155,
                            -35.40877,
                            572.2
                        ],
                        [
                            149.070181,
                            -35.408785,
                            572.2
                        ],
                        [
                            149.070214,
                            -35.40881,
                            572.2
                        ],
                        [
                            149.070242,
                            -35.40883,
                            572.2
                        ],
                        [
                            149.070269,
                            -35.408846,
                            572.2
                        ],
                        [
                            149.0703,
                            -35.408869,
                            572.2
                        ],
                        [
                            149.070328,
                            -35.408889,
                            572.0
                        ],
                        [
                            149.070352,
                            -35.408911,
                            571.8
                        ],
                        [
                            149.070376,
                            -35.408938,
                            571.8
                        ],
                        [
                            149.070397,
                            -35.408957,
                            571.8
                        ],
                        [
                            149.070425,
                            -35.408986,
                            571.6
                        ],
                        [
                            149.070443,
                            -35.409012,
                            571.6
                        ],
                        [
                            149.070461,
                            -35.409033,
                            571.6
                        ],
                        [
                            149.070486,
                            -35.409059,
                            571.6
                        ],
                        [
                            149.070504,
                            -35.40908,
                            571.4
                        ],
                        [
                            149.070525,
                            -35.409101,
                            571.4
                        ],
                        [
                            149.070549,
                            -35.409129,
                            571.4
                        ],
                        [
                            149.070571,
                            -35.409146,
                            571.4
                        ],
                        [
                            149.070598,
                            -35.409171,
                            571.2
                        ],
                        [
                            149.070625,
                            -35.409194,
                            571.2
                        ],
                        [
                            149.070648,
                            -35.40921,
                            571.2
                        ],
                        [
                            149.070679,
                            -35.409229,
                            571.2
                        ],
                        [
                            149.070705,
                            -35.409241,
                            571.2
                        ],
                        [
                            149.070734,
                            -35.409253,
                            571.4
                        ],
                        [
                            149.070766,
                            -35.409265,
                            571.4
                        ],
                        [
                            149.070792,
                            -35.409272,
                            571.2
                        ],
                        [
                            149.07083,
                            -35.409282,
                            571.2
                        ],
                        [
                            149.07086,
                            -35.409289,
                            571.2
                        ],
                        [
                            149.070895,
                            -35.409293,
                            571.2
                        ],
                        [
                            149.070931,
                            -35.409302,
                            571.2
                        ],
                        [
                            149.070967,
                            -35.409308,
                            571.2
                        ],
                        [
                            149.071003,
                            -35.409316,
                            571.2
                        ],
                        [
                            149.071039,
                            -35.409326,
                            571.0
                        ],
                        [
                            149.071069,
                            -35.409334,
                            570.8
                        ],
                        [
                            149.071106,
                            -35.40935,
                            570.8
                        ],
                        [
                            149.071137,
                            -35.409368,
                            570.6
                        ],
                        [
                            149.071169,
                            -35.409383,
                            570.4
                        ],
                        [
                            149.071201,
                            -35.409407,
                            570.4
                        ],
                        [
                            149.071226,
                            -35.409429,
                            570.2
                        ],
                        [
                            149.071253,
                            -35.409454,
                            570.0
                        ],
                        [
                            149.071266,
                            -35.409486,
                            570.0
                        ],
                        [
                            149.071277,
                            -35.409508,
                            570.0
                        ],
                        [
                            149.071287,
                            -35.409537,
                            569.8
                        ],
                        [
                            149.071291,
                            -35.409562,
                            569.8
                        ],
                        [
                            149.071303,
                            -35.409586,
                            569.8
                        ],
                        [
                            149.071309,
                            -35.40962,
                            569.8
                        ],
                        [
                            149.071313,
                            -35.409647,
                            569.8
                        ],
                        [
                            149.071322,
                            -35.409671,
                            569.8
                        ],
                        [
                            149.071326,
                            -35.4097,
                            569.8
                        ],
                        [
                            149.071332,
                            -35.409725,
                            569.8
                        ],
                        [
                            149.071342,
                            -35.409758,
                            569.8
                        ],
                        [
                            149.071346,
                            -35.409783,
                            569.8
                        ],
                        [
                            149.071354,
                            -35.409807,
                            570.0
                        ],
                        [
                            149.071356,
                            -35.409843,
                            570.0
                        ],
                        [
                            149.07136,
                            -35.40987,
                            570.0
                        ],
                        [
                            149.071361,
                            -35.409905,
                            570.2
                        ],
                        [
                            149.071355,
                            -35.409936,
                            570.2
                        ],
                        [
                            149.071354,
                            -35.409962,
                            570.2
                        ],
                        [
                            149.071347,
                            -35.409996,
                            570.2
                        ],
                        [
                            149.071339,
                            -35.410026,
                            570.2
                        ],
                        [
                            149.071337,
                            -35.410052,
                            570.0
                        ],
                        [
                            149.071327,
                            -35.410087,
                            570.0
                        ],
                        [
                            149.071318,
                            -35.410117,
                            570.0
                        ],
                        [
                            149.071308,
                            -35.410145,
                            570.0
                        ],
                        [
                            149.071295,
                            -35.410173,
                            570.0
                        ],
                        [
                            149.071289,
                            -35.410198,
                            570.2
                        ],
                        [
                            149.071274,
                            -35.410229,
                            570.2
                        ],
                        [
                            149.071273,
                            -35.410256,
                            570.2
                        ],
                        [
                            149.071266,
                            -35.410291,
                            570.2
                        ],
                        [
                            149.071262,
                            -35.410321,
                            570.2
                        ],
                        [
                            149.071266,
                            -35.410347,
                            570.2
                        ],
                        [
                            149.071258,
                            -35.41038,
                            570.2
                        ],
                        [
                            149.07125,
                            -35.410404,
                            570.2
                        ],
                        [
                            149.071247,
                            -35.410432,
                            570.2
                        ],
                        [
                            149.071237,
                            -35.410468,
                            570.2
                        ],
                        [
                            149.071237,
                            -35.410496,
                            570.2
                        ],
                        [
                            149.071231,
                            -35.410527,
                            570.4
                        ],
                        [
                            149.071219,
                            -35.410557,
                            570.4
                        ],
                        [
                            149.071216,
                            -35.41058,
                            570.4
                        ],
                        [
                            149.071209,
                            -35.41061,
                            570.4
                        ],
                        [
                            149.0712,
                            -35.410636,
                            570.4
                        ],
                        [
                            149.071197,
                            -35.410661,
                            570.6
                        ],
                        [
                            149.071192,
                            -35.410691,
                            570.4
                        ],
                        [
                            149.071186,
                            -35.410716,
                            570.4
                        ],
                        [
                            149.07118,
                            -35.410743,
                            570.4
                        ],
                        [
                            149.071164,
                            -35.410773,
                            570.4
                        ],
                        [
                            149.071161,
                            -35.410797,
                            570.4
                        ],
                        [
                            149.07115,
                            -35.410827,
                            570.4
                        ],
                        [
                            149.071141,
                            -35.410851,
                            570.6
                        ],
                        [
                            149.071135,
                            -35.410874,
                            570.6
                        ],
                        [
                            149.071122,
                            -35.410906,
                            570.6
                        ],
                        [
                            149.071111,
                            -35.410931,
                            570.6
                        ],
                        [
                            149.071103,
                            -35.410956,
                            570.6
                        ],
                        [
                            149.071085,
                            -35.410988,
                            570.6
                        ],
                        [
                            149.071073,
                            -35.411015,
                            570.6
                        ],
                        [
                            149.071064,
                            -35.411041,
                            570.4
                        ],
                        [
                            149.071052,
                            -35.41107,
                            570.6
                        ],
                        [
                            149.071048,
                            -35.411098,
                            570.6
                        ],
                        [
                            149.071041,
                            -35.411131,
                            570.6
                        ],
                        [
                            149.071037,
                            -35.411158,
                            570.4
                        ],
                        [
                            149.071039,
                            -35.411185,
                            570.4
                        ],
                        [
                            149.071037,
                            -35.411216,
                            570.4
                        ],
                        [
                            149.071046,
                            -35.411241,
                            570.4
                        ],
                        [
                            149.071055,
                            -35.41127,
                            570.2
                        ],
                        [
                            149.071062,
                            -35.411298,
                            570.2
                        ],
                        [
                            149.071073,
                            -35.411321,
                            570.2
                        ],
                        [
                            149.071086,
                            -35.411352,
                            570.2
                        ],
                        [
                            149.071097,
                            -35.411376,
                            570.2
                        ],
                        [
                            149.071113,
                            -35.411399,
                            570.0
                        ],
                        [
                            149.071127,
                            -35.411422,
                            570.0
                        ],
                        [
                            149.071145,
                            -35.411442,
                            570.0
                        ],
                        [
                            149.071162,
                            -35.411466,
                            570.0
                        ],
                        [
                            149.071175,
                            -35.411488,
                            570.0
                        ],
                        [
                            149.071194,
                            -35.411507,
                            570.0
                        ],
                        [
                            149.071212,
                            -35.41154,
                            570.0
                        ],
                        [
                            149.071226,
                            -35.411566,
                            570.2
                        ],
                        [
                            149.071241,
                            -35.411587,
                            570.0
                        ],
                        [
                            149.071257,
                            -35.41162,
                            570.0
                        ],
                        [
                            149.071278,
                            -35.411645,
                            570.0
                        ],
                        [
                            149.071294,
                            -35.411672,
                            570.0
                        ],
                        [
                            149.071307,
                            -35.411701,
                            569.8
                        ],
                        [
                            149.071322,
                            -35.411724,
                            569.8
                        ],
                        [
                            149.07134,
                            -35.411756,
                            569.8
                        ],
                        [
                            149.07135,
                            -35.411784,
                            569.6
                        ],
                        [
                            149.071364,
                            -35.411808,
                            569.6
                        ],
                        [
                            149.071378,
                            -35.411837,
                            569.4
                        ],
                        [
                            149.071394,
                            -35.411864,
                            569.2
                        ],
                        [
                            149.071364,
                            -35.411886,
                            569.4
                        ],
                        [
                            149.071354,
                            -35.411867,
                            569.4
                        ],
                        [
                            149.071345,
                            -35.411846,
                            569.6
                        ],
                        [
                            149.071331,
                            -35.411815,
                            569.6
                        ],
                        [
                            149.071316,
                            -35.411786,
                            569.8
                        ],
                        [
                            149.071298,
                            -35.411758,
                            569.8
                        ],
                        [
                            149.07128,
                            -35.411727,
                            569.8
                        ],
                        [
                            149.071261,
                            -35.411698,
                            569.8
                        ],
                        [
                            149.071245,
                            -35.411668,
                            569.8
                        ],
                        [
                            149.071229,
                            -35.411635,
                            569.8
                        ],
                        [
                            149.071209,
                            -35.411609,
                            569.8
                        ],
                        [
                            149.07119,
                            -35.411577,
                            570.0
                        ],
                        [
                            149.071177,
                            -35.411549,
                            570.0
                        ],
                        [
                            149.071156,
                            -35.411521,
                            570.0
                        ],
                        [
                            149.071135,
                            -35.411489,
                            570.0
                        ],
                        [
                            149.071111,
                            -35.411465,
                            570.0
                        ],
                        [
                            149.07109,
                            -35.411436,
                            570.0
                        ],
                        [
                            149.071077,
                            -35.41141,
                            570.0
                        ],
                        [
                            149.071063,
                            -35.411386,
                            570.0
                        ],
                        [
                            149.071049,
                            -35.411349,
                            570.0
                        ],
                        [
                            149.07103,
                            -35.411322,
                            570.0
                        ],
                        [
                            149.071025,
                            -35.411288,
                            570.2
                        ],
                        [
                            149.071018,
                            -35.411259,
                            570.2
                        ],
                        [
                            149.07101,
                            -35.411232,
                            570.2
                        ],
                        [
                            149.071012,
                            -35.411194,
                            570.4
                        ],
                        [
                            149.071014,
                            -35.411163,
                            570.4
                        ],
                        [
                            149.071017,
                            -35.411131,
                            570.4
                        ],
                        [
                            149.071027,
                            -35.411097,
                            570.4
                        ],
                        [
                            149.071032,
                            -35.411067,
                            570.4
                        ],
                        [
                            149.071048,
                            -35.411033,
                            570.4
                        ],
                        [
                            149.07106,
                            -35.411005,
                            570.4
                        ],
                        [
                            149.07107,
                            -35.410977,
                            570.4
                        ],
                        [
                            149.071089,
                            -35.410942,
                            570.4
                        ],
                        [
                            149.071099,
                            -35.410914,
                            570.4
                        ],
                        [
                            149.07111,
                            -35.410881,
                            570.4
                        ],
                        [
                            149.071124,
                            -35.410846,
                            570.4
                        ],
                        [
                            149.071132,
                            -35.410815,
                            570.4
                        ],
                        [
                            149.071142,
                            -35.410779,
                            570.4
                        ],
                        [
                            149.071147,
                            -35.41075,
                            570.4
                        ],
                        [
                            149.071153,
                            -35.410717,
                            570.2
                        ],
                        [
                            149.07116,
                            -35.410683,
                            570.2
                        ],
                        [
                            149.071169,
                            -35.41065,
                            570.2
                        ],
                        [
                            149.071177,
                            -35.410611,
                            570.4
                        ],
                        [
                            149.071182,
                            -35.410579,
                            570.4
                        ],
                        [
                            149.071186,
                            -35.410552,
                            570.2
                        ],
                        [
                            149.071197,
                            -35.410514,
                            570.2
                        ],
                        [
                            149.071198,
                            -35.410488,
                            570.2
                        ],
                        [
                            149.071205,
                            -35.410456,
                            570.0
                        ],
                        [
                            149.071217,
                            -35.410423,
                            570.2
                        ],
                        [
                            149.071223,
                            -35.410392,
                            570.2
                        ],
                        [
                            149.071232,
                            -35.41035,
                            570.2
                        ],
                        [
                            149.071234,
                            -35.410321,
                            570.2
                        ],
                        [
                            149.07124,
                            -35.410293,
                            570.0
                        ],
                        [
                            149.07125,
                            -35.410258,
                            570.0
                        ],
                        [
                            149.071254,
                            -35.410232,
                            570.0
                        ],
                        [
                            149.071262,
                            -35.410204,
                            570.0
                        ],
                        [
                            149.071272,
                            -35.410175,
                            570.0
                        ],
                        [
                            149.071275,
                            -35.410146,
                            570.0
                        ],
                        [
                            149.071289,
                            -35.41011,
                            570.0
                        ],
                        [
                            149.07129,
                            -35.410083,
                            569.8
                        ],
                        [
                            149.071297,
                            -35.410048,
                            569.8
                        ],
                        [
                            149.071306,
                            -35.41002,
                            569.8
                        ],
                        [
                            149.071307,
                            -35.409994,
                            569.8
                        ],
                        [
                            149.071315,
                            -35.409961,
                            569.8
                        ],
                        [
                            149.071322,
                            -35.409934,
                            569.8
                        ],
                        [
                            149.071322,
                            -35.409906,
                            569.8
                        ],
                        [
                            149.071323,
                            -35.409873,
                            569.8
                        ],
                        [
                            149.071316,
                            -35.409849,
                            569.8
                        ],
                        [
                            149.071316,
                            -35.409816,
                            569.8
                        ],
                        [
                            149.071315,
                            -35.409788,
                            569.8
                        ],
                        [
                            149.071314,
                            -35.409761,
                            569.8
                        ],
                        [
                            149.071314,
                            -35.409731,
                            569.6
                        ],
                        [
                            149.07131,
                            -35.409704,
                            569.6
                        ],
                        [
                            149.071305,
                            -35.409678,
                            569.4
                        ],
                        [
                            149.071305,
                            -35.409647,
                            569.6
                        ],
                        [
                            149.071299,
                            -35.409621,
                            569.6
                        ],
                        [
                            149.071302,
                            -35.409588,
                            569.6
                        ],
                        [
                            149.071301,
                            -35.409556,
                            569.6
                        ],
                        [
                            149.071294,
                            -35.409534,
                            569.6
                        ],
                        [
                            149.07129,
                            -35.409501,
                            569.6
                        ],
                        [
                            149.071278,
                            -35.40948,
                            569.4
                        ],
                        [
                            149.071259,
                            -35.409458,
                            569.4
                        ],
                        [
                            149.07124,
                            -35.409434,
                            569.4
                        ],
                        [
                            149.071215,
                            -35.409415,
                            569.6
                        ],
                        [
                            149.071176,
                            -35.409389,
                            569.6
                        ],
                        [
                            149.071149,
                            -35.40938,
                            569.8
                        ],
                        [
                            149.071111,
                            -35.409364,
                            570.0
                        ],
                        [
                            149.071075,
                            -35.409352,
                            570.2
                        ],
                        [
                            149.071042,
                            -35.409346,
                            570.4
                        ],
                        [
                            149.071002,
                            -35.409338,
                            570.4
                        ],
                        [
                            149.070969,
                            -35.409331,
                            570.6
                        ],
                        [
                            149.070936,
                            -35.409327,
                            570.8
                        ],
                        [
                            149.070897,
                            -35.409318,
                            570.8
                        ],
                        [
                            149.070862,
                            -35.409316,
                            570.8
                        ],
                        [
                            149.070823,
                            -35.409311,
                            570.8
                        ],
                        [
                            149.070785,
                            -35.409302,
                            571.0
                        ],
                        [
                            149.070752,
                            -35.409296,
                            571.0
                        ],
                        [
                            149.070713,
                            -35.409283,
                            571.0
                        ],
                        [
                            149.070681,
                            -35.409264,
                            571.0
                        ],
                        [
                            149.070649,
                            -35.409253,
                            571.0
                        ],
                        [
                            149.070617,
                            -35.409228,
                            570.8
                        ],
                        [
                            149.070594,
                            -35.409212,
                            570.8
                        ],
                        [
                            149.070569,
                            -35.409193,
                            570.8
                        ],
                        [
                            149.070548,
                            -35.409171,
                            570.8
                        ],
                        [
                            149.070526,
                            -35.409152,
                            570.8
                        ],
                        [
                            149.070508,
                            -35.409125,
                            571.0
                        ],
                        [
                            149.070491,
                            -35.409106,
                            571.0
                        ],
                        [
                            149.070472,
                            -35.409084,
                            571.2
                        ],
                        [
                            149.070453,
                            -35.409051,
                            571.2
                        ],
                        [
                            149.070432,
                            -35.409032,
                            571.2
                        ],
                        [
                            149.070413,
                            -35.409006,
                            571.2
                        ],
                        [
                            149.070395,
                            -35.408977,
                            571.2
                        ],
                        [
                            149.070372,
                            -35.408958,
                            571.2
                        ],
                        [
                            149.070346,
                            -35.408931,
                            571.4
                        ],
                        [
                            149.070324,
                            -35.408914,
                            571.4
                        ],
                        [
                            149.070297,
                            -35.408895,
                            571.4
                        ],
                        [
                            149.07027,
                            -35.40887,
                            571.4
                        ],
                        [
                            149.070244,
                            -35.408854,
                            571.4
                        ],
                        [
                            149.070209,
                            -35.408835,
                            571.6
                        ],
                        [
                            149.070186,
                            -35.408817,
                            571.6
                        ],
                        [
                            149.070156,
                            -35.4088,
                            571.8
                        ],
                        [
                            149.070121,
                            -35.408779,
                            571.8
                        ],
                        [
                            149.070096,
                            -35.40877,
                            571.8
                        ],
                        [
                            149.070062,
                            -35.408754,
                            571.8
                        ],
                        [
                            149.070038,
                            -35.408731,
                            571.8
                        ],
                        [
                            149.070015,
                            -35.408713,
                            571.8
                        ],
                        [
                            149.069992,
                            -35.408683,
                            572.0
                        ],
                        [
                            149.069976,
                            -35.408662,
                            572.0
                        ],
                        [
                            149.069959,
                            -35.408636,
                            572.0
                        ],
                        [
                            149.069946,
                            -35.408607,
                            572.2
                        ],
                        [
                            149.069937,
                            -35.408579,
                            572.2
                        ],
                        [
                            149.069932,
                            -35.408545,
                            572.2
                        ],
                        [
                            149.069936,
                            -35.408515,
                            572.2
                        ],
                        [
                            149.06994,
                            -35.408492,
                            572.2
                        ],
                        [
                            149.069949,
                            -35.408455,
                            572.2
                        ],
                        [
                            149.069959,
                            -35.408432,
                            572.2
                        ],
                        [
                            149.069969,
                            -35.408406,
                            572.0
                        ],
                        [
                            149.069986,
                            -35.408382,
                            571.8
                        ],
                        [
                            149.069999,
                            -35.408357,
                            571.8
                        ],
                        [
                            149.070008,
                            -35.408327,
                            571.6
                        ],
                        [
                            149.070014,
                            -35.408291,
                            571.4
                        ],
                        [
                            149.070018,
                            -35.408259,
                            571.4
                        ],
                        [
                            149.070029,
                            -35.408224,
                            571.4
                        ],
                        [
                            149.070034,
                            -35.408194,
                            571.2
                        ],
                        [
                            149.070043,
                            -35.408166,
                            571.0
                        ],
                        [
                            149.070057,
                            -35.408134,
                            571.0
                        ],
                        [
                            149.070063,
                            -35.408105,
                            571.0
                        ],
                        [
                            149.070076,
                            -35.408071,
                            570.8
                        ],
                        [
                            149.070088,
                            -35.408042,
                            570.6
                        ],
                        [
                            149.070096,
                            -35.408016,
                            570.6
                        ],
                        [
                            149.070112,
                            -35.407983,
                            570.4
                        ],
                        [
                            149.070119,
                            -35.407959,
                            570.2
                        ],
                        [
                            149.070129,
                            -35.407931,
                            570.0
                        ],
                        [
                            149.070142,
                            -35.407901,
                            570.0
                        ],
                        [
                            149.070149,
                            -35.407874,
                            570.0
                        ],
                        [
                            149.070161,
                            -35.407839,
                            569.8
                        ],
                        [
                            149.070165,
                            -35.407812,
                            569.8
                        ],
                        [
                            149.070176,
                            -35.407784,
                            569.8
                        ],
                        [
                            149.070194,
                            -35.407756,
                            569.6
                        ],
                        [
                            149.070205,
                            -35.407731,
                            569.6
                        ],
                        [
                            149.07022,
                            -35.407696,
                            569.4
                        ],
                        [
                            149.07023,
                            -35.407669,
                            569.4
                        ],
                        [
                            149.070237,
                            -35.407639,
                            569.2
                        ],
                        [
                            149.070249,
                            -35.407608,
                            569.2
                        ],
                        [
                            149.070254,
                            -35.40758,
                            569.2
                        ],
                        [
                            149.070259,
                            -35.407551,
                            569.2
                        ],
                        [
                            149.070271,
                            -35.407525,
                            569.2
                        ],
                        [
                            149.070283,
                            -35.407499,
                            569.2
                        ],
                        [
                            149.070303,
                            -35.407472,
                            569.2
                        ],
                        [
                            149.070323,
                            -35.407451,
                            569.2
                        ],
                        [
                            149.070346,
                            -35.407428,
                            569.0
                        ],
                        [
                            149.070376,
                            -35.407406,
                            569.0
                        ],
                        [
                            149.070397,
                            -35.407385,
                            569.2
                        ],
                        [
                            149.070429,
                            -35.407367,
                            569.2
                        ],
                        [
                            149.070457,
                            -35.407351,
                            569.4
                        ],
                        [
                            149.070484,
                            -35.407335,
                            569.6
                        ],
                        [
                            149.070523,
                            -35.407325,
                            569.6
                        ],
                        [
                            149.07056,
                            -35.407319,
                            569.8
                        ],
                        [
                            149.070596,
                            -35.407313,
                            570.0
                        ],
                        [
                            149.07064,
                            -35.407315,
                            570.0
                        ],
                        [
                            149.070674,
                            -35.40731,
                            570.2
                        ],
                        [
                            149.070719,
                            -35.407311,
                            570.2
                        ],
                        [
                            149.070756,
                            -35.407318,
                            570.4
                        ],
                        [
                            149.070788,
                            -35.407322,
                            570.6
                        ],
                        [
                            149.070829,
                            -35.407329,
                            570.6
                        ],
                        [
                            149.070861,
                            -35.407335,
                            570.8
                        ],
                        [
                            149.070897,
                            -35.407343,
                            570.8
                        ],
                        [
                            149.070937,
                            -35.407353,
                            570.8
                        ],
                        [
                            149.070964,
                            -35.407355,
                            570.8
                        ],
                        [
                            149.071004,
                            -35.407362,
                            571.0
                        ],
                        [
                            149.071033,
                            -35.40737,
                            571.0
                        ],
                        [
                            149.071065,
                            -35.407372,
                            571.0
                        ],
                        [
                            149.071109,
                            -35.407382,
                            571.0
                        ],
                        [
                            149.071143,
                            -35.407386,
                            571.0
                        ],
                        [
                            149.071176,
                            -35.407392,
                            571.0
                        ],
                        [
                            149.071216,
                            -35.407406,
                            571.0
                        ],
                        [
                            149.071251,
                            -35.407411,
                            571.0
                        ],
                        [
                            149.07129,
                            -35.407418,
                            571.0
                        ],
                        [
                            149.071324,
                            -35.407423,
                            571.0
                        ],
                        [
                            149.071358,
                            -35.40743,
                            571.0
                        ],
                        [
                            149.071403,
                            -35.407438,
                            571.0
                        ],
                        [
                            149.071441,
                            -35.407441,
                            571.0
                        ],
                        [
                            149.071483,
                            -35.407449,
                            571.2
                        ],
                        [
                            149.071521,
                            -35.407459,
                            571.0
                        ],
                        [
                            149.07155,
                            -35.407464,
                            571.0
                        ],
                        [
                            149.071591,
                            -35.407477,
                            571.0
                        ],
                        [
                            149.071627,
                            -35.40748,
                            571.0
                        ],
                        [
                            149.071663,
                            -35.407486,
                            571.0
                        ],
                        [
                            149.071703,
                            -35.407494,
                            571.0
                        ],
                        [
                            149.071739,
                            -35.407498,
                            571.0
                        ],
                        [
                            149.07178,
                            -35.407504,
                            571.0
                        ],
                        [
                            149.071819,
                            -35.407509,
                            571.0
                        ],
                        [
                            149.071855,
                            -35.407511,
                            570.8
                        ],
                        [
                            149.071895,
                            -35.407507,
                            570.8
                        ],
                        [
                            149.071928,
                            -35.407498,
                            570.8
                        ],
                        [
                            149.071963,
                            -35.407485,
                            570.8
                        ],
                        [
                            149.072,
                            -35.407467,
                            570.8
                        ],
                        [
                            149.072022,
                            -35.407445,
                            570.8
                        ],
                        [
                            149.072044,
                            -35.407422,
                            570.8
                        ],
                        [
                            149.072064,
                            -35.407392,
                            570.8
                        ],
                        [
                            149.072068,
                            -35.407363,
                            570.6
                        ],
                        [
                            149.072075,
                            -35.40733,
                            570.6
                        ],
                        [
                            149.072078,
                            -35.4073,
                            570.6
                        ],
                        [
                            149.072074,
                            -35.407272,
                            570.6
                        ],
                        [
                            149.072077,
                            -35.40724,
                            570.4
                        ],
                        [
                            149.072078,
                            -35.407212,
                            570.4
                        ],
                        [
                            149.07208,
                            -35.407183,
                            570.4
                        ],
                        [
                            149.072084,
                            -35.407154,
                            570.2
                        ],
                        [
                            149.072083,
                            -35.407133,
                            570.2
                        ],
                        [
                            149.072084,
                            -35.407103,
                            570.2
                        ],
                        [
                            149.07208,
                            -35.407076,
                            570.0
                        ],
                        [
                            149.072075,
                            -35.407049,
                            570.0
                        ],
                        [
                            149.072067,
                            -35.407016,
                            570.0
                        ],
                        [
                            149.072059,
                            -35.406993,
                            569.8
                        ],
                        [
                            149.072051,
                            -35.406963,
                            569.8
                        ],
                        [
                            149.07204,
                            -35.406934,
                            569.8
                        ],
                        [
                            149.072029,
                            -35.406907,
                            569.8
                        ],
                        [
                            149.07202,
                            -35.406872,
                            569.8
                        ],
                        [
                            149.07201,
                            -35.406845,
                            569.6
                        ],
                        [
                            149.071999,
                            -35.406812,
                            569.6
                        ],
                        [
                            149.071985,
                            -35.40678,
                            569.6
                        ],
                        [
                            149.071978,
                            -35.406756,
                            569.8
                        ],
                        [
                            149.071975,
                            -35.406726,
                            569.8
                        ],
                        [
                            149.071969,
                            -35.406699,
                            569.6
                        ],
                        [
                            149.071964,
                            -35.406671,
                            569.6
                        ],
                        [
                            149.071963,
                            -35.406641,
                            569.6
                        ],
                        [
                            149.071961,
                            -35.406616,
                            569.4
                        ],
                        [
                            149.07196,
                            -35.406584,
                            569.4
                        ],
                        [
                            149.071954,
                            -35.406551,
                            569.4
                        ],
                        [
                            149.071951,
                            -35.406521,
                            569.4
                        ],
                        [
                            149.07196,
                            -35.406485,
                            569.6
                        ],
                        [
                            149.071963,
                            -35.406455,
                            569.6
                        ],
                        [
                            149.071967,
                            -35.40642,
                            569.6
                        ],
                        [
                            149.071982,
                            -35.406388,
                            569.6
                        ],
                        [
                            149.071988,
                            -35.406359,
                            569.6
                        ],
                        [
                            149.072002,
                            -35.406325,
                            569.6
                        ],
                        [
                            149.072018,
                            -35.406301,
                            569.6
                        ],
                        [
                            149.072029,
                            -35.406272,
                            569.6
                        ],
                        [
                            149.072048,
                            -35.406241,
                            569.6
                        ],
                        [
                            149.072062,
                            -35.406214,
                            569.4
                        ],
                        [
                            149.072077,
                            -35.406184,
                            569.4
                        ],
                        [
                            149.072098,
                            -35.406159,
                            569.4
                        ],
                        [
                            149.072117,
                            -35.406136,
                            569.4
                        ],
                        [
                            149.072135,
                            -35.40611,
                            569.4
                        ],
                        [
                            149.07215,
                            -35.406086,
                            569.6
                        ],
                        [
                            149.072159,
                            -35.406062,
                            569.4
                        ],
                        [
                            149.07218,
                            -35.406032,
                            569.4
                        ],
                        [
                            149.072195,
                            -35.406008,
                            569.4
                        ],
                        [
                            149.072208,
                            -35.405978,
                            569.4
                        ],
                        [
                            149.072225,
                            -35.405944,
                            569.4
                        ],
                        [
                            149.072229,
                            -35.405916,
                            569.4
                        ],
                        [
                            149.072237,
                            -35.405883,
                            569.4
                        ],
                        [
                            149.072246,
                            -35.405856,
                            569.4
                        ],
                        [
                            149.07225,
                            -35.40583,
                            569.4
                        ],
                        [
                            149.072255,
                            -35.4058,
                            569.4
                        ],
                        [
                            149.072261,
                            -35.405774,
                            569.4
                        ],
                        [
                            149.072262,
                            -35.405745,
                            569.4
                        ],
                        [
                            149.072266,
                            -35.405712,
                            569.4
                        ],
                        [
                            149.072263,
                            -35.405684,
                            569.2
                        ],
                        [
                            149.072258,
                            -35.405649,
                            569.2
                        ],
                        [
                            149.07226,
                            -35.405621,
                            569.2
                        ],
                        [
                            149.072253,
                            -35.4056,
                            569.2
                        ],
                        [
                            149.07225,
                            -35.405571,
                            569.2
                        ],
                        [
                            149.072247,
                            -35.40555,
                            569.2
                        ],
                        [
                            149.072242,
                            -35.405523,
                            569.2
                        ],
                        [
                            149.072241,
                            -35.405496,
                            569.2
                        ],
                        [
                            149.07223,
                            -35.405472,
                            569.0
                        ],
                        [
                            149.072218,
                            -35.405441,
                            569.0
                        ],
                        [
                            149.072209,
                            -35.405417,
                            569.0
                        ],
                        [
                            149.072198,
                            -35.40539,
                            569.0
                        ],
                        [
                            149.072187,
                            -35.405362,
                            569.0
                        ],
                        [
                            149.072177,
                            -35.405338,
                            569.0
                        ],
                        [
                            149.072168,
                            -35.405316,
                            568.8
                        ],
                        [
                            149.07216,
                            -35.405289,
                            568.8
                        ],
                        [
                            149.072146,
                            -35.405268,
                            568.8
                        ],
                        [
                            149.072133,
                            -35.405237,
                            568.8
                        ],
                        [
                            149.072117,
                            -35.405216,
                            568.8
                        ],
                        [
                            149.072102,
                            -35.40519,
                            568.8
                        ],
                        [
                            149.072081,
                            -35.405163,
                            568.8
                        ],
                        [
                            149.072063,
                            -35.405149,
                            568.8
                        ],
                        [
                            149.072039,
                            -35.405128,
                            568.8
                        ],
                        [
                            149.07201,
                            -35.405107,
                            568.6
                        ],
                        [
                            149.071981,
                            -35.40509,
                            568.8
                        ],
                        [
                            149.071937,
                            -35.405068,
                            568.8
                        ],
                        [
                            149.071898,
                            -35.405053,
                            568.8
                        ],
                        [
                            149.07185,
                            -35.405036,
                            568.8
                        ],
                        [
                            149.071802,
                            -35.40502,
                            568.8
                        ],
                        [
                            149.07176,
                            -35.405007,
                            568.8
                        ],
                        [
                            149.071714,
                            -35.404994,
                            568.8
                        ],
                        [
                            149.071672,
                            -35.404981,
                            568.8
                        ],
                        [
                            149.071638,
                            -35.404973,
                            568.8
                        ],
                        [
                            149.071593,
                            -35.404956,
                            568.8
                        ],
                        [
                            149.071558,
                            -35.404938,
                            568.8
                        ],
                        [
                            149.071528,
                            -35.404929,
                            568.8
                        ],
                        [
                            149.071489,
                            -35.404913,
                            568.8
                        ],
                        [
                            149.07146,
                            -35.404902,
                            568.8
                        ],
                        [
                            149.071421,
                            -35.404891,
                            568.8
                        ],
                        [
                            149.071386,
                            -35.404876,
                            568.8
                        ],
                        [
                            149.071358,
                            -35.404867,
                            568.8
                        ],
                        [
                            149.07132,
                            -35.404853,
                            568.6
                        ],
                        [
                            149.071294,
                            -35.404842,
                            568.6
                        ],
                        [
                            149.071264,
                            -35.404829,
                            568.6
                        ],
                        [
                            149.071234,
                            -35.404815,
                            568.6
                        ],
                        [
                            149.071206,
                            -35.404804,
                            568.6
                        ],
                        [
                            149.071164,
                            -35.404788,
                            568.6
                        ],
                        [
                            149.071131,
                            -35.404777,
                            568.6
                        ],
                        [
                            149.071102,
                            -35.40477,
                            568.6
                        ],
                        [
                            149.071069,
                            -35.404758,
                            568.6
                        ],
                        [
                            149.07104,
                            -35.40475,
                            568.4
                        ],
                        [
                            149.071009,
                            -35.40474,
                            568.4
                        ],
                        [
                            149.070978,
                            -35.40473,
                            568.4
                        ],
                        [
                            149.070951,
                            -35.404722,
                            568.4
                        ],
                        [
                            149.070918,
                            -35.404709,
                            568.4
                        ],
                        [
                            149.070889,
                            -35.404698,
                            568.4
                        ],
                        [
                            149.070862,
                            -35.404688,
                            568.4
                        ],
                        [
                            149.070829,
                            -35.404675,
                            568.2
                        ],
                        [
                            149.070799,
                            -35.40466,
                            568.2
                        ],
                        [
                            149.070765,
                            -35.404644,
                            568.2
                        ],
                        [
                            149.070736,
                            -35.404623,
                            568.2
                        ],
                        [
                            149.070713,
                            -35.404608,
                            568.2
                        ],
                        [
                            149.070684,
                            -35.404582,
                            568.2
                        ],
                        [
                            149.070661,
                            -35.404564,
                            568.2
                        ],
                        [
                            149.070636,
                            -35.404546,
                            568.0
                        ],
                        [
                            149.070617,
                            -35.404523,
                            568.0
                        ],
                        [
                            149.0706,
                            -35.404505,
                            568.0
                        ],
                        [
                            149.070577,
                            -35.404481,
                            568.2
                        ],
                        [
                            149.070561,
                            -35.404459,
                            568.2
                        ],
                        [
                            149.070543,
                            -35.404438,
                            568.2
                        ],
                        [
                            149.070524,
                            -35.404405,
                            568.2
                        ],
                        [
                            149.070504,
                            -35.404386,
                            568.0
                        ],
                        [
                            149.070488,
                            -35.404357,
                            568.0
                        ],
                        [
                            149.070478,
                            -35.404332,
                            568.2
                        ],
                        [
                            149.070464,
                            -35.404304,
                            568.2
                        ],
                        [
                            149.07045,
                            -35.404271,
                            568.2
                        ],
                        [
                            149.070435,
                            -35.404248,
                            568.2
                        ],
                        [
                            149.070428,
                            -35.404214,
                            568.2
                        ],
                        [
                            149.070422,
                            -35.404184,
                            568.2
                        ],
                        [
                            149.070415,
                            -35.404156,
                            568.2
                        ],
                        [
                            149.070418,
                            -35.404127,
                            568.4
                        ],
                        [
                            149.070417,
                            -35.404101,
                            568.4
                        ],
                        [
                            149.07042,
                            -35.40407,
                            568.6
                        ],
                        [
                            149.070421,
                            -35.404042,
                            568.8
                        ],
                        [
                            149.070414,
                            -35.404018,
                            569.0
                        ],
                        [
                            149.070412,
                            -35.403985,
                            569.0
                        ],
                        [
                            149.070412,
                            -35.403959,
                            569.2
                        ],
                        [
                            149.070411,
                            -35.403931,
                            569.2
                        ],
                        [
                            149.070417,
                            -35.403898,
                            569.2
                        ],
                        [
                            149.070408,
                            -35.403869,
                            569.2
                        ],
                        [
                            149.070407,
                            -35.403833,
                            569.4
                        ],
                        [
                            149.070407,
                            -35.403804,
                            569.4
                        ],
                        [
                            149.070406,
                            -35.403778,
                            569.4
                        ],
                        [
                            149.070409,
                            -35.403748,
                            569.4
                        ],
                        [
                            149.070411,
                            -35.403721,
                            569.6
                        ],
                        [
                            149.070412,
                            -35.403695,
                            569.4
                        ],
                        [
                            149.070425,
                            -35.403664,
                            569.4
                        ],
                        [
                            149.070429,
                            -35.403638,
                            569.4
                        ],
                        [
                            149.070442,
                            -35.403609,
                            569.2
                        ],
                        [
                            149.07046,
                            -35.403584,
                            569.2
                        ],
                        [
                            149.070472,
                            -35.403562,
                            569.2
                        ],
                        [
                            149.070497,
                            -35.403535,
                            569.2
                        ],
                        [
                            149.070518,
                            -35.40351,
                            569.2
                        ],
                        [
                            149.070542,
                            -35.403482,
                            569.2
                        ],
                        [
                            149.070569,
                            -35.403454,
                            569.2
                        ],
                        [
                            149.070588,
                            -35.403428,
                            569.2
                        ],
                        [
                            149.070612,
                            -35.403398,
                            569.2
                        ],
                        [
                            149.070636,
                            -35.40338,
                            569.0
                        ],
                        [
                            149.070656,
                            -35.403356,
                            569.0
                        ],
                        [
                            149.070682,
                            -35.403322,
                            569.0
                        ],
                        [
                            149.070701,
                            -35.403301,
                            569.0
                        ],
                        [
                            149.07073,
                            -35.403278,
                            569.0
                        ],
                        [
                            149.070758,
                            -35.403256,
                            569.0
                        ],
                        [
                            149.070779,
                            -35.403238,
                            569.0
                        ],
                        [
                            149.070808,
                            -35.403215,
                            569.0
                        ],
                        [
                            149.070831,
                            -35.403198,
                            569.0
                        ],
                        [
                            149.070854,
                            -35.403176,
                            569.0
                        ],
                        [
                            149.070882,
                            -35.403154,
                            569.0
                        ],
                        [
                            149.070903,
                            -35.403133,
                            569.0
                        ],
                        [
                            149.070929,
                            -35.403112,
                            569.0
                        ],
                        [
                            149.070961,
                            -35.403097,
                            569.0
                        ],
                        [
                            149.070984,
                            -35.403082,
                            569.0
                        ],
                        [
                            149.071013,
                            -35.403063,
                            569.0
                        ],
                        [
                            149.071041,
                            -35.403051,
                            569.0
                        ],
                        [
                            149.071066,
                            -35.403037,
                            568.8
                        ],
                        [
                            149.071096,
                            -35.403022,
                            568.8
                        ],
                        [
                            149.071115,
                            -35.403006,
                            568.8
                        ],
                        [
                            149.071143,
                            -35.402988,
                            568.8
                        ],
                        [
                            149.071169,
                            -35.402973,
                            568.8
                        ],
                        [
                            149.071193,
                            -35.402956,
                            568.8
                        ],
                        [
                            149.071226,
                            -35.40294,
                            568.8
                        ],
                        [
                            149.071251,
                            -35.402927,
                            568.8
                        ],
                        [
                            149.071281,
                            -35.402908,
                            568.6
                        ],
                        [
                            149.071314,
                            -35.402891,
                            568.6
                        ],
                        [
                            149.071345,
                            -35.402874,
                            568.6
                        ],
                        [
                            149.071376,
                            -35.402857,
                            568.8
                        ],
                        [
                            149.071409,
                            -35.402846,
                            568.8
                        ],
                        [
                            149.071433,
                            -35.402829,
                            569.0
                        ],
                        [
                            149.071467,
                            -35.402812,
                            569.0
                        ],
                        [
                            149.071493,
                            -35.402796,
                            569.0
                        ],
                        [
                            149.071517,
                            -35.402779,
                            569.0
                        ],
                        [
                            149.071547,
                            -35.402759,
                            569.2
                        ],
                        [
                            149.071572,
                            -35.402742,
                            569.2
                        ],
                        [
                            149.0716,
                            -35.402723,
                            569.4
                        ],
                        [
                            149.071627,
                            -35.402703,
                            569.4
                        ],
                        [
                            149.071648,
                            -35.402685,
                            569.4
                        ],
                        [
                            149.071672,
                            -35.402662,
                            569.4
                        ],
                        [
                            149.071696,
                            -35.40264,
                            569.6
                        ],
                        [
                            149.071717,
                            -35.402613,
                            569.6
                        ],
                        [
                            149.071737,
                            -35.402584,
                            569.6
                        ],
                        [
                            149.071749,
                            -35.402558,
                            569.8
                        ],
                        [
                            149.071761,
                            -35.40253,
                            569.8
                        ],
                        [
                            149.07177,
                            -35.402496,
                            570.0
                        ],
                        [
                            149.071765,
                            -35.402474,
                            570.0
                        ],
                        [
                            149.071767,
                            -35.402441,
                            570.0
                        ],
                        [
                            149.071764,
                            -35.402412,
                            570.0
                        ],
                        [
                            149.071752,
                            -35.40239,
                            570.0
                        ],
                        [
                            149.07174,
                            -35.402361,
                            570.2
                        ],
                        [
                            149.071729,
                            -35.402338,
                            570.0
                        ],
                        [
                            149.071715,
                            -35.402313,
                            570.0
                        ],
                        [
                            149.071704,
                            -35.402289,
                            570.0
                        ],
                        [
                            149.071686,
                            -35.40227,
                            570.0
                        ],
                        [
                            149.071665,
                            -35.402242,
                            570.0
                        ],
                        [
                            149.071654,
                            -35.402219,
                            569.8
                        ],
                        [
                            149.071635,
                            -35.402194,
                            569.8
                        ],
                        [
                            149.071618,
                            -35.402164,
                            569.8
                        ],
                        [
                            149.071602,
                            -35.402138,
                            569.8
                        ],
                        [
                            149.071584,
                            -35.402109,
                            569.6
                        ],
                        [
                            149.071563,
                            -35.40208,
                            569.6
                        ],
                        [
                            149.071545,
                            -35.402058,
                            569.6
                        ],
                        [
                            149.071529,
                            -35.402031,
                            569.6
                        ],
                        [
                            149.071514,
                            -35.402001,
                            569.6
                        ],
                        [
                            149.071498,
                            -35.401979,
                            569.6
                        ],
                        [
                            149.071481,
                            -35.401949,
                            569.4
                        ],
                        [
                            149.071467,
                            -35.401922,
                            569.4
                        ],
                        [
                            149.071449,
                            -35.401899,
                            569.4
                        ],
                        [
                            149.071431,
                            -35.40187,
                            569.2
                        ],
                        [
                            149.071415,
                            -35.401848,
                            569.2
                        ],
                        [
                            149.071398,
                            -35.401822,
                            569.4
                        ],
                        [
                            149.071387,
                            -35.401795,
                            569.4
                        ],
                        [
                            149.07137,
                            -35.401777,
                            569.2
                        ],
                        [
                            149.071357,
                            -35.40175,
                            569.2
                        ],
                        [
                            149.071349,
                            -35.401726,
                            569.2
                        ],
                        [
                            149.071341,
                            -35.401701,
                            569.2
                        ],
                        [
                            149.071329,
                            -35.40167,
                            569.0
                        ],
                        [
                            149.071316,
                            -35.401646,
                            569.0
                        ],
                        [
                            149.071304,
                            -35.401623,
                            569.0
                        ],
                        [
                            149.071292,
                            -35.401594,
                            569.2
                        ],
                        [
                            149.071275,
                            -35.401575,
                            569.2
                        ],
                        [
                            149.071257,
                            -35.401545,
                            569.2
                        ],
                        [
                            149.071245,
                            -35.401516,
                            569.2
                        ],
                        [
                            149.071228,
                            -35.401495,
                            569.0
                        ],
                        [
                            149.071212,
                            -35.401462,
                            569.0
                        ],
                        [
                            149.071199,
                            -35.401437,
                            568.8
                        ],
                        [
                            149.071184,
                            -35.401408,
                            568.8
                        ],
                        [
                            149.071171,
                            -35.40138,
                            568.8
                        ],
                        [
                            149.071161,
                            -35.401353,
                            568.8
                        ],
                        [
                            149.071149,
                            -35.401323,
                            568.8
                        ],
                        [
                            149.071138,
                            -35.401297,
                            568.8
                        ],
                        [
                            149.071123,
                            -35.401272,
                            568.8
                        ],
                        [
                            149.071108,
                            -35.401241,
                            568.8
                        ],
                        [
                            149.071091,
                            -35.401219,
                            568.8
                        ],
                        [
                            149.071075,
                            -35.401193,
                            568.8
                        ],
                        [
                            149.071063,
                            -35.401165,
                            568.8
                        ],
                        [
                            149.071047,
                            -35.401143,
                            568.8
                        ],
                        [
                            149.071035,
                            -35.401112,
                            568.8
                        ],
                        [
                            149.071027,
                            -35.40108,
                            568.8
                        ],
                        [
                            149.071018,
                            -35.401055,
                            569.0
                        ],
                        [
                            149.071012,
                            -35.401024,
                            569.0
                        ],
                        [
                            149.071006,
                            -35.400997,
                            569.0
                        ],
                        [
                            149.070999,
                            -35.400973,
                            569.0
                        ],
                        [
                            149.070995,
                            -35.400941,
                            569.0
                        ],
                        [
                            149.070986,
                            -35.400917,
                            569.0
                        ],
                        [
                            149.070983,
                            -35.400885,
                            569.0
                        ],
                        [
                            149.070979,
                            -35.400853,
                            569.0
                        ],
                        [
                            149.070973,
                            -35.400826,
                            569.0
                        ],
                        [
                            149.07097,
                            -35.400791,
                            569.0
                        ],
                        [
                            149.070969,
                            -35.400764,
                            569.0
                        ],
                        [
                            149.070966,
                            -35.400738,
                            569.0
                        ],
                        [
                            149.07097,
                            -35.400708,
                            569.0
                        ],
                        [
                            149.07097,
                            -35.400684,
                            569.0
                        ],
                        [
                            149.070973,
                            -35.40065,
                            569.0
                        ],
                        [
                            149.070975,
                            -35.400625,
                            569.0
                        ],
                        [
                            149.070974,
                            -35.400598,
                            569.0
                        ],
                        [
                            149.070973,
                            -35.400568,
                            569.0
                        ],
                        [
                            149.070968,
                            -35.400541,
                            569.2
                        ],
                        [
                            149.070963,
                            -35.40051,
                            569.0
                        ],
                        [
                            149.070967,
                            -35.400476,
                            569.2
                        ],
                        [
                            149.070962,
                            -35.400449,
                            569.2
                        ],
                        [
                            149.070963,
                            -35.400418,
                            569.2
                        ],
                        [
                            149.070963,
                            -35.400391,
                            569.2
                        ],
                        [
                            149.070953,
                            -35.400365,
                            569.2
                        ],
                        [
                            149.070952,
                            -35.400337,
                            569.2
                        ],
                        [
                            149.07095,
                            -35.40031,
                            569.2
                        ],
                        [
                            149.070945,
                            -35.40028,
                            569.2
                        ],
                        [
                            149.070943,
                            -35.400244,
                            569.2
                        ],
                        [
                            149.070944,
                            -35.400217,
                            569.2
                        ],
                        [
                            149.070944,
                            -35.400184,
                            569.2
                        ],
                        [
                            149.070948,
                            -35.400153,
                            569.4
                        ],
                        [
                            149.070941,
                            -35.400123,
                            569.2
                        ],
                        [
                            149.070942,
                            -35.400088,
                            569.2
                        ],
                        [
                            149.070945,
                            -35.400061,
                            569.2
                        ],
                        [
                            149.070948,
                            -35.400032,
                            569.2
                        ],
                        [
                            149.070952,
                            -35.4,
                            569.2
                        ],
                        [
                            149.070953,
                            -35.399972,
                            569.2
                        ],
                        [
                            149.070955,
                            -35.399939,
                            569.2
                        ],
                        [
                            149.070957,
                            -35.399913,
                            569.4
                        ],
                        [
                            149.070959,
                            -35.399887,
                            569.4
                        ],
                        [
                            149.070966,
                            -35.399855,
                            569.2
                        ],
                        [
                            149.07097,
                            -35.39983,
                            569.4
                        ],
                        [
                            149.070976,
                            -35.399803,
                            569.4
                        ],
                        [
                            149.070988,
                            -35.399779,
                            569.4
                        ],
                        [
                            149.070997,
                            -35.399756,
                            569.4
                        ],
                        [
                            149.071007,
                            -35.399727,
                            569.4
                        ],
                        [
                            149.071016,
                            -35.399705,
                            569.6
                        ],
                        [
                            149.071029,
                            -35.399685,
                            569.4
                        ],
                        [
                            149.071042,
                            -35.399664,
                            569.4
                        ],
                        [
                            149.071048,
                            -35.399643,
                            569.4
                        ],
                        [
                            149.071062,
                            -35.399622,
                            569.4
                        ],
                        [
                            149.07108,
                            -35.399597,
                            569.4
                        ],
                        [
                            149.071092,
                            -35.39957,
                            569.4
                        ],
                        [
                            149.071105,
                            -35.399541,
                            569.4
                        ],
                        [
                            149.071115,
                            -35.399508,
                            569.4
                        ],
                        [
                            149.071133,
                            -35.399464,
                            569.4
                        ],
                        [
                            149.071155,
                            -35.399424,
                            569.4
                        ],
                        [
                            149.07117,
                            -35.399394,
                            569.6
                        ],
                        [
                            149.071187,
                            -35.399359,
                            569.6
                        ],
                        [
                            149.071205,
                            -35.399328,
                            569.6
                        ],
                        [
                            149.071217,
                            -35.399308,
                            569.6
                        ],
                        [
                            149.071243,
                            -35.399276,
                            569.6
                        ],
                        [
                            149.071257,
                            -35.399255,
                            569.4
                        ],
                        [
                            149.071275,
                            -35.399235,
                            569.4
                        ],
                        [
                            149.0713,
                            -35.399209,
                            569.6
                        ],
                        [
                            149.071313,
                            -35.399189,
                            569.6
                        ],
                        [
                            149.071334,
                            -35.39916,
                            569.8
                        ],
                        [
                            149.071356,
                            -35.399137,
                            569.8
                        ],
                        [
                            149.071371,
                            -35.399117,
                            570.0
                        ],
                        [
                            149.071401,
                            -35.399084,
                            570.0
                        ],
                        [
                            149.071419,
                            -35.399064,
                            570.0
                        ],
                        [
                            149.071438,
                            -35.399045,
                            570.0
                        ],
                        [
                            149.071469,
                            -35.399022,
                            570.2
                        ],
                        [
                            149.071487,
                            -35.399,
                            570.2
                        ],
                        [
                            149.071512,
                            -35.398976,
                            570.2
                        ],
                        [
                            149.071537,
                            -35.398955,
                            570.4
                        ],
                        [
                            149.071553,
                            -35.398937,
                            570.4
                        ],
                        [
                            149.07158,
                            -35.398909,
                            570.6
                        ],
                        [
                            149.071593,
                            -35.398889,
                            570.4
                        ],
                        [
                            149.071613,
                            -35.398866,
                            570.6
                        ],
                        [
                            149.071633,
                            -35.398844,
                            570.6
                        ],
                        [
                            149.071647,
                            -35.398824,
                            570.6
                        ],
                        [
                            149.071672,
                            -35.398795,
                            570.8
                        ],
                        [
                            149.071694,
                            -35.398778,
                            570.8
                        ],
                        [
                            149.071708,
                            -35.39876,
                            570.8
                        ],
                        [
                            149.071736,
                            -35.398732,
                            571.0
                        ],
                        [
                            149.071751,
                            -35.398711,
                            571.0
                        ],
                        [
                            149.071773,
                            -35.39869,
                            571.2
                        ],
                        [
                            149.071799,
                            -35.39867,
                            571.4
                        ],
                        [
                            149.071821,
                            -35.398651,
                            571.6
                        ],
                        [
                            149.071842,
                            -35.398624,
                            571.8
                        ],
                        [
                            149.071861,
                            -35.398605,
                            572.0
                        ],
                        [
                            149.071877,
                            -35.398587,
                            572.0
                        ],
                        [
                            149.071903,
                            -35.398559,
                            572.2
                        ],
                        [
                            149.071912,
                            -35.398538,
                            572.4
                        ],
                        [
                            149.071929,
                            -35.398518,
                            572.4
                        ],
                        [
                            149.071953,
                            -35.398493,
                            572.6
                        ],
                        [
                            149.071967,
                            -35.398472,
                            572.6
                        ],
                        [
                            149.071989,
                            -35.398448,
                            572.6
                        ],
                        [
                            149.072011,
                            -35.398426,
                            572.8
                        ],
                        [
                            149.072026,
                            -35.398407,
                            572.8
                        ],
                        [
                            149.072047,
                            -35.398383,
                            572.8
                        ],
                        [
                            149.072062,
                            -35.398362,
                            572.8
                        ],
                        [
                            149.072078,
                            -35.398341,
                            572.8
                        ],
                        [
                            149.072099,
                            -35.39831,
                            573.0
                        ],
                        [
                            149.072108,
                            -35.398289,
                            573.0
                        ],
                        [
                            149.072126,
                            -35.398262,
                            573.0
                        ],
                        [
                            149.072152,
                            -35.398244,
                            573.0
                        ],
                        [
                            149.072175,
                            -35.398231,
                            573.2
                        ],
                        [
                            149.07221,
                            -35.398214,
                            573.2
                        ],
                        [
                            149.072243,
                            -35.398203,
                            573.2
                        ],
                        [
                            149.072272,
                            -35.398192,
                            573.2
                        ],
                        [
                            149.072302,
                            -35.398166,
                            573.4
                        ],
                        [
                            149.072317,
                            -35.398145,
                            573.4
                        ],
                        [
                            149.072326,
                            -35.398124,
                            573.4
                        ],
                        [
                            149.072328,
                            -35.398094,
                            573.4
                        ],
                        [
                            149.072323,
                            -35.398072,
                            573.2
                        ],
                        [
                            149.072309,
                            -35.398039,
                            573.2
                        ],
                        [
                            149.072296,
                            -35.398013,
                            573.0
                        ],
                        [
                            149.072282,
                            -35.397992,
                            572.8
                        ],
                        [
                            149.072268,
                            -35.397964,
                            572.6
                        ],
                        [
                            149.072255,
                            -35.397942,
                            572.6
                        ],
                        [
                            149.072242,
                            -35.397922,
                            572.6
                        ],
                        [
                            149.072201,
                            -35.397916,
                            572.6
                        ],
                        [
                            149.072171,
                            -35.397908,
                            572.8
                        ],
                        [
                            149.072129,
                            -35.397903,
                            573.0
                        ],
                        [
                            149.072086,
                            -35.397899,
                            573.2
                        ],
                        [
                            149.072048,
                            -35.397898,
                            573.4
                        ],
                        [
                            149.072006,
                            -35.39789,
                            573.6
                        ],
                        [
                            149.071971,
                            -35.397881,
                            573.8
                        ],
                        [
                            149.071942,
                            -35.397869,
                            574.0
                        ],
                        [
                            149.071915,
                            -35.397852,
                            574.0
                        ],
                        [
                            149.071888,
                            -35.397842,
                            574.2
                        ],
                        [
                            149.071857,
                            -35.397827,
                            574.2
                        ],
                        [
                            149.071826,
                            -35.397808,
                            574.2
                        ],
                        [
                            149.071797,
                            -35.397796,
                            574.2
                        ],
                        [
                            149.071765,
                            -35.397778,
                            574.2
                        ],
                        [
                            149.07174,
                            -35.397758,
                            574.2
                        ],
                        [
                            149.071717,
                            -35.397744,
                            574.4
                        ],
                        [
                            149.071686,
                            -35.39772,
                            574.4
                        ],
                        [
                            149.071658,
                            -35.397705,
                            574.4
                        ],
                        [
                            149.071622,
                            -35.397686,
                            574.4
                        ],
                        [
                            149.071591,
                            -35.397668,
                            574.4
                        ],
                        [
                            149.071563,
                            -35.397657,
                            574.4
                        ],
                        [
                            149.071527,
                            -35.397644,
                            574.4
                        ],
                        [
                            149.071499,
                            -35.397638,
                            574.4
                        ],
                        [
                            149.071469,
                            -35.39763,
                            574.4
                        ],
                        [
                            149.071431,
                            -35.397618,
                            574.4
                        ],
                        [
                            149.071401,
                            -35.397615,
                            574.2
                        ],
                        [
                            149.071368,
                            -35.397606,
                            574.2
                        ],
                        [
                            149.07133,
                            -35.3976,
                            574.2
                        ],
                        [
                            149.071299,
                            -35.397595,
                            574.2
                        ],
                        [
                            149.071264,
                            -35.397589,
                            574.2
                        ],
                        [
                            149.07123,
                            -35.397587,
                            574.2
                        ],
                        [
                            149.071199,
                            -35.397588,
                            574.2
                        ],
                        [
                            149.071162,
                            -35.397586,
                            574.2
                        ],
                        [
                            149.071127,
                            -35.397584,
                            574.2
                        ],
                        [
                            149.071093,
                            -35.397584,
                            574.0
                        ],
                        [
                            149.071051,
                            -35.397584,
                            574.2
                        ],
                        [
                            149.071019,
                            -35.397587,
                            574.2
                        ],
                        [
                            149.070974,
                            -35.397582,
                            574.2
                        ],
                        [
                            149.070939,
                            -35.397584,
                            574.2
                        ],
                        [
                            149.070911,
                            -35.39759,
                            574.2
                        ],
                        [
                            149.070868,
                            -35.397595,
                            574.2
                        ],
                        [
                            149.070835,
                            -35.397599,
                            574.0
                        ],
                        [
                            149.070803,
                            -35.397607,
                            574.0
                        ],
                        [
                            149.070764,
                            -35.397616,
                            574.0
                        ],
                        [
                            149.070738,
                            -35.397628,
                            574.0
                        ],
                        [
                            149.070704,
                            -35.397638,
                            574.0
                        ],
                        [
                            149.070669,
                            -35.397644,
                            574.0
                        ],
                        [
                            149.070646,
                            -35.397653,
                            574.0
                        ],
                        [
                            149.070608,
                            -35.397668,
                            573.8
                        ],
                        [
                            149.070577,
                            -35.397678,
                            573.8
                        ],
                        [
                            149.070555,
                            -35.397692,
                            573.8
                        ],
                        [
                            149.070518,
                            -35.397702,
                            573.8
                        ],
                        [
                            149.070491,
                            -35.397709,
                            573.8
                        ],
                        [
                            149.071331,
                            -35.397578,
                            574.2
                        ],
                        [
                            149.071304,
                            -35.39758,
                            574.2
                        ],
                        [
                            149.071264,
                            -35.397577,
                            574.2
                        ],
                        [
                            149.071228,
                            -35.397572,
                            574.2
                        ],
                        [
                            149.07119,
                            -35.397571,
                            574.2
                        ],
                        [
                            149.07115,
                            -35.39757,
                            574.2
                        ],
                        [
                            149.071109,
                            -35.397573,
                            574.2
                        ],
                        [
                            149.07107,
                            -35.397577,
                            574.2
                        ],
                        [
                            149.071023,
                            -35.397576,
                            574.2
                        ],
                        [
                            149.070988,
                            -35.39758,
                            574.2
                        ],
                        [
                            149.070942,
                            -35.397584,
                            574.2
                        ],
                        [
                            149.070903,
                            -35.397588,
                            574.2
                        ],
                        [
                            149.070873,
                            -35.397593,
                            574.2
                        ],
                        [
                            149.070828,
                            -35.397599,
                            574.2
                        ],
                        [
                            149.070791,
                            -35.397605,
                            574.0
                        ],
                        [
                            149.070757,
                            -35.397616,
                            574.0
                        ],
                        [
                            149.070717,
                            -35.397626,
                            574.0
                        ],
                        [
                            149.070689,
                            -35.397638,
                            574.0
                        ],
                        [
                            149.070653,
                            -35.397655,
                            574.0
                        ],
                        [
                            149.070614,
                            -35.397663,
                            574.0
                        ],
                        [
                            149.07059,
                            -35.397678,
                            574.0
                        ],
                        [
                            149.070548,
                            -35.397691,
                            574.0
                        ],
                        [
                            149.070518,
                            -35.397699,
                            573.8
                        ],
                        [
                            149.070478,
                            -35.397711,
                            573.8
                        ],
                        [
                            149.070439,
                            -35.397722,
                            573.8
                        ],
                        [
                            149.070412,
                            -35.397733,
                            573.8
                        ],
                        [
                            149.070368,
                            -35.397736,
                            573.6
                        ],
                        [
                            149.070332,
                            -35.397734,
                            573.8
                        ],
                        [
                            149.070301,
                            -35.397735,
                            573.8
                        ],
                        [
                            149.070253,
                            -35.397735,
                            573.6
                        ],
                        [
                            149.070219,
                            -35.397736,
                            573.6
                        ],
                        [
                            149.07018,
                            -35.397737,
                            573.6
                        ],
                        [
                            149.07014,
                            -35.397739,
                            573.6
                        ],
                        [
                            149.07011,
                            -35.397746,
                            573.6
                        ],
                        [
                            149.070066,
                            -35.397748,
                            573.8
                        ],
                        [
                            149.070026,
                            -35.397748,
                            573.8
                        ],
                        [
                            149.069995,
                            -35.397757,
                            573.8
                        ],
                        [
                            149.069958,
                            -35.397766,
                            573.8
                        ],
                        [
                            149.069922,
                            -35.397769,
                            573.8
                        ],
                        [
                            149.069892,
                            -35.397777,
                            573.8
                        ],
                        [
                            149.069848,
                            -35.397782,
                            573.6
                        ],
                        [
                            149.069816,
                            -35.397793,
                            573.6
                        ],
                        [
                            149.06978,
                            -35.397802,
                            573.6
                        ],
                        [
                            149.069745,
                            -35.397802,
                            573.6
                        ],
                        [
                            149.069718,
                            -35.39781,
                            573.6
                        ],
                        [
                            149.069671,
                            -35.397818,
                            573.6
                        ],
                        [
                            149.069638,
                            -35.397824,
                            573.6
                        ],
                        [
                            149.069608,
                            -35.397831,
                            573.6
                        ],
                        [
                            149.069568,
                            -35.397841,
                            573.6
                        ],
                        [
                            149.069538,
                            -35.397854,
                            573.6
                        ],
                        [
                            149.0695,
                            -35.397864,
                            573.4
                        ],
                        [
                            149.069464,
                            -35.397874,
                            573.4
                        ],
                        [
                            149.069433,
                            -35.397889,
                            573.4
                        ],
                        [
                            149.069391,
                            -35.397901,
                            573.4
                        ],
                        [
                            149.069355,
                            -35.397913,
                            573.4
                        ],
                        [
                            149.069327,
                            -35.397931,
                            573.2
                        ],
                        [
                            149.069287,
                            -35.397943,
                            573.2
                        ],
                        [
                            149.06926,
                            -35.397961,
                            573.0
                        ],
                        [
                            149.069227,
                            -35.397974,
                            572.8
                        ],
                        [
                            149.069184,
                            -35.397981,
                            572.8
                        ],
                        [
                            149.069152,
                            -35.397992,
                            572.8
                        ],
                        [
                            149.069112,
                            -35.398006,
                            572.6
                        ],
                        [
                            149.06907,
                            -35.398016,
                            572.6
                        ],
                        [
                            149.069043,
                            -35.398028,
                            572.6
                        ],
                        [
                            149.069004,
                            -35.398041,
                            572.4
                        ],
                        [
                            149.068972,
                            -35.39805,
                            572.2
                        ],
                        [
                            149.068946,
                            -35.398064,
                            572.2
                        ],
                        [
                            149.068907,
                            -35.398077,
                            572.2
                        ],
                        [
                            149.068882,
                            -35.398095,
                            572.0
                        ],
                        [
                            149.068853,
                            -35.398109,
                            572.0
                        ],
                        [
                            149.068819,
                            -35.398124,
                            572.2
                        ],
                        [
                            149.068802,
                            -35.398145,
                            572.2
                        ],
                        [
                            149.068771,
                            -35.398156,
                            572.2
                        ],
                        [
                            149.068747,
                            -35.398175,
                            572.2
                        ],
                        [
                            149.068726,
                            -35.398192,
                            572.2
                        ],
                        [
                            149.068698,
                            -35.398213,
                            572.2
                        ],
                        [
                            149.068681,
                            -35.398231,
                            572.4
                        ],
                        [
                            149.06866,
                            -35.398252,
                            572.4
                        ],
                        [
                            149.068639,
                            -35.398275,
                            572.4
                        ],
                        [
                            149.068623,
                            -35.398297,
                            572.4
                        ],
                        [
                            149.068608,
                            -35.398325,
                            572.4
                        ],
                        [
                            149.068595,
                            -35.398357,
                            572.4
                        ],
                        [
                            149.068589,
                            -35.398381,
                            572.2
                        ],
                        [
                            149.068586,
                            -35.398417,
                            572.2
                        ],
                        [
                            149.068599,
                            -35.398449,
                            572.0
                        ],
                        [
                            149.06861,
                            -35.39848,
                            572.0
                        ],
                        [
                            149.068632,
                            -35.398513,
                            572.0
                        ],
                        [
                            149.068651,
                            -35.398538,
                            572.0
                        ],
                        [
                            149.068676,
                            -35.398564,
                            571.8
                        ],
                        [
                            149.068704,
                            -35.398593,
                            571.8
                        ],
                        [
                            149.068726,
                            -35.398615,
                            571.8
                        ],
                        [
                            149.068756,
                            -35.398644,
                            571.6
                        ],
                        [
                            149.068779,
                            -35.39867,
                            571.6
                        ],
                        [
                            149.068806,
                            -35.398692,
                            571.4
                        ],
                        [
                            149.068838,
                            -35.398718,
                            571.4
                        ],
                        [
                            149.068863,
                            -35.39874,
                            571.4
                        ],
                        [
                            149.068887,
                            -35.398763,
                            571.2
                        ],
                        [
                            149.068908,
                            -35.398788,
                            571.2
                        ],
                        [
                            149.068931,
                            -35.398808,
                            571.2
                        ],
                        [
                            149.068959,
                            -35.398835,
                            571.0
                        ],
                        [
                            149.068985,
                            -35.398856,
                            571.0
                        ],
                        [
                            149.069006,
                            -35.398876,
                            571.0
                        ],
                        [
                            149.069032,
                            -35.398903,
                            570.8
                        ],
                        [
                            149.069054,
                            -35.398925,
                            570.8
                        ],
                        [
                            149.069083,
                            -35.398943,
                            570.6
                        ],
                        [
                            149.069111,
                            -35.398967,
                            570.6
                        ],
                        [
                            149.06914,
                            -35.398985,
                            570.6
                        ],
                        [
                            149.069167,
                            -35.399009,
                            570.6
                        ],
                        [
                            149.069192,
                            -35.399031,
                            570.6
                        ],
                        [
                            149.069213,
                            -35.399051,
                            570.6
                        ],
                        [
                            149.069237,
                            -35.39908,
                            570.6
                        ],
                        [
                            149.06926,
                            -35.399099,
                            570.4
                        ],
                        [
                            149.069278,
                            -35.399121,
                            570.4
                        ],
                        [
                            149.0693,
                            -35.399151,
                            570.4
                        ],
                        [
                            149.069317,
                            -35.399172,
                            570.2
                        ],
                        [
                            149.069328,
                            -35.399199,
                            570.2
                        ],
                        [
                            149.069341,
                            -35.399223,
                            570.2
                        ],
                        [
                            149.069355,
                            -35.399244,
                            570.2
                        ],
                        [
                            149.069364,
                            -35.399274,
                            570.2
                        ],
                        [
                            149.069372,
                            -35.399299,
                            570.0
                        ],
                        [
                            149.069377,
                            -35.399324,
                            570.0
                        ],
                        [
                            149.069372,
                            -35.399361,
                            570.0
                        ],
                        [
                            149.069372,
                            -35.399388,
                            570.0
                        ],
                        [
                            149.069369,
                            -35.399422,
                            570.0
                        ],
                        [
                            149.069359,
                            -35.399455,
                            570.0
                        ],
                        [
                            149.069357,
                            -35.399479,
                            570.0
                        ],
                        [
                            149.069349,
                            -35.399514,
                            569.8
                        ],
                        [
                            149.069339,
                            -35.399539,
                            569.8
                        ],
                        [
                            149.069336,
                            -35.399571,
                            569.8
                        ],
                        [
                            149.069329,
                            -35.399603,
                            569.8
                        ],
                        [
                            149.069324,
                            -35.39963,
                            569.8
                        ],
                        [
                            149.069319,
                            -35.399657,
                            569.8
                        ],
                        [
                            149.069312,
                            -35.399681,
                            570.0
                        ],
                        [
                            149.069309,
                            -35.399707,
                            570.0
                        ],
                        [
                            149.069297,
                            -35.399736,
                            569.8
                        ],
                        [
                            149.069286,
                            -35.39976,
                            569.8
                        ],
                        [
                            149.069279,
                            -35.399784,
                            569.8
                        ],
                        [
                            149.069269,
                            -35.399816,
                            569.8
                        ],
                        [
                            149.069264,
                            -35.399845,
                            569.6
                        ],
                        [
                            149.069262,
                            -35.399883,
                            569.6
                        ],
                        [
                            149.069252,
                            -35.399915,
                            569.6
                        ],
                        [
                            149.069253,
                            -35.399948,
                            569.6
                        ],
                        [
                            149.069249,
                            -35.399982,
                            569.6
                        ],
                        [
                            149.06924,
                            -35.400012,
                            569.6
                        ],
                        [
                            149.069237,
                            -35.400045,
                            569.6
                        ],
                        [
                            149.069226,
                            -35.400076,
                            569.6
                        ],
                        [
                            149.069219,
                            -35.400107,
                            569.4
                        ],
                        [
                            149.069212,
                            -35.400137,
                            569.4
                        ],
                        [
                            149.069203,
                            -35.400165,
                            569.4
                        ],
                        [
                            149.069194,
                            -35.400191,
                            569.4
                        ],
                        [
                            149.069185,
                            -35.400219,
                            569.4
                        ],
                        [
                            149.069173,
                            -35.400247,
                            569.4
                        ],
                        [
                            149.069167,
                            -35.400272,
                            569.4
                        ],
                        [
                            149.069155,
                            -35.400304,
                            569.2
                        ],
                        [
                            149.069142,
                            -35.400331,
                            569.4
                        ],
                        [
                            149.069128,
                            -35.400363,
                            569.4
                        ],
                        [
                            149.069113,
                            -35.400395,
                            569.4
                        ],
                        [
                            149.069105,
                            -35.40042,
                            569.2
                        ],
                        [
                            149.069093,
                            -35.400453,
                            569.2
                        ],
                        [
                            149.069083,
                            -35.400477,
                            569.2
                        ],
                        [
                            149.069071,
                            -35.400503,
                            569.2
                        ],
                        [
                            149.069057,
                            -35.400535,
                            569.2
                        ],
                        [
                            149.069043,
                            -35.40056,
                            569.2
                        ],
                        [
                            149.069032,
                            -35.400589,
                            569.2
                        ],
                        [
                            149.069026,
                            -35.400625,
                            569.2
                        ],
                        [
                            149.069025,
                            -35.400653,
                            569.0
                        ],
                        [
                            149.069029,
                            -35.400685,
                            569.0
                        ],
                        [
                            149.069036,
                            -35.400718,
                            569.0
                        ],
                        [
                            149.06905,
                            -35.400743,
                            569.0
                        ],
                        [
                            149.069068,
                            -35.400772,
                            569.0
                        ],
                        [
                            149.069085,
                            -35.400798,
                            569.0
                        ],
                        [
                            149.069104,
                            -35.400824,
                            569.0
                        ],
                        [
                            149.069121,
                            -35.400855,
                            569.0
                        ],
                        [
                            149.069137,
                            -35.400886,
                            569.2
                        ],
                        [
                            149.069152,
                            -35.400917,
                            569.2
                        ],
                        [
                            149.069162,
                            -35.400944,
                            569.2
                        ],
                        [
                            149.069179,
                            -35.400968,
                            569.2
                        ],
                        [
                            149.069193,
                            -35.400997,
                            569.2
                        ],
                        [
                            149.069205,
                            -35.401023,
                            569.2
                        ],
                        [
                            149.069216,
                            -35.401047,
                            569.2
                        ],
                        [
                            149.069224,
                            -35.401077,
                            569.2
                        ],
                        [
                            149.069232,
                            -35.401104,
                            569.2
                        ],
                        [
                            149.069241,
                            -35.401135,
                            569.2
                        ],
                        [
                            149.069246,
                            -35.401164,
                            569.2
                        ],
                        [
                            149.069248,
                            -35.401186,
                            569.4
                        ],
                        [
                            149.069255,
                            -35.401218,
                            569.4
                        ],
                        [
                            149.069257,
                            -35.401246,
                            569.4
                        ],
                        [
                            149.069258,
                            -35.401269,
                            569.4
                        ],
                        [
                            149.069256,
                            -35.401303,
                            569.6
                        ],
                        [
                            149.069252,
                            -35.401326,
                            569.6
                        ],
                        [
                            149.06925,
                            -35.401355,
                            569.4
                        ],
                        [
                            149.069243,
                            -35.401388,
                            569.4
                        ],
                        [
                            149.069241,
                            -35.401414,
                            569.4
                        ],
                        [
                            149.069236,
                            -35.401448,
                            569.4
                        ],
                        [
                            149.069225,
                            -35.401477,
                            569.4
                        ],
                        [
                            149.069219,
                            -35.401505,
                            569.6
                        ],
                        [
                            149.069205,
                            -35.401537,
                            569.6
                        ],
                        [
                            149.069187,
                            -35.401566,
                            569.6
                        ],
                        [
                            149.069177,
                            -35.40159,
                            569.6
                        ],
                        [
                            149.069157,
                            -35.401618,
                            569.4
                        ],
                        [
                            149.069139,
                            -35.401643,
                            569.4
                        ],
                        [
                            149.069122,
                            -35.401667,
                            569.4
                        ],
                        [
                            149.069101,
                            -35.401698,
                            569.4
                        ],
                        [
                            149.069085,
                            -35.401719,
                            569.4
                        ],
                        [
                            149.069066,
                            -35.401753,
                            569.4
                        ],
                        [
                            149.069053,
                            -35.401781,
                            569.6
                        ],
                        [
                            149.06904,
                            -35.401812,
                            569.6
                        ],
                        [
                            149.069018,
                            -35.401841,
                            569.6
                        ],
                        [
                            149.069002,
                            -35.40187,
                            569.6
                        ],
                        [
                            149.068988,
                            -35.4019,
                            569.6
                        ],
                        [
                            149.068964,
                            -35.401926,
                            569.6
                        ],
                        [
                            149.068953,
                            -35.40195,
                            569.6
                        ],
                        [
                            149.068925,
                            -35.401973,
                            569.6
                        ],
                        [
                            149.068902,
                            -35.401996,
                            569.6
                        ],
                        [
                            149.068881,
                            -35.402023,
                            569.8
                        ],
                        [
                            149.068853,
                            -35.402044,
                            569.6
                        ],
                        [
                            149.068827,
                            -35.402061,
                            569.6
                        ],
                        [
                            149.068804,
                            -35.402083,
                            569.6
                        ],
                        [
                            149.068774,
                            -35.402105,
                            569.6
                        ],
                        [
                            149.068756,
                            -35.402131,
                            569.6
                        ],
                        [
                            149.068727,
                            -35.402155,
                            569.6
                        ],
                        [
                            149.068696,
                            -35.402175,
                            569.6
                        ],
                        [
                            149.06867,
                            -35.402194,
                            569.6
                        ],
                        [
                            149.068637,
                            -35.402218,
                            569.6
                        ],
                        [
                            149.068612,
                            -35.402234,
                            569.6
                        ],
                        [
                            149.068592,
                            -35.402253,
                            569.6
                        ],
                        [
                            149.068564,
                            -35.402274,
                            569.6
                        ],
                        [
                            149.06854,
                            -35.402294,
                            569.6
                        ],
                        [
                            149.068518,
                            -35.402316,
                            569.6
                        ],
                        [
                            149.068489,
                            -35.402337,
                            569.6
                        ],
                        [
                            149.068469,
                            -35.402361,
                            569.6
                        ],
                        [
                            149.068436,
                            -35.402383,
                            569.6
                        ],
                        [
                            149.068405,
                            -35.402405,
                            569.6
                        ],
                        [
                            149.068382,
                            -35.402427,
                            569.8
                        ],
                        [
                            149.068346,
                            -35.402451,
                            569.8
                        ],
                        [
                            149.068325,
                            -35.402475,
                            569.8
                        ],
                        [
                            149.068303,
                            -35.402499,
                            569.8
                        ],
                        [
                            149.068275,
                            -35.402522,
                            570.0
                        ],
                        [
                            149.068256,
                            -35.402543,
                            570.0
                        ],
                        [
                            149.068226,
                            -35.402572,
                            569.8
                        ],
                        [
                            149.068203,
                            -35.402593,
                            570.0
                        ],
                        [
                            149.068187,
                            -35.402612,
                            570.0
                        ],
                        [
                            149.068159,
                            -35.402637,
                            570.0
                        ],
                        [
                            149.068135,
                            -35.402657,
                            570.0
                        ],
                        [
                            149.068115,
                            -35.402679,
                            569.8
                        ],
                        [
                            149.068086,
                            -35.402706,
                            569.8
                        ],
                        [
                            149.068062,
                            -35.402725,
                            569.8
                        ],
                        [
                            149.068035,
                            -35.402747,
                            569.8
                        ],
                        [
                            149.068001,
                            -35.402765,
                            569.8
                        ],
                        [
                            149.067982,
                            -35.402783,
                            569.8
                        ],
                        [
                            149.067952,
                            -35.402806,
                            569.8
                        ],
                        [
                            149.067915,
                            -35.40282,
                            569.8
                        ],
                        [
                            149.067885,
                            -35.402841,
                            569.8
                        ],
                        [
                            149.067842,
                            -35.402858,
                            569.8
                        ],
                        [
                            149.0678,
                            -35.402862,
                            569.6
                        ],
                        [
                            149.067765,
                            -35.402873,
                            569.4
                        ],
                        [
                            149.067718,
                            -35.402875,
                            569.4
                        ],
                        [
                            149.067679,
                            -35.402872,
                            569.2
                        ],
                        [
                            149.06764,
                            -35.402875,
                            569.2
                        ],
                        [
                            149.067598,
                            -35.402874,
                            569.2
                        ],
                        [
                            149.067559,
                            -35.402869,
                            569.2
                        ],
                        [
                            149.067526,
                            -35.402871,
                            569.2
                        ],
                        [
                            149.067483,
                            -35.402875,
                            569.2
                        ],
                        [
                            149.06745,
                            -35.402881,
                            569.0
                        ],
                        [
                            149.067416,
                            -35.40289,
                            569.0
                        ],
                        [
                            149.067384,
                            -35.402906,
                            568.8
                        ],
                        [
                            149.067362,
                            -35.402924,
                            568.8
                        ],
                        [
                            149.067337,
                            -35.402944,
                            568.8
                        ],
                        [
                            149.067314,
                            -35.402966,
                            568.8
                        ],
                        [
                            149.067302,
                            -35.402987,
                            568.8
                        ],
                        [
                            149.067284,
                            -35.403011,
                            568.8
                        ],
                        [
                            149.067262,
                            -35.40303,
                            568.8
                        ],
                        [
                            149.067246,
                            -35.403053,
                            568.8
                        ],
                        [
                            149.067223,
                            -35.403086,
                            569.0
                        ],
                        [
                            149.067199,
                            -35.403115,
                            569.0
                        ],
                        [
                            149.067184,
                            -35.403141,
                            569.0
                        ],
                        [
                            149.067159,
                            -35.403173,
                            569.0
                        ],
                        [
                            149.067146,
                            -35.4032,
                            569.0
                        ],
                        [
                            149.067135,
                            -35.403229,
                            569.2
                        ],
                        [
                            149.067118,
                            -35.403263,
                            569.2
                        ],
                        [
                            149.067107,
                            -35.403291,
                            569.2
                        ],
                        [
                            149.067099,
                            -35.403324,
                            569.4
                        ],
                        [
                            149.067088,
                            -35.403358,
                            569.4
                        ],
                        [
                            149.067083,
                            -35.40339,
                            569.4
                        ],
                        [
                            149.067076,
                            -35.403429,
                            569.4
                        ],
                        [
                            149.067061,
                            -35.403462,
                            569.4
                        ],
                        [
                            149.067052,
                            -35.403489,
                            569.4
                        ],
                        [
                            149.067037,
                            -35.403522,
                            569.4
                        ],
                        [
                            149.067024,
                            -35.40355,
                            569.4
                        ],
                        [
                            149.067016,
                            -35.403579,
                            569.4
                        ],
                        [
                            149.067005,
                            -35.403609,
                            569.4
                        ],
                        [
                            149.066995,
                            -35.403639,
                            569.4
                        ],
                        [
                            149.066988,
                            -35.403668,
                            569.4
                        ],
                        [
                            149.066983,
                            -35.4037,
                            569.4
                        ],
                        [
                            149.066991,
                            -35.403728,
                            569.4
                        ],
                        [
                            149.066989,
                            -35.403757,
                            569.4
                        ],
                        [
                            149.066989,
                            -35.403789,
                            569.4
                        ],
                        [
                            149.066992,
                            -35.403822,
                            569.6
                        ],
                        [
                            149.066996,
                            -35.403853,
                            569.4
                        ],
                        [
                            149.066995,
                            -35.403886,
                            569.4
                        ],
                        [
                            149.067001,
                            -35.403912,
                            569.4
                        ],
                        [
                            149.06701,
                            -35.403948,
                            569.4
                        ],
                        [
                            149.067017,
                            -35.403972,
                            569.4
                        ],
                        [
                            149.067027,
                            -35.404,
                            569.2
                        ],
                        [
                            149.067032,
                            -35.404033,
                            569.2
                        ],
                        [
                            149.067041,
                            -35.404058,
                            569.2
                        ],
                        [
                            149.067052,
                            -35.404091,
                            569.2
                        ],
                        [
                            149.067059,
                            -35.404123,
                            569.2
                        ],
                        [
                            149.067065,
                            -35.404147,
                            569.4
                        ],
                        [
                            149.067066,
                            -35.404182,
                            569.4
                        ],
                        [
                            149.067065,
                            -35.404213,
                            569.4
                        ],
                        [
                            149.067076,
                            -35.404238,
                            569.4
                        ],
                        [
                            149.06708,
                            -35.40427,
                            569.2
                        ],
                        [
                            149.067079,
                            -35.404294,
                            569.2
                        ],
                        [
                            149.067078,
                            -35.404321,
                            569.2
                        ],
                        [
                            149.067076,
                            -35.404356,
                            569.2
                        ],
                        [
                            149.067068,
                            -35.404384,
                            569.2
                        ],
                        [
                            149.067067,
                            -35.40441,
                            569.2
                        ],
                        [
                            149.067053,
                            -35.404445,
                            569.2
                        ],
                        [
                            149.06705,
                            -35.404474,
                            569.2
                        ],
                        [
                            149.067041,
                            -35.404505,
                            569.2
                        ],
                        [
                            149.067028,
                            -35.404535,
                            569.2
                        ],
                        [
                            149.067029,
                            -35.404564,
                            569.2
                        ],
                        [
                            149.067019,
                            -35.404591,
                            569.2
                        ],
                        [
                            149.067003,
                            -35.404616,
                            569.0
                        ],
                        [
                            149.066993,
                            -35.404641,
                            569.0
                        ],
                        [
                            149.066979,
                            -35.404671,
                            569.0
                        ],
                        [
                            149.066965,
                            -35.404695,
                            569.0
                        ],
                        [
                            149.066953,
                            -35.404725,
                            569.0
                        ],
                        [
                            149.066933,
                            -35.404758,
                            569.0
                        ],
                        [
                            149.066921,
                            -35.404785,
                            568.8
                        ],
                        [
                            149.066907,
                            -35.404814,
                            568.8
                        ],
                        [
                            149.066888,
                            -35.404839,
                            568.8
                        ],
                        [
                            149.066879,
                            -35.404867,
                            568.8
                        ],
                        [
                            149.066863,
                            -35.404899,
                            568.8
                        ],
                        [
                            149.066846,
                            -35.404925,
                            568.6
                        ],
                        [
                            149.066835,
                            -35.40495,
                            568.6
                        ],
                        [
                            149.06682,
                            -35.404978,
                            568.6
                        ],
                        [
                            149.066801,
                            -35.405001,
                            568.6
                        ],
                        [
                            149.066787,
                            -35.40503,
                            568.6
                        ],
                        [
                            149.066773,
                            -35.405058,
                            568.6
                        ],
                        [
                            149.066766,
                            -35.40508,
                            568.6
                        ],
                        [
                            149.066752,
                            -35.405106,
                            568.6
                        ],
                        [
                            149.066738,
                            -35.405136,
                            568.6
                        ],
                        [
                            149.066727,
                            -35.405167,
                            568.6
                        ],
                        [
                            149.066716,
                            -35.405197,
                            568.6
                        ],
                        [
                            149.066709,
                            -35.405228,
                            568.6
                        ],
                        [
                            149.066706,
                            -35.405257,
                            568.6
                        ],
                        [
                            149.066697,
                            -35.405293,
                            568.6
                        ],
                        [
                            149.06669,
                            -35.40532,
                            568.6
                        ],
                        [
                            149.066688,
                            -35.405348,
                            568.6
                        ],
                        [
                            149.066676,
                            -35.405382,
                            568.6
                        ],
                        [
                            149.066668,
                            -35.405411,
                            568.6
                        ],
                        [
                            149.06666,
                            -35.405439,
                            568.6
                        ],
                        [
                            149.066645,
                            -35.40547,
                            568.6
                        ],
                        [
                            149.066649,
                            -35.405498,
                            568.6
                        ],
                        [
                            149.066644,
                            -35.405524,
                            568.8
                        ],
                        [
                            149.066634,
                            -35.405555,
                            568.8
                        ],
                        [
                            149.066634,
                            -35.405588,
                            568.8
                        ],
                        [
                            149.066628,
                            -35.405621,
                            569.0
                        ],
                        [
                            149.066615,
                            -35.405646,
                            569.0
                        ],
                        [
                            149.06661,
                            -35.405672,
                            569.2
                        ],
                        [
                            149.066603,
                            -35.405704,
                            569.2
                        ],
                        [
                            149.066597,
                            -35.40573,
                            569.2
                        ],
                        [
                            149.066589,
                            -35.405756,
                            569.4
                        ],
                        [
                            149.066573,
                            -35.405784,
                            569.4
                        ],
                        [
                            149.066571,
                            -35.405811,
                            569.4
                        ],
                        [
                            149.066562,
                            -35.40584,
                            569.4
                        ],
                        [
                            149.066546,
                            -35.405869,
                            569.6
                        ],
                        [
                            149.066542,
                            -35.405894,
                            569.6
                        ],
                        [
                            149.06653,
                            -35.405923,
                            569.6
                        ],
                        [
                            149.066511,
                            -35.405947,
                            569.6
                        ],
                        [
                            149.066501,
                            -35.405971,
                            569.8
                        ],
                        [
                            149.066485,
                            -35.406001,
                            569.8
                        ],
                        [
                            149.066465,
                            -35.406021,
                            570.0
                        ],
                        [
                            149.066454,
                            -35.406045,
                            570.0
                        ],
                        [
                            149.066434,
                            -35.406078,
                            570.0
                        ],
                        [
                            149.06642,
                            -35.406104,
                            570.0
                        ],
                        [
                            149.066404,
                            -35.406131,
                            570.0
                        ],
                        [
                            149.066381,
                            -35.406158,
                            570.2
                        ],
                        [
                            149.066368,
                            -35.406185,
                            570.2
                        ],
                        [
                            149.066347,
                            -35.406213,
                            570.4
                        ],
                        [
                            149.066326,
                            -35.406234,
                            570.4
                        ],
                        [
                            149.06631,
                            -35.406254,
                            570.6
                        ],
                        [
                            149.06628,
                            -35.40628,
                            570.6
                        ],
                        [
                            149.06626,
                            -35.406298,
                            570.8
                        ],
                        [
                            149.06623,
                            -35.406313,
                            570.8
                        ],
                        [
                            149.06619,
                            -35.406327,
                            570.8
                        ],
                        [
                            149.066163,
                            -35.406342,
                            571.0
                        ],
                        [
                            149.066126,
                            -35.406351,
                            571.0
                        ],
                        [
                            149.066096,
                            -35.406352,
                            571.2
                        ],
                        [
                            149.066067,
                            -35.406361,
                            571.4
                        ],
                        [
                            149.066033,
                            -35.406356,
                            571.4
                        ],
                        [
                            149.066002,
                            -35.406346,
                            571.6
                        ],
                        [
                            149.065974,
                            -35.406334,
                            571.6
                        ],
                        [
                            149.065939,
                            -35.406317,
                            571.6
                        ],
                        [
                            149.065909,
                            -35.406299,
                            571.8
                        ],
                        [
                            149.065883,
                            -35.406284,
                            571.8
                        ],
                        [
                            149.06585,
                            -35.406263,
                            571.8
                        ],
                        [
                            149.065819,
                            -35.406253,
                            571.8
                        ],
                        [
                            149.065789,
                            -35.406237,
                            571.8
                        ],
                        [
                            149.065762,
                            -35.406221,
                            571.8
                        ],
                        [
                            149.065732,
                            -35.406209,
                            571.8
                        ],
                        [
                            149.065691,
                            -35.406194,
                            572.0
                        ],
                        [
                            149.065661,
                            -35.406181,
                            571.8
                        ],
                        [
                            149.065632,
                            -35.406172,
                            571.8
                        ],
                        [
                            149.065598,
                            -35.406157,
                            571.8
                        ],
                        [
                            149.065569,
                            -35.406148,
                            571.8
                        ],
                        [
                            149.065537,
                            -35.406134,
                            571.8
                        ],
                        [
                            149.065503,
                            -35.406116,
                            571.8
                        ],
                        [
                            149.065474,
                            -35.406107,
                            571.8
                        ],
                        [
                            149.065435,
                            -35.406094,
                            571.8
                        ],
                        [
                            149.065405,
                            -35.406084,
                            571.8
                        ],
                        [
                            149.065375,
                            -35.406073,
                            571.8
                        ],
                        [
                            149.065338,
                            -35.406058,
                            571.8
                        ],
                        [
                            149.065308,
                            -35.406054,
                            571.8
                        ],
                        [
                            149.065274,
                            -35.406042,
                            571.8
                        ],
                        [
                            149.065241,
                            -35.406032,
                            571.8
                        ],
                        [
                            149.065213,
                            -35.406023,
                            571.8
                        ],
                        [
                            149.065175,
                            -35.406011,
                            571.8
                        ],
                        [
                            149.065145,
                            -35.406,
                            571.8
                        ],
                        [
                            149.065115,
                            -35.405994,
                            572.0
                        ],
                        [
                            149.065085,
                            -35.405985,
                            572.0
                        ],
                        [
                            149.065055,
                            -35.405987,
                            572.0
                        ],
                        [
                            149.065026,
                            -35.405981,
                            572.0
                        ],
                        [
                            149.065004,
                            -35.405972,
                            572.0
                        ],
                        [
                            149.064975,
                            -35.405963,
                            572.0
                        ],
                        [
                            149.064931,
                            -35.405956,
                            572.0
                        ],
                        [
                            149.064891,
                            -35.405955,
                            572.2
                        ],
                        [
                            149.064852,
                            -35.405957,
                            572.2
                        ],
                        [
                            149.064807,
                            -35.405957,
                            572.4
                        ],
                        [
                            149.06477,
                            -35.405958,
                            572.4
                        ],
                        [
                            149.064732,
                            -35.405959,
                            572.4
                        ],
                        [
                            149.064689,
                            -35.405968,
                            572.4
                        ],
                        [
                            149.064661,
                            -35.405983,
                            572.4
                        ],
                        [
                            149.064623,
                            -35.406007,
                            572.4
                        ],
                        [
                            149.064595,
                            -35.406028,
                            572.4
                        ],
                        [
                            149.064578,
                            -35.406049,
                            572.6
                        ],
                        [
                            149.064559,
                            -35.406078,
                            572.6
                        ],
                        [
                            149.064552,
                            -35.406103,
                            572.6
                        ],
                        [
                            149.064542,
                            -35.406132,
                            572.4
                        ],
                        [
                            149.064526,
                            -35.406164,
                            572.4
                        ],
                        [
                            149.064526,
                            -35.406193,
                            572.4
                        ],
                        [
                            149.064511,
                            -35.406224,
                            572.4
                        ],
                        [
                            149.0645,
                            -35.406253,
                            572.4
                        ],
                        [
                            149.064498,
                            -35.40628,
                            572.4
                        ],
                        [
                            149.064483,
                            -35.406313,
                            572.4
                        ],
                        [
                            149.064474,
                            -35.406338,
                            572.4
                        ],
                        [
                            149.064461,
                            -35.406367,
                            572.4
                        ],
                        [
                            149.064449,
                            -35.406399,
                            572.4
                        ],
                        [
                            149.064447,
                            -35.406428,
                            572.4
                        ],
                        [
                            149.06443,
                            -35.406459,
                            572.4
                        ],
                        [
                            149.064417,
                            -35.406485,
                            572.4
                        ],
                        [
                            149.064409,
                            -35.406511,
                            572.4
                        ],
                        [
                            149.064394,
                            -35.406545,
                            572.4
                        ],
                        [
                            149.064389,
                            -35.406573,
                            572.4
                        ],
                        [
                            149.064375,
                            -35.406602,
                            572.4
                        ],
                        [
                            149.064362,
                            -35.40663,
                            572.4
                        ],
                        [
                            149.064361,
                            -35.406656,
                            572.4
                        ],
                        [
                            149.064346,
                            -35.406686,
                            572.4
                        ],
                        [
                            149.064332,
                            -35.40671,
                            572.4
                        ],
                        [
                            149.064325,
                            -35.406736,
                            572.4
                        ],
                        [
                            149.06431,
                            -35.406766,
                            572.4
                        ],
                        [
                            149.064303,
                            -35.406793,
                            572.4
                        ],
                        [
                            149.064285,
                            -35.406818,
                            572.4
                        ],
                        [
                            149.06427,
                            -35.406843,
                            572.4
                        ],
                        [
                            149.064266,
                            -35.406868,
                            572.4
                        ],
                        [
                            149.064248,
                            -35.406897,
                            572.4
                        ],
                        [
                            149.064236,
                            -35.406923,
                            572.4
                        ],
                        [
                            149.064221,
                            -35.40695,
                            572.4
                        ],
                        [
                            149.064203,
                            -35.406978,
                            572.4
                        ],
                        [
                            149.064198,
                            -35.407011,
                            572.4
                        ],
                        [
                            149.064182,
                            -35.407041,
                            572.4
                        ],
                        [
                            149.064165,
                            -35.407069,
                            572.6
                        ],
                        [
                            149.064155,
                            -35.407096,
                            572.6
                        ],
                        [
                            149.06414,
                            -35.407127,
                            572.6
                        ],
                        [
                            149.064133,
                            -35.407155,
                            572.4
                        ],
                        [
                            149.064115,
                            -35.407182,
                            572.4
                        ],
                        [
                            149.064099,
                            -35.407208,
                            572.4
                        ],
                        [
                            149.064096,
                            -35.407234,
                            572.4
                        ],
                        [
                            149.064077,
                            -35.407264,
                            572.4
                        ],
                        [
                            149.064062,
                            -35.407289,
                            572.4
                        ],
                        [
                            149.064051,
                            -35.407318,
                            572.4
                        ],
                        [
                            149.064042,
                            -35.407349,
                            572.6
                        ],
                        [
                            149.064035,
                            -35.40738,
                            572.6
                        ],
                        [
                            149.064019,
                            -35.407407,
                            572.6
                        ],
                        [
                            149.064001,
                            -35.407434,
                            572.6
                        ],
                        [
                            149.063995,
                            -35.407463,
                            572.6
                        ],
                        [
                            149.063974,
                            -35.407496,
                            572.4
                        ],
                        [
                            149.063961,
                            -35.40752,
                            572.4
                        ],
                        [
                            149.063948,
                            -35.407548,
                            572.4
                        ],
                        [
                            149.06393,
                            -35.407574,
                            572.4
                        ],
                        [
                            149.063926,
                            -35.4076,
                            572.4
                        ],
                        [
                            149.063908,
                            -35.407632,
                            572.4
                        ],
                        [
                            149.06389,
                            -35.407661,
                            572.4
                        ],
                        [
                            149.063884,
                            -35.407691,
                            572.4
                        ],
                        [
                            149.063869,
                            -35.407722,
                            572.4
                        ],
                        [
                            149.063854,
                            -35.407748,
                            572.6
                        ],
                        [
                            149.063839,
                            -35.407773,
                            572.6
                        ],
                        [
                            149.063822,
                            -35.407805,
                            572.6
                        ],
                        [
                            149.063814,
                            -35.407832,
                            572.6
                        ],
                        [
                            149.063794,
                            -35.407861,
                            572.4
                        ],
                        [
                            149.063776,
                            -35.407887,
                            572.4
                        ],
                        [
                            149.06377,
                            -35.407914,
                            572.4
                        ],
                        [
                            149.063754,
                            -35.407944,
                            572.4
                        ],
                        [
                            149.063745,
                            -35.407971,
                            572.2
                        ],
                        [
                            149.063728,
                            -35.407998,
                            572.2
                        ],
                        [
                            149.063706,
                            -35.408028,
                            572.4
                        ],
                        [
                            149.063697,
                            -35.408057,
                            572.4
                        ],
                        [
                            149.063678,
                            -35.408089,
                            572.4
                        ],
                        [
                            149.063662,
                            -35.408115,
                            572.4
                        ],
                        [
                            149.063654,
                            -35.408143,
                            572.4
                        ],
                        [
                            149.063632,
                            -35.408173,
                            572.4
                        ],
                        [
                            149.063624,
                            -35.408197,
                            572.4
                        ],
                        [
                            149.063603,
                            -35.408221,
                            572.4
                        ],
                        [
                            149.063581,
                            -35.408241,
                            572.4
                        ],
                        [
                            149.063574,
                            -35.408264,
                            572.6
                        ],
                        [
                            149.063549,
                            -35.408294,
                            572.8
                        ],
                        [
                            149.063532,
                            -35.408314,
                            572.8
                        ],
                        [
                            149.063512,
                            -35.408339,
                            573.0
                        ],
                        [
                            149.063491,
                            -35.408365,
                            573.2
                        ],
                        [
                            149.063486,
                            -35.408393,
                            573.2
                        ],
                        [
                            149.063469,
                            -35.408425,
                            573.2
                        ],
                        [
                            149.063455,
                            -35.40845,
                            573.2
                        ],
                        [
                            149.06345,
                            -35.408475,
                            573.2
                        ],
                        [
                            149.063426,
                            -35.408506,
                            573.2
                        ],
                        [
                            149.063413,
                            -35.40853,
                            573.2
                        ],
                        [
                            149.063397,
                            -35.408554,
                            573.2
                        ],
                        [
                            149.063376,
                            -35.408583,
                            573.2
                        ],
                        [
                            149.063364,
                            -35.408602,
                            573.2
                        ],
                        [
                            149.063349,
                            -35.408634,
                            573.0
                        ],
                        [
                            149.063331,
                            -35.408661,
                            573.0
                        ],
                        [
                            149.063319,
                            -35.40868,
                            573.0
                        ],
                        [
                            149.063294,
                            -35.408708,
                            573.0
                        ],
                        [
                            149.063279,
                            -35.408726,
                            573.0
                        ],
                        [
                            149.063261,
                            -35.408746,
                            573.0
                        ],
                        [
                            149.063244,
                            -35.408773,
                            573.0
                        ],
                        [
                            149.063233,
                            -35.408795,
                            573.0
                        ],
                        [
                            149.063215,
                            -35.40882,
                            573.0
                        ],
                        [
                            149.06319,
                            -35.408845,
                            573.0
                        ],
                        [
                            149.063178,
                            -35.408871,
                            572.8
                        ],
                        [
                            149.063159,
                            -35.4089,
                            573.0
                        ],
                        [
                            149.063144,
                            -35.408925,
                            572.8
                        ],
                        [
                            149.063127,
                            -35.408948,
                            572.8
                        ],
                        [
                            149.063106,
                            -35.408977,
                            572.8
                        ],
                        [
                            149.063099,
                            -35.409,
                            572.6
                        ],
                        [
                            149.06308,
                            -35.409031,
                            572.6
                        ],
                        [
                            149.063067,
                            -35.409056,
                            572.6
                        ],
                        [
                            149.063062,
                            -35.409083,
                            572.6
                        ],
                        [
                            149.063045,
                            -35.409111,
                            572.6
                        ],
                        [
                            149.063027,
                            -35.409137,
                            572.6
                        ],
                        [
                            149.063013,
                            -35.409162,
                            572.4
                        ],
                        [
                            149.062992,
                            -35.409192,
                            572.4
                        ],
                        [
                            149.062979,
                            -35.409215,
                            572.4
                        ],
                        [
                            149.062959,
                            -35.409242,
                            572.4
                        ],
                        [
                            149.06294,
                            -35.409274,
                            572.4
                        ],
                        [
                            149.062929,
                            -35.409298,
                            572.4
                        ],
                        [
                            149.062907,
                            -35.409323,
                            572.4
                        ],
                        [
                            149.062889,
                            -35.409348,
                            572.4
                        ],
                        [
                            149.062877,
                            -35.409372,
                            572.4
                        ],
                        [
                            149.062856,
                            -35.409405,
                            572.4
                        ],
                        [
                            149.062843,
                            -35.409427,
                            572.4
                        ],
                        [
                            149.062827,
                            -35.409452,
                            572.4
                        ],
                        [
                            149.062806,
                            -35.409479,
                            572.4
                        ],
                        [
                            149.062801,
                            -35.409505,
                            572.4
                        ],
                        [
                            149.06279,
                            -35.409535,
                            572.2
                        ],
                        [
                            149.062782,
                            -35.409561,
                            572.4
                        ],
                        [
                            149.062782,
                            -35.409588,
                            572.4
                        ],
                        [
                            149.062774,
                            -35.409623,
                            572.2
                        ],
                        [
                            149.062776,
                            -35.409646,
                            572.2
                        ],
                        [
                            149.062771,
                            -35.409675,
                            572.0
                        ],
                        [
                            149.062767,
                            -35.409706,
                            572.0
                        ],
                        [
                            149.06277,
                            -35.409726,
                            571.8
                        ],
                        [
                            149.062771,
                            -35.409761,
                            571.8
                        ],
                        [
                            149.062772,
                            -35.409789,
                            571.6
                        ],
                        [
                            149.062775,
                            -35.409819,
                            571.4
                        ],
                        [
                            149.062791,
                            -35.409855,
                            571.4
                        ],
                        [
                            149.062812,
                            -35.409883,
                            571.2
                        ],
                        [
                            149.062832,
                            -35.409909,
                            571.0
                        ],
                        [
                            149.062854,
                            -35.409935,
                            571.0
                        ],
                        [
                            149.062877,
                            -35.409951,
                            571.0
                        ],
                        [
                            149.062902,
                            -35.409974,
                            571.0
                        ],
                        [
                            149.062926,
                            -35.409993,
                            571.0
                        ],
                        [
                            149.062951,
                            -35.410007,
                            571.0
                        ],
                        [
                            149.062981,
                            -35.410024,
                            570.8
                        ],
                        [
                            149.063009,
                            -35.41003,
                            570.8
                        ],
                        [
                            149.063041,
                            -35.410038,
                            570.8
                        ],
                        [
                            149.063082,
                            -35.410049,
                            570.8
                        ],
                        [
                            149.063115,
                            -35.410055,
                            570.8
                        ],
                        [
                            149.063155,
                            -35.410068,
                            570.8
                        ],
                        [
                            149.063187,
                            -35.410078,
                            570.6
                        ],
                        [
                            149.063224,
                            -35.410078,
                            570.6
                        ],
                        [
                            149.063265,
                            -35.410085,
                            570.6
                        ],
                        [
                            149.063299,
                            -35.410091,
                            570.6
                        ],
                        [
                            149.063335,
                            -35.4101,
                            570.4
                        ],
                        [
                            149.063372,
                            -35.410109,
                            570.4
                        ],
                        [
                            149.0634,
                            -35.410112,
                            570.4
                        ],
                        [
                            149.063444,
                            -35.410122,
                            570.2
                        ],
                        [
                            149.063482,
                            -35.410133,
                            570.2
                        ],
                        [
                            149.063516,
                            -35.410138,
                            570.4
                        ],
                        [
                            149.063554,
                            -35.410148,
                            570.4
                        ],
                        [
                            149.063588,
                            -35.410157,
                            570.4
                        ],
                        [
                            149.06362,
                            -35.410163,
                            570.4
                        ],
                        [
                            149.063663,
                            -35.410169,
                            570.6
                        ],
                        [
                            149.063694,
                            -35.410177,
                            570.6
                        ],
                        [
                            149.063738,
                            -35.410184,
                            570.6
                        ],
                        [
                            149.063772,
                            -35.410194,
                            570.8
                        ],
                        [
                            149.063804,
                            -35.410199,
                            570.8
                        ],
                        [
                            149.063836,
                            -35.410213,
                            571.0
                        ],
                        [
                            149.063863,
                            -35.410226,
                            571.0
                        ],
                        [
                            149.063892,
                            -35.410236,
                            571.0
                        ],
                        [
                            149.063924,
                            -35.410258,
                            571.0
                        ],
                        [
                            149.063952,
                            -35.41028,
                            571.0
                        ],
                        [
                            149.063979,
                            -35.410302,
                            571.2
                        ],
                        [
                            149.063997,
                            -35.410327,
                            571.2
                        ],
                        [
                            149.064015,
                            -35.410345,
                            571.2
                        ],
                        [
                            149.064036,
                            -35.410372,
                            571.2
                        ],
                        [
                            149.064053,
                            -35.410397,
                            571.2
                        ],
                        [
                            149.064072,
                            -35.410422,
                            571.2
                        ],
                        [
                            149.064095,
                            -35.410459,
                            571.2
                        ],
                        [
                            149.064117,
                            -35.41048,
                            571.2
                        ],
                        [
                            149.064137,
                            -35.410502,
                            571.2
                        ],
                        [
                            149.064153,
                            -35.410529,
                            571.0
                        ],
                        [
                            149.064175,
                            -35.410549,
                            571.0
                        ],
                        [
                            149.064198,
                            -35.410579,
                            570.8
                        ],
                        [
                            149.064214,
                            -35.410604,
                            570.8
                        ],
                        [
                            149.064231,
                            -35.410623,
                            570.6
                        ],
                        [
                            149.064244,
                            -35.410649,
                            570.6
                        ],
                        [
                            149.064262,
                            -35.410669,
                            570.4
                        ],
                        [
                            149.064271,
                            -35.410689,
                            570.4
                        ],
                        [
                            149.064282,
                            -35.410713,
                            570.4
                        ],
                        [
                            149.064294,
                            -35.410735,
                            570.4
                        ],
                        [
                            149.064301,
                            -35.410761,
                            570.4
                        ],
                        [
                            149.0643,
                            -35.410789,
                            570.4
                        ],
                        [
                            149.064304,
                            -35.41081,
                            570.2
                        ],
                        [
                            149.064309,
                            -35.410847,
                            570.2
                        ],
                        [
                            149.064313,
                            -35.410876,
                            570.2
                        ],
                        [
                            149.064322,
                            -35.410908,
                            570.2
                        ],
                        [
                            149.064332,
                            -35.410945,
                            570.0
                        ],
                        [
                            149.064345,
                            -35.410974,
                            570.0
                        ],
                        [
                            149.064362,
                            -35.411002,
                            570.0
                        ],
                        [
                            149.06439,
                            -35.411031,
                            570.0
                        ],
                        [
                            149.064411,
                            -35.411051,
                            570.0
                        ],
                        [
                            149.064441,
                            -35.411074,
                            570.0
                        ],
                        [
                            149.064465,
                            -35.411095,
                            570.0
                        ],
                        [
                            149.064494,
                            -35.411113,
                            570.0
                        ],
                        [
                            149.064531,
                            -35.411137,
                            569.8
                        ],
                        [
                            149.064559,
                            -35.411155,
                            569.8
                        ],
                        [
                            149.064592,
                            -35.411166,
                            569.8
                        ],
                        [
                            149.06463,
                            -35.411171,
                            569.8
                        ],
                        [
                            149.064662,
                            -35.411174,
                            569.6
                        ],
                        [
                            149.064704,
                            -35.411182,
                            569.8
                        ],
                        [
                            149.064737,
                            -35.411188,
                            569.8
                        ],
                        [
                            149.064768,
                            -35.411186,
                            569.8
                        ],
                        [
                            149.064804,
                            -35.411196,
                            569.8
                        ],
                        [
                            149.064831,
                            -35.411198,
                            569.8
                        ],
                        [
                            149.064866,
                            -35.411197,
                            569.8
                        ],
                        [
                            149.064916,
                            -35.411203,
                            569.8
                        ],
                        [
                            149.064949,
                            -35.411197,
                            569.6
                        ],
                        [
                            149.064991,
                            -35.411203,
                            569.6
                        ],
                        [
                            149.065033,
                            -35.411205,
                            569.6
                        ],
                        [
                            149.06507,
                            -35.411201,
                            569.6
                        ],
                        [
                            149.065113,
                            -35.411207,
                            569.6
                        ],
                        [
                            149.065143,
                            -35.411216,
                            569.6
                        ],
                        [
                            149.065181,
                            -35.411222,
                            569.6
                        ],
                        [
                            149.065228,
                            -35.41123,
                            569.6
                        ],
                        [
                            149.065257,
                            -35.411237,
                            569.6
                        ],
                        [
                            149.06529,
                            -35.411238,
                            569.6
                        ],
                        [
                            149.065328,
                            -35.41125,
                            569.6
                        ],
                        [
                            149.065359,
                            -35.411255,
                            569.6
                        ],
                        [
                            149.065398,
                            -35.411268,
                            569.6
                        ],
                        [
                            149.065429,
                            -35.411278,
                            569.6
                        ],
                        [
                            149.065461,
                            -35.411285,
                            569.6
                        ],
                        [
                            149.065496,
                            -35.411299,
                            569.6
                        ],
                        [
                            149.065522,
                            -35.411312,
                            569.6
                        ],
                        [
                            149.06555,
                            -35.411324,
                            569.6
                        ],
                        [
                            149.06558,
                            -35.411341,
                            569.6
                        ],
                        [
                            149.065602,
                            -35.411355,
                            569.6
                        ],
                        [
                            149.065627,
                            -35.411368,
                            569.6
                        ],
                        [
                            149.065654,
                            -35.411381,
                            569.6
                        ],
                        [
                            149.065683,
                            -35.411392,
                            569.6
                        ],
                        [
                            149.065716,
                            -35.411409,
                            569.6
                        ],
                        [
                            149.065745,
                            -35.411422,
                            569.6
                        ],
                        [
                            149.065776,
                            -35.411427,
                            569.6
                        ],
                        [
                            149.065808,
                            -35.411439,
                            569.6
                        ],
                        [
                            149.065854,
                            -35.411442,
                            569.6
                        ],
                        [
                            149.065893,
                            -35.411446,
                            569.6
                        ],
                        [
                            149.065933,
                            -35.411452,
                            569.6
                        ],
                        [
                            149.065965,
                            -35.411456,
                            569.6
                        ],
                        [
                            149.066011,
                            -35.411461,
                            569.6
                        ],
                        [
                            149.066043,
                            -35.411464,
                            569.6
                        ],
                        [
                            149.066078,
                            -35.411463,
                            569.8
                        ],
                        [
                            149.066128,
                            -35.411469,
                            569.8
                        ],
                        [
                            149.066164,
                            -35.411469,
                            569.8
                        ],
                        [
                            149.066204,
                            -35.411474,
                            570.0
                        ],
                        [
                            149.066238,
                            -35.411491,
                            570.0
                        ],
                        [
                            149.066263,
                            -35.4115,
                            570.0
                        ],
                        [
                            149.066297,
                            -35.411516,
                            570.0
                        ],
                        [
                            149.066328,
                            -35.411534,
                            570.0
                        ],
                        [
                            149.066355,
                            -35.411543,
                            570.0
                        ],
                        [
                            149.066394,
                            -35.411563,
                            570.0
                        ],
                        [
                            149.066424,
                            -35.411568,
                            570.0
                        ],
                        [
                            149.066454,
                            -35.411573,
                            570.0
                        ],
                        [
                            149.06649,
                            -35.411586,
                            569.8
                        ],
                        [
                            149.06652,
                            -35.411587,
                            569.8
                        ],
                        [
                            149.066559,
                            -35.411592,
                            569.8
                        ],
                        [
                            149.066592,
                            -35.411596,
                            569.8
                        ],
                        [
                            149.06662,
                            -35.411598,
                            569.8
                        ],
                        [
                            149.066664,
                            -35.411607,
                            570.0
                        ],
                        [
                            149.066695,
                            -35.411605,
                            570.0
                        ],
                        [
                            149.066737,
                            -35.41161,
                            570.0
                        ],
                        [
                            149.066771,
                            -35.411626,
                            570.2
                        ],
                        [
                            149.066797,
                            -35.411627,
                            570.4
                        ],
                        [
                            149.066835,
                            -35.411639,
                            570.4
                        ],
                        [
                            149.066862,
                            -35.411654,
                            570.6
                        ],
                        [
                            149.066887,
                            -35.411662,
                            570.6
                        ],
                        [
                            149.066925,
                            -35.411677,
                            570.6
                        ],
                        [
                            149.066957,
                            -35.411679,
                            570.6
                        ],
                        [
                            149.066989,
                            -35.411686,
                            570.6
                        ],
                        [
                            149.067022,
                            -35.4117,
                            570.4
                        ],
                        [
                            149.067053,
                            -35.411702,
                            570.4
                        ],
                        [
                            149.067087,
                            -35.411705,
                            570.2
                        ],
                        [
                            149.067128,
                            -35.411708,
                            570.0
                        ],
                        [
                            149.06716,
                            -35.411701,
                            570.0
                        ],
                        [
                            149.0672,
                            -35.411695,
                            569.8
                        ],
                        [
                            149.067242,
                            -35.411692,
                            569.4
                        ],
                        [
                            149.067266,
                            -35.411681,
                            569.2
                        ],
                        [
                            149.067307,
                            -35.411667,
                            569.0
                        ],
                        [
                            149.067339,
                            -35.411655,
                            568.8
                        ],
                        [
                            149.067368,
                            -35.411641,
                            568.6
                        ],
                        [
                            149.067409,
                            -35.411633,
                            568.6
                        ],
                        [
                            149.067438,
                            -35.411624,
                            568.4
                        ],
                        [
                            149.067474,
                            -35.41162,
                            568.4
                        ],
                        [
                            149.06751,
                            -35.411624,
                            568.4
                        ],
                        [
                            149.06754,
                            -35.411625,
                            568.4
                        ],
                        [
                            149.067579,
                            -35.411637,
                            568.4
                        ],
                        [
                            149.067607,
                            -35.41165,
                            568.4
                        ],
                        [
                            149.067635,
                            -35.411666,
                            568.4
                        ],
                        [
                            149.067663,
                            -35.411694,
                            568.4
                        ],
                        [
                            149.067685,
                            -35.411714,
                            568.4
                        ],
                        [
                            149.0677,
                            -35.41174,
                            568.4
                        ],
                        [
                            149.067715,
                            -35.411775,
                            568.4
                        ],
                        [
                            149.067735,
                            -35.411797,
                            568.4
                        ],
                        [
                            149.067757,
                            -35.411823,
                            568.4
                        ],
                        [
                            149.06777,
                            -35.411849,
                            568.4
                        ],
                        [
                            149.067784,
                            -35.411873,
                            568.4
                        ],
                        [
                            149.067805,
                            -35.411906,
                            568.4
                        ],
                        [
                            149.067818,
                            -35.411931,
                            568.4
                        ],
                        [
                            149.067835,
                            -35.411953,
                            568.4
                        ],
                        [
                            149.067856,
                            -35.411978,
                            568.4
                        ],
                        [
                            149.067877,
                            -35.411996,
                            568.4
                        ],
                        [
                            149.067899,
                            -35.412023,
                            568.4
                        ],
                        [
                            149.067919,
                            -35.412046,
                            568.4
                        ],
                        [
                            149.067937,
                            -35.412065,
                            568.4
                        ],
                        [
                            149.067957,
                            -35.41209,
                            568.4
                        ],
                        [
                            149.067978,
                            -35.412109,
                            568.4
                        ],
                        [
                            149.068002,
                            -35.412126,
                            568.4
                        ],
                        [
                            149.06803,
                            -35.412149,
                            568.4
                        ],
                        [
                            149.068053,
                            -35.412169,
                            568.4
                        ],
                        [
                            149.068073,
                            -35.412191,
                            568.2
                        ],
                        [
                            149.068087,
                            -35.412215,
                            568.2
                        ],
                        [
                            149.068102,
                            -35.412238,
                            568.2
                        ],
                        [
                            149.068121,
                            -35.412261,
                            568.2
                        ],
                        [
                            149.068137,
                            -35.412277,
                            568.2
                        ],
                        [
                            149.068153,
                            -35.412303,
                            568.2
                        ],
                        [
                            149.068169,
                            -35.412327,
                            568.2
                        ],
                        [
                            149.068189,
                            -35.412346,
                            568.2
                        ],
                        [
                            149.068205,
                            -35.412366,
                            568.2
                        ],
                        [
                            149.068223,
                            -35.412393,
                            568.2
                        ],
                        [
                            149.068242,
                            -35.412414,
                            568.2
                        ],
                        [
                            149.068276,
                            -35.412437,
                            568.2
                        ],
                        [
                            149.068307,
                            -35.412462,
                            568.2
                        ],
                        [
                            149.068335,
                            -35.412471,
                            568.2
                        ],
                        [
                            149.068374,
                            -35.41248,
                            568.2
                        ],
                        [
                            149.068407,
                            -35.412492,
                            568.2
                        ],
                        [
                            149.068431,
                            -35.4125,
                            568.2
                        ],
                        [
                            149.068463,
                            -35.412521,
                            568.2
                        ],
                        [
                            149.06849,
                            -35.412538,
                            568.2
                        ],
                        [
                            149.068509,
                            -35.412557,
                            568.2
                        ],
                        [
                            149.068532,
                            -35.412589,
                            568.2
                        ],
                        [
                            149.068549,
                            -35.412611,
                            568.2
                        ],
                        [
                            149.06857,
                            -35.412636,
                            568.2
                        ],
                        [
                            149.068591,
                            -35.412667,
                            568.2
                        ],
                        [
                            149.06861,
                            -35.412688,
                            568.2
                        ],
                        [
                            149.068635,
                            -35.412716,
                            568.2
                        ],
                        [
                            149.068656,
                            -35.412742,
                            568.2
                        ],
                        [
                            149.068675,
                            -35.412758,
                            568.2
                        ],
                        [
                            149.068698,
                            -35.412792,
                            568.2
                        ],
                        [
                            149.068714,
                            -35.412816,
                            568.2
                        ],
                        [
                            149.068729,
                            -35.412837,
                            568.2
                        ],
                        [
                            149.068748,
                            -35.41287,
                            568.2
                        ],
                        [
                            149.068768,
                            -35.412889,
                            568.2
                        ],
                        [
                            149.068775,
                            -35.412918,
                            568.0
                        ],
                        [
                            149.068772,
                            -35.41295,
                            568.2
                        ],
                        [
                            149.068777,
                            -35.412977,
                            568.2
                        ],
                        [
                            149.068789,
                            -35.413012,
                            568.2
                        ],
                        [
                            149.068806,
                            -35.413038,
                            568.2
                        ],
                        [
                            149.068823,
                            -35.413062,
                            568.4
                        ],
                        [
                            149.068842,
                            -35.413093,
                            568.4
                        ],
                        [
                            149.068861,
                            -35.413114,
                            568.4
                        ],
                        [
                            149.068877,
                            -35.413137,
                            568.4
                        ],
                        [
                            149.068894,
                            -35.413172,
                            568.4
                        ],
                        [
                            149.068905,
                            -35.413193,
                            568.4
                        ],
                        [
                            149.068923,
                            -35.413214,
                            568.4
                        ],
                        [
                            149.06895,
                            -35.413234,
                            568.4
                        ],
                        [
                            149.068976,
                            -35.413243,
                            568.4
                        ],
                        [
                            149.069015,
                            -35.41326,
                            568.4
                        ],
                        [
                            149.069048,
                            -35.413279,
                            568.4
                        ],
                        [
                            149.069072,
                            -35.413294,
                            568.4
                        ],
                        [
                            149.069095,
                            -35.413325,
                            568.2
                        ],
                        [
                            149.069114,
                            -35.413347,
                            568.2
                        ],
                        [
                            149.069132,
                            -35.41337,
                            568.2
                        ],
                        [
                            149.069151,
                            -35.413402,
                            568.2
                        ],
                        [
                            149.069168,
                            -35.413424,
                            568.2
                        ],
                        [
                            149.069191,
                            -35.413451,
                            568.2
                        ],
                        [
                            149.069209,
                            -35.41348,
                            568.2
                        ],
                        [
                            149.069226,
                            -35.413499,
                            568.2
                        ],
                        [
                            149.06925,
                            -35.41353,
                            568.2
                        ],
                        [
                            149.069263,
                            -35.413554,
                            568.2
                        ],
                        [
                            149.069278,
                            -35.413575,
                            568.2
                        ],
                        [
                            149.069299,
                            -35.413606,
                            568.2
                        ],
                        [
                            149.069322,
                            -35.413622,
                            568.0
                        ],
                        [
                            149.069344,
                            -35.413646,
                            568.0
                        ],
                        [
                            149.069363,
                            -35.413675,
                            568.0
                        ],
                        [
                            149.069382,
                            -35.413689,
                            568.2
                        ],
                        [
                            149.0694,
                            -35.413722,
                            568.2
                        ],
                        [
                            149.069404,
                            -35.413752,
                            568.2
                        ],
                        [
                            149.069409,
                            -35.41378,
                            568.2
                        ],
                        [
                            149.069402,
                            -35.413813,
                            568.4
                        ],
                        [
                            149.069396,
                            -35.413838,
                            568.4
                        ],
                        [
                            149.06939,
                            -35.413863,
                            568.4
                        ],
                        [
                            149.069381,
                            -35.413887,
                            568.4
                        ],
                        [
                            149.069379,
                            -35.413914,
                            568.4
                        ],
                        [
                            149.069368,
                            -35.413943,
                            568.4
                        ],
                        [
                            149.069359,
                            -35.413968,
                            568.4
                        ],
                        [
                            149.069356,
                            -35.413996,
                            568.4
                        ],
                        [
                            149.069348,
                            -35.41403,
                            568.4
                        ],
                        [
                            149.069343,
                            -35.41406,
                            568.4
                        ],
                        [
                            149.069339,
                            -35.414093,
                            568.4
                        ],
                        [
                            149.069324,
                            -35.414126,
                            568.4
                        ],
                        [
                            149.069319,
                            -35.414152,
                            568.4
                        ],
                        [
                            149.06931,
                            -35.414188,
                            568.4
                        ],
                        [
                            149.069297,
                            -35.414209,
                            568.4
                        ],
                        [
                            149.069288,
                            -35.41423,
                            568.4
                        ],
                        [
                            149.069281,
                            -35.414259,
                            568.4
                        ],
                        [
                            149.069283,
                            -35.41428,
                            568.4
                        ],
                        [
                            149.069275,
                            -35.414312,
                            568.2
                        ],
                        [
                            149.069265,
                            -35.414344,
                            568.4
                        ],
                        [
                            149.069267,
                            -35.414366,
                            568.4
                        ],
                        [
                            149.069259,
                            -35.414406,
                            568.4
                        ],
                        [
                            149.069251,
                            -35.414429,
                            568.6
                        ],
                        [
                            149.069247,
                            -35.414459,
                            568.6
                        ],
                        [
                            149.069233,
                            -35.414495,
                            568.6
                        ],
                        [
                            149.069224,
                            -35.414515,
                            568.6
                        ],
                        [
                            149.069213,
                            -35.414549,
                            568.6
                        ],
                        [
                            149.069201,
                            -35.414572,
                            568.6
                        ],
                        [
                            149.069197,
                            -35.4146,
                            568.6
                        ],
                        [
                            149.069188,
                            -35.414629,
                            568.6
                        ],
                        [
                            149.069176,
                            -35.414669,
                            568.6
                        ],
                        [
                            149.069167,
                            -35.41469,
                            568.6
                        ],
                        [
                            149.069169,
                            -35.414715,
                            568.6
                        ],
                        [
                            149.06919,
                            -35.414743,
                            568.4
                        ],
                        [
                            149.069211,
                            -35.41477,
                            568.4
                        ],
                        [
                            149.069235,
                            -35.4148,
                            568.4
                        ],
                        [
                            149.06926,
                            -35.414821,
                            568.4
                        ],
                        [
                            149.069287,
                            -35.414848,
                            568.4
                        ],
                        [
                            149.069308,
                            -35.414873,
                            568.4
                        ],
                        [
                            149.069326,
                            -35.414896,
                            568.4
                        ],
                        [
                            149.069348,
                            -35.414929,
                            568.4
                        ],
                        [
                            149.069369,
                            -35.414952,
                            568.4
                        ],
                        [
                            149.069398,
                            -35.414978,
                            568.4
                        ],
                        [
                            149.069431,
                            -35.414991,
                            568.4
                        ],
                        [
                            149.069452,
                            -35.414983,
                            568.4
                        ],
                        [
                            149.069495,
                            -35.414966,
                            568.6
                        ],
                        [
                            149.069524,
                            -35.414949,
                            568.6
                        ],
                        [
                            149.069557,
                            -35.41493,
                            568.6
                        ],
                        [
                            149.069598,
                            -35.414912,
                            568.6
                        ],
                        [
                            149.069626,
                            -35.414897,
                            568.6
                        ],
                        [
                            149.06966,
                            -35.414897,
                            568.6
                        ],
                        [
                            149.069688,
                            -35.414916,
                            568.6
                        ],
                        [
                            149.06971,
                            -35.41493,
                            568.6
                        ],
                        [
                            149.069727,
                            -35.414959,
                            568.6
                        ],
                        [
                            149.069742,
                            -35.414988,
                            568.6
                        ],
                        [
                            149.069759,
                            -35.415012,
                            568.6
                        ],
                        [
                            149.06978,
                            -35.415045,
                            568.6
                        ],
                        [
                            149.069797,
                            -35.415069,
                            568.6
                        ],
                        [
                            149.069816,
                            -35.415095,
                            568.6
                        ],
                        [
                            149.069844,
                            -35.415119,
                            568.6
                        ],
                        [
                            149.069859,
                            -35.415134,
                            568.6
                        ],
                        [
                            149.069897,
                            -35.415149,
                            568.6
                        ],
                        [
                            149.06993,
                            -35.415144,
                            568.6
                        ],
                        [
                            149.069955,
                            -35.41513,
                            568.6
                        ],
                        [
                            149.069994,
                            -35.415108,
                            568.6
                        ],
                        [
                            149.070022,
                            -35.415093,
                            568.6
                        ],
                        [
                            149.070051,
                            -35.415082,
                            568.6
                        ],
                        [
                            149.070089,
                            -35.415075,
                            568.6
                        ],
                        [
                            149.070116,
                            -35.415065,
                            568.6
                        ],
                        [
                            149.070155,
                            -35.415062,
                            568.6
                        ],
                        [
                            149.070191,
                            -35.415066,
                            568.6
                        ],
                        [
                            149.070221,
                            -35.415067,
                            568.6
                        ],
                        [
                            149.070263,
                            -35.415078,
                            568.6
                        ],
                        [
                            149.070295,
                            -35.41508,
                            568.6
                        ],
                        [
                            149.070326,
                            -35.415089,
                            568.6
                        ],
                        [
                            149.07036,
                            -35.415104,
                            568.6
                        ],
                        [
                            149.070385,
                            -35.415109,
                            568.6
                        ],
                        [
                            149.070419,
                            -35.415123,
                            568.8
                        ],
                        [
                            149.070445,
                            -35.415141,
                            568.8
                        ],
                        [
                            149.070466,
                            -35.415155,
                            568.8
                        ],
                        [
                            149.070496,
                            -35.415184,
                            568.8
                        ],
                        [
                            149.070516,
                            -35.415203,
                            568.8
                        ],
                        [
                            149.070538,
                            -35.415225,
                            568.8
                        ],
                        [
                            149.070556,
                            -35.415258,
                            568.8
                        ],
                        [
                            149.070576,
                            -35.415273,
                            568.8
                        ],
                        [
                            149.070604,
                            -35.415303,
                            568.8
                        ],
                        [
                            149.07062,
                            -35.415331,
                            568.8
                        ],
                        [
                            149.070635,
                            -35.415353,
                            568.8
                        ],
                        [
                            149.070655,
                            -35.415388,
                            568.8
                        ],
                        [
                            149.070673,
                            -35.41541,
                            568.8
                        ],
                        [
                            149.070691,
                            -35.415438,
                            568.8
                        ],
                        [
                            149.070707,
                            -35.415467,
                            568.8
                        ],
                        [
                            149.07073,
                            -35.415482,
                            568.8
                        ],
                        [
                            149.070755,
                            -35.415512,
                            568.8
                        ],
                        [
                            149.070768,
                            -35.415533,
                            569.0
                        ],
                        [
                            149.070785,
                            -35.415558,
                            569.0
                        ],
                        [
                            149.070805,
                            -35.415583,
                            568.8
                        ],
                        [
                            149.070825,
                            -35.415604,
                            568.8
                        ],
                        [
                            149.070843,
                            -35.415634,
                            568.8
                        ],
                        [
                            149.070863,
                            -35.415659,
                            568.8
                        ],
                        [
                            149.070882,
                            -35.415681,
                            568.8
                        ],
                        [
                            149.070906,
                            -35.415711,
                            569.0
                        ],
                        [
                            149.070921,
                            -35.415733,
                            568.8
                        ],
                        [
                            149.07094,
                            -35.415755,
                            568.8
                        ],
                        [
                            149.070958,
                            -35.415786,
                            568.8
                        ],
                        [
                            149.07098,
                            -35.415811,
                            568.8
                        ],
                        [
                            149.070994,
                            -35.415838,
                            568.8
                        ],
                        [
                            149.071007,
                            -35.415866,
                            568.8
                        ],
                        [
                            149.071028,
                            -35.415888,
                            569.0
                        ],
                        [
                            149.071047,
                            -35.415916,
                            569.0
                        ],
                        [
                            149.071065,
                            -35.415942,
                            569.0
                        ],
                        [
                            149.071084,
                            -35.415963,
                            569.0
                        ],
                        [
                            149.071106,
                            -35.415993,
                            569.0
                        ],
                        [
                            149.071121,
                            -35.41602,
                            569.0
                        ],
                        [
                            149.07114,
                            -35.416042,
                            569.0
                        ],
                        [
                            149.071158,
                            -35.416066,
                            569.0
                        ],
                        [
                            149.071177,
                            -35.416083,
                            569.0
                        ],
                        [
                            149.0712,
                            -35.416104,
                            569.0
                        ],
                        [
                            149.071215,
                            -35.416131,
                            569.0
                        ],
                        [
                            149.071227,
                            -35.416156,
                            569.0
                        ],
                        [
                            149.071251,
                            -35.416185,
                            569.0
                        ],
                        [
                            149.071275,
                            -35.416204,
                            569.0
                        ],
                        [
                            149.071295,
                            -35.416228,
                            569.0
                        ],
                        [
                            149.071312,
                            -35.416259,
                            569.0
                        ],
                        [
                            149.07133,
                            -35.416281,
                            569.0
                        ],
                        [
                            149.071357,
                            -35.416312,
                            569.0
                        ],
                        [
                            149.071388,
                            -35.416329,
                            569.0
                        ],
                        [
                            149.071419,
                            -35.416341,
                            569.2
                        ],
                        [
                            149.071458,
                            -35.41635,
                            569.2
                        ],
                        [
                            149.07149,
                            -35.416348,
                            569.4
                        ],
                        [
                            149.071529,
                            -35.41635,
                            569.4
                        ],
                        [
                            149.071562,
                            -35.41636,
                            569.4
                        ],
                        [
                            149.071593,
                            -35.416364,
                            569.2
                        ],
                        [
                            149.07163,
                            -35.416385,
                            569.2
                        ],
                        [
                            149.071652,
                            -35.416407,
                            569.2
                        ],
                        [
                            149.071671,
                            -35.41643,
                            569.0
                        ],
                        [
                            149.071691,
                            -35.416462,
                            569.0
                        ],
                        [
                            149.071713,
                            -35.416479,
                            569.0
                        ],
                        [
                            149.071737,
                            -35.416508,
                            569.0
                        ],
                        [
                            149.071754,
                            -35.416536,
                            569.2
                        ],
                        [
                            149.071767,
                            -35.416559,
                            569.2
                        ],
                        [
                            149.071785,
                            -35.416592,
                            569.2
                        ],
                        [
                            149.071803,
                            -35.416615,
                            569.2
                        ],
                        [
                            149.071824,
                            -35.416642,
                            569.2
                        ],
                        [
                            149.071845,
                            -35.416668,
                            569.2
                        ],
                        [
                            149.071858,
                            -35.416687,
                            569.2
                        ],
                        [
                            149.071871,
                            -35.416712,
                            569.2
                        ],
                        [
                            149.071883,
                            -35.416733,
                            569.2
                        ],
                        [
                            149.071897,
                            -35.416754,
                            569.2
                        ],
                        [
                            149.071913,
                            -35.416786,
                            569.2
                        ],
                        [
                            149.071934,
                            -35.416806,
                            569.2
                        ],
                        [
                            149.071952,
                            -35.416828,
                            569.2
                        ],
                        [
                            149.07197,
                            -35.416857,
                            569.2
                        ],
                        [
                            149.071991,
                            -35.416881,
                            569.2
                        ],
                        [
                            149.072015,
                            -35.416912,
                            569.2
                        ],
                        [
                            149.072038,
                            -35.416935,
                            569.2
                        ],
                        [
                            149.072057,
                            -35.416958,
                            569.2
                        ],
                        [
                            149.07208,
                            -35.416987,
                            569.2
                        ],
                        [
                            149.072105,
                            -35.417005,
                            569.2
                        ],
                        [
                            149.072131,
                            -35.417025,
                            569.2
                        ],
                        [
                            149.072149,
                            -35.417053,
                            569.2
                        ],
                        [
                            149.072163,
                            -35.417074,
                            569.2
                        ],
                        [
                            149.072175,
                            -35.417106,
                            569.2
                        ],
                        [
                            149.072177,
                            -35.417133,
                            569.2
                        ],
                        [
                            149.072174,
                            -35.417159,
                            569.2
                        ],
                        [
                            149.072163,
                            -35.417191,
                            569.2
                        ],
                        [
                            149.072159,
                            -35.417219,
                            569.2
                        ],
                        [
                            149.07215,
                            -35.41725,
                            569.2
                        ],
                        [
                            149.072139,
                            -35.417277,
                            569.2
                        ],
                        [
                            149.072137,
                            -35.417303,
                            569.4
                        ],
                        [
                            149.072126,
                            -35.417331,
                            569.4
                        ],
                        [
                            149.072122,
                            -35.417357,
                            569.2
                        ],
                        [
                            149.072113,
                            -35.417388,
                            569.2
                        ],
                        [
                            149.072101,
                            -35.417417,
                            569.2
                        ],
                        [
                            149.072098,
                            -35.417436,
                            569.2
                        ],
                        [
                            149.072092,
                            -35.417467,
                            569.4
                        ],
                        [
                            149.072087,
                            -35.417495,
                            569.4
                        ],
                        [
                            149.072079,
                            -35.417526,
                            569.2
                        ],
                        [
                            149.072068,
                            -35.417555,
                            569.2
                        ],
                        [
                            149.072069,
                            -35.417583,
                            569.4
                        ],
                        [
                            149.072062,
                            -35.417621,
                            569.4
                        ],
                        [
                            149.07206,
                            -35.417641,
                            569.6
                        ],
                        [
                            149.072054,
                            -35.417671,
                            569.8
                        ],
                        [
                            149.072044,
                            -35.4177,
                            570.0
                        ],
                        [
                            149.07204,
                            -35.417725,
                            570.2
                        ],
                        [
                            149.072035,
                            -35.417755,
                            570.4
                        ],
                        [
                            149.072027,
                            -35.417776,
                            570.4
                        ],
                        [
                            149.072019,
                            -35.417804,
                            570.6
                        ],
                        [
                            149.07201,
                            -35.417833,
                            570.6
                        ],
                        [
                            149.072006,
                            -35.41786,
                            570.8
                        ],
                        [
                            149.071998,
                            -35.417893,
                            570.8
                        ],
                        [
                            149.071986,
                            -35.417924,
                            570.8
                        ],
                        [
                            149.071982,
                            -35.417949,
                            571.0
                        ],
                        [
                            149.071971,
                            -35.417982,
                            571.0
                        ],
                        [
                            149.071968,
                            -35.418017,
                            571.0
                        ],
                        [
                            149.071967,
                            -35.418048,
                            571.0
                        ],
                        [
                            149.071956,
                            -35.418082,
                            571.2
                        ],
                        [
                            149.07195,
                            -35.418108,
                            571.2
                        ],
                        [
                            149.071938,
                            -35.418138,
                            571.2
                        ],
                        [
                            149.071926,
                            -35.418169,
                            571.2
                        ],
                        [
                            149.071919,
                            -35.41819,
                            571.4
                        ],
                        [
                            149.071903,
                            -35.418228,
                            571.2
                        ],
                        [
                            149.071898,
                            -35.418259,
                            571.2
                        ],
                        [
                            149.071907,
                            -35.418291,
                            571.2
                        ],
                        [
                            149.07193,
                            -35.418311,
                            571.2
                        ],
                        [
                            149.07195,
                            -35.418317,
                            571.2
                        ],
                        [
                            149.071983,
                            -35.418326,
                            571.2
                        ],
                        [
                            149.072011,
                            -35.418329,
                            571.4
                        ],
                        [
                            149.072047,
                            -35.41833,
                            571.4
                        ],
                        [
                            149.072091,
                            -35.418339,
                            571.2
                        ],
                        [
                            149.072121,
                            -35.418349,
                            571.2
                        ],
                        [
                            149.072156,
                            -35.418362,
                            571.2
                        ],
                        [
                            149.072191,
                            -35.41838,
                            571.2
                        ],
                        [
                            149.072219,
                            -35.41839,
                            571.2
                        ],
                        [
                            149.072253,
                            -35.41841,
                            571.2
                        ],
                        [
                            149.072278,
                            -35.418424,
                            571.2
                        ],
                        [
                            149.072304,
                            -35.418438,
                            571.2
                        ],
                        [
                            149.072335,
                            -35.418459,
                            571.2
                        ],
                        [
                            149.072357,
                            -35.418476,
                            571.2
                        ],
                        [
                            149.072377,
                            -35.418494,
                            571.2
                        ],
                        [
                            149.072404,
                            -35.418516,
                            571.4
                        ],
                        [
                            149.072432,
                            -35.418536,
                            571.4
                        ],
                        [
                            149.072459,
                            -35.418564,
                            571.4
                        ],
                        [
                            149.072478,
                            -35.418583,
                            571.6
                        ],
                        [
                            149.072504,
                            -35.418601,
                            571.6
                        ],
                        [
                            149.072534,
                            -35.418626,
                            571.6
                        ],
                        [
                            149.072558,
                            -35.418645,
                            571.6
                        ],
                        [
                            149.072579,
                            -35.418677,
                            571.6
                        ],
                        [
                            149.072593,
                            -35.418698,
                            571.6
                        ],
                        [
                            149.072614,
                            -35.418721,
                            571.8
                        ],
                        [
                            149.072637,
                            -35.418746,
                            572.0
                        ],
                        [
                            149.072653,
                            -35.418765,
                            572.0
                        ],
                        [
                            149.072667,
                            -35.41879,
                            572.2
                        ],
                        [
                            149.072681,
                            -35.418815,
                            572.2
                        ],
                        [
                            149.072703,
                            -35.418836,
                            572.4
                        ],
                        [
                            149.072726,
                            -35.418862,
                            572.4
                        ],
                        [
                            149.072744,
                            -35.418884,
                            572.6
                        ],
                        [
                            149.072761,
                            -35.418905,
                            572.6
                        ],
                        [
                            149.07278,
                            -35.418935,
                            572.6
                        ],
                        [
                            149.072796,
                            -35.418954,
                            572.6
                        ],
                        [
                            149.072819,
                            -35.418979,
                            572.4
                        ],
                        [
                            149.072836,
                            -35.419005,
                            572.4
                        ],
                        [
                            149.072856,
                            -35.419026,
                            572.4
                        ],
                        [
                            149.072881,
                            -35.419059,
                            572.4
                        ],
                        [
                            149.072897,
                            -35.419088,
                            572.4
                        ],
                        [
                            149.072916,
                            -35.419112,
                            572.2
                        ],
                        [
                            149.072936,
                            -35.419145,
                            572.2
                        ],
                        [
                            149.072951,
                            -35.419174,
                            572.2
                        ],
                        [
                            149.072967,
                            -35.419204,
                            572.0
                        ],
                        [
                            149.07298,
                            -35.419233,
                            572.0
                        ],
                        [
                            149.073,
                            -35.419261,
                            572.0
                        ],
                        [
                            149.073008,
                            -35.41929,
                            572.0
                        ],
                        [
                            149.073015,
                            -35.41932,
                            572.0
                        ],
                        [
                            149.073027,
                            -35.419344,
                            572.0
                        ],
                        [
                            149.073032,
                            -35.419374,
                            572.2
                        ],
                        [
                            149.07303,
                            -35.419398,
                            572.2
                        ],
                        [
                            149.07303,
                            -35.419423,
                            572.2
                        ],
                        [
                            149.073029,
                            -35.419453,
                            572.2
                        ],
                        [
                            149.073034,
                            -35.419479,
                            572.2
                        ],
                        [
                            149.073031,
                            -35.4195,
                            572.2
                        ],
                        [
                            149.073024,
                            -35.419526,
                            572.2
                        ],
                        [
                            149.073026,
                            -35.419553,
                            572.2
                        ],
                        [
                            149.073017,
                            -35.419584,
                            572.4
                        ],
                        [
                            149.073004,
                            -35.41961,
                            572.6
                        ],
                        [
                            149.072998,
                            -35.419639,
                            572.6
                        ],
                        [
                            149.072988,
                            -35.419667,
                            572.6
                        ],
                        [
                            149.07298,
                            -35.419694,
                            572.6
                        ],
                        [
                            149.072965,
                            -35.419723,
                            572.6
                        ],
                        [
                            149.072945,
                            -35.419751,
                            572.6
                        ],
                        [
                            149.072929,
                            -35.419778,
                            572.6
                        ],
                        [
                            149.072913,
                            -35.419802,
                            572.8
                        ],
                        [
                            149.072895,
                            -35.41983,
                            572.8
                        ],
                        [
                            149.072889,
                            -35.419856,
                            572.6
                        ],
                        [
                            149.072884,
                            -35.419887,
                            572.6
                        ],
                        [
                            149.072886,
                            -35.419915,
                            572.6
                        ],
                        [
                            149.07289,
                            -35.419943,
                            572.4
                        ],
                        [
                            149.072896,
                            -35.419976,
                            572.4
                        ],
                        [
                            149.072906,
                            -35.420005,
                            572.2
                        ],
                        [
                            149.072921,
                            -35.420035,
                            572.0
                        ],
                        [
                            149.072934,
                            -35.420069,
                            571.8
                        ],
                        [
                            149.072952,
                            -35.420094,
                            571.8
                        ],
                        [
                            149.072965,
                            -35.420127,
                            571.6
                        ],
                        [
                            149.072977,
                            -35.420156,
                            571.6
                        ],
                        [
                            149.07299,
                            -35.42018,
                            571.6
                        ],
                        [
                            149.073006,
                            -35.420212,
                            571.6
                        ],
                        [
                            149.073017,
                            -35.42024,
                            571.4
                        ],
                        [
                            149.07303,
                            -35.420266,
                            571.4
                        ],
                        [
                            149.073037,
                            -35.420301,
                            571.4
                        ],
                        [
                            149.07305,
                            -35.420326,
                            571.4
                        ],
                        [
                            149.07306,
                            -35.420356,
                            571.4
                        ],
                        [
                            149.073081,
                            -35.420383,
                            571.6
                        ],
                        [
                            149.073102,
                            -35.420408,
                            571.6
                        ],
                        [
                            149.073126,
                            -35.420441,
                            571.6
                        ],
                        [
                            149.073147,
                            -35.420466,
                            571.6
                        ],
                        [
                            149.073176,
                            -35.420486,
                            571.4
                        ],
                        [
                            149.073214,
                            -35.420508,
                            571.4
                        ],
                        [
                            149.073239,
                            -35.420526,
                            571.2
                        ],
                        [
                            149.073265,
                            -35.420548,
                            571.4
                        ],
                        [
                            149.073295,
                            -35.420571,
                            571.4
                        ],
                        [
                            149.073324,
                            -35.420582,
                            571.4
                        ],
                        [
                            149.073356,
                            -35.420597,
                            571.6
                        ],
                        [
                            149.073391,
                            -35.42061,
                            571.6
                        ],
                        [
                            149.073423,
                            -35.420621,
                            571.6
                        ],
                        [
                            149.073462,
                            -35.420639,
                            571.6
                        ],
                        [
                            149.073493,
                            -35.420654,
                            571.4
                        ],
                        [
                            149.073523,
                            -35.420667,
                            571.4
                        ],
                        [
                            149.073552,
                            -35.42069,
                            571.6
                        ],
                        [
                            149.073577,
                            -35.420706,
                            571.6
                        ],
                        [
                            149.073608,
                            -35.420726,
                            571.6
                        ],
                        [
                            149.073633,
                            -35.420745,
                            571.6
                        ],
                        [
                            149.073663,
                            -35.420755,
                            571.6
                        ],
                        [
                            149.0737,
                            -35.420774,
                            571.4
                        ],
                        [
                            149.073721,
                            -35.42079,
                            571.6
                        ],
                        [
                            149.073743,
                            -35.420813,
                            571.6
                        ],
                        [
                            149.073765,
                            -35.420836,
                            571.6
                        ],
                        [
                            149.073785,
                            -35.420851,
                            571.6
                        ],
                        [
                            149.073811,
                            -35.420874,
                            571.6
                        ],
                        [
                            149.073825,
                            -35.420896,
                            571.8
                        ],
                        [
                            149.073849,
                            -35.420912,
                            571.8
                        ],
                        [
                            149.073879,
                            -35.420939,
                            572.0
                        ],
                        [
                            149.073898,
                            -35.420957,
                            572.0
                        ],
                        [
                            149.073921,
                            -35.420981,
                            572.0
                        ],
                        [
                            149.073946,
                            -35.421006,
                            572.2
                        ],
                        [
                            149.07397,
                            -35.421023,
                            572.2
                        ],
                        [
                            149.073994,
                            -35.421052,
                            572.2
                        ],
                        [
                            149.074017,
                            -35.421077,
                            572.4
                        ],
                        [
                            149.074035,
                            -35.421096,
                            572.4
                        ],
                        [
                            149.074055,
                            -35.421125,
                            572.4
                        ],
                        [
                            149.074073,
                            -35.421148,
                            572.4
                        ],
                        [
                            149.074093,
                            -35.421175,
                            572.4
                        ],
                        [
                            149.074113,
                            -35.421208,
                            572.4
                        ],
                        [
                            149.074132,
                            -35.421229,
                            572.2
                        ],
                        [
                            149.074157,
                            -35.421254,
                            572.2
                        ],
                        [
                            149.074175,
                            -35.421282,
                            572.4
                        ],
                        [
                            149.074199,
                            -35.421303,
                            572.4
                        ],
                        [
                            149.074226,
                            -35.421332,
                            572.2
                        ],
                        [
                            149.074248,
                            -35.421356,
                            572.2
                        ],
                        [
                            149.071134,
                            -35.420506,
                            575.0
                        ],
                        [
                            149.071116,
                            -35.420477,
                            575.0
                        ],
                        [
                            149.071093,
                            -35.420451,
                            575.0
                        ],
                        [
                            149.071044,
                            -35.420394,
                            575.0
                        ],
                        [
                            149.070984,
                            -35.420302,
                            574.8
                        ],
                        [
                            149.070822,
                            -35.420067,
                            574.0
                        ],
                        [
                            149.070703,
                            -35.419902,
                            574.8
                        ],
                        [
                            149.070648,
                            -35.419832,
                            575.0
                        ],
                        [
                            149.070413,
                            -35.419526,
                            574.8
                        ],
                        [
                            149.07037,
                            -35.419465,
                            574.8
                        ],
                        [
                            149.070324,
                            -35.419395,
                            574.8
                        ],
                        [
                            149.070233,
                            -35.419348,
                            574.8
                        ],
                        [
                            149.070185,
                            -35.419348,
                            575.0
                        ],
                        [
                            149.069995,
                            -35.419402,
                            575.4
                        ],
                        [
                            149.069778,
                            -35.419508,
                            575.6
                        ],
                        [
                            149.06972,
                            -35.419528,
                            575.6
                        ],
                        [
                            149.069508,
                            -35.419601,
                            575.8
                        ],
                        [
                            149.069461,
                            -35.419625,
                            575.6
                        ],
                        [
                            149.069361,
                            -35.419661,
                            575.6
                        ],
                        [
                            149.069256,
                            -35.419709,
                            575.4
                        ],
                        [
                            149.068938,
                            -35.419862,
                            575.6
                        ],
                        [
                            149.06878,
                            -35.419942,
                            575.4
                        ],
                        [
                            149.068729,
                            -35.419972,
                            575.2
                        ],
                        [
                            149.068628,
                            -35.420028,
                            575.2
                        ],
                        [
                            149.068426,
                            -35.420135,
                            575.6
                        ],
                        [
                            149.068281,
                            -35.420213,
                            576.0
                        ],
                        [
                            149.068184,
                            -35.420264,
                            576.4
                        ],
                        [
                            149.068044,
                            -35.420333,
                            576.8
                        ],
                        [
                            149.067898,
                            -35.420405,
                            577.0
                        ],
                        [
                            149.067849,
                            -35.420431,
                            577.0
                        ],
                        [
                            149.067453,
                            -35.420627,
                            578.2
                        ],
                        [
                            149.067359,
                            -35.420675,
                            578.4
                        ],
                        [
                            149.067129,
                            -35.420796,
                            579.2
                        ],
                        [
                            149.066861,
                            -35.420932,
                            580.2
                        ],
                        [
                            149.066819,
                            -35.420954,
                            580.4
                        ],
                        [
                            149.066559,
                            -35.421092,
                            581.4
                        ],
                        [
                            149.066514,
                            -35.421101,
                            581.6
                        ],
                        [
                            149.066428,
                            -35.421115,
                            582.4
                        ],
                        [
                            149.066418,
                            -35.421116,
                            582.6
                        ],
                        [
                            149.066301,
                            -35.421108,
                            583.0
                        ],
                        [
                            149.06622,
                            -35.421053,
                            582.4
                        ],
                        [
                            149.066157,
                            -35.420973,
                            581.8
                        ],
                        [
                            149.066123,
                            -35.420929,
                            581.4
                        ],
                        [
                            149.065887,
                            -35.420625,
                            581.8
                        ],
                        [
                            149.065846,
                            -35.42058,
                            581.8
                        ],
                        [
                            149.065547,
                            -35.420235,
                            582.4
                        ],
                        [
                            149.06548,
                            -35.42015,
                            582.4
                        ],
                        [
                            149.065395,
                            -35.420015,
                            582.4
                        ],
                        [
                            149.065318,
                            -35.419942,
                            582.6
                        ],
                        [
                            149.065269,
                            -35.419913,
                            582.6
                        ],
                        [
                            149.06523,
                            -35.419875,
                            582.4
                        ],
                        [
                            149.065153,
                            -35.419754,
                            582.2
                        ],
                        [
                            149.064969,
                            -35.419502,
                            582.8
                        ],
                        [
                            149.06489,
                            -35.419411,
                            584.0
                        ],
                        [
                            149.064847,
                            -35.419362,
                            585.4
                        ],
                        [
                            149.06473,
                            -35.419218,
                            589.4
                        ],
                        [
                            149.064663,
                            -35.419129,
                            588.6
                        ],
                        [
                            149.064631,
                            -35.419085,
                            586.0
                        ],
                        [
                            149.064568,
                            -35.419002,
                            584.0
                        ],
                        [
                            149.064413,
                            -35.4188,
                            584.2
                        ],
                        [
                            149.064126,
                            -35.418428,
                            583.8
                        ],
                        [
                            149.063899,
                            -35.418127,
                            583.4
                        ],
                        [
                            149.063826,
                            -35.418024,
                            583.4
                        ],
                        [
                            149.063516,
                            -35.417618,
                            583.4
                        ],
                        [
                            149.063223,
                            -35.417235,
                            583.0
                        ],
                        [
                            149.06318,
                            -35.41718,
                            583.0
                        ],
                        [
                            149.062882,
                            -35.416794,
                            582.2
                        ],
                        [
                            149.062849,
                            -35.416739,
                            582.4
                        ],
                        [
                            149.062805,
                            -35.416643,
                            582.8
                        ],
                        [
                            149.062805,
                            -35.416613,
                            583.8
                        ],
                        [
                            149.062772,
                            -35.416562,
                            584.2
                        ],
                        [
                            149.062714,
                            -35.416507,
                            584.0
                        ],
                        [
                            149.062635,
                            -35.416437,
                            583.8
                        ],
                        [
                            149.062594,
                            -35.416351,
                            582.8
                        ],
                        [
                            149.062376,
                            -35.416056,
                            582.0
                        ],
                        [
                            149.062305,
                            -35.415943,
                            581.6
                        ],
                        [
                            149.062264,
                            -35.41589,
                            581.4
                        ],
                        [
                            149.062134,
                            -35.415732,
                            581.2
                        ],
                        [
                            149.061874,
                            -35.415324,
                            580.6
                        ],
                        [
                            149.06181,
                            -35.415201,
                            580.2
                        ],
                        [
                            149.06166,
                            -35.414883,
                            579.4
                        ],
                        [
                            149.061492,
                            -35.414404,
                            578.8
                        ],
                        [
                            149.061439,
                            -35.41419,
                            578.2
                        ],
                        [
                            149.061378,
                            -35.413828,
                            577.4
                        ],
                        [
                            149.06137,
                            -35.413755,
                            577.2
                        ],
                        [
                            149.061339,
                            -35.413224,
                            576.4
                        ],
                        [
                            149.061343,
                            -35.412993,
                            576.0
                        ],
                        [
                            149.061344,
                            -35.412833,
                            575.8
                        ],
                        [
                            149.061384,
                            -35.412276,
                            575.4
                        ],
                        [
                            149.061423,
                            -35.412033,
                            575.0
                        ],
                        [
                            149.061493,
                            -35.411716,
                            574.0
                        ],
                        [
                            149.061509,
                            -35.41164,
                            574.0
                        ],
                        [
                            149.061671,
                            -35.411096,
                            573.6
                        ],
                        [
                            149.061731,
                            -35.410936,
                            573.2
                        ],
                        [
                            149.061788,
                            -35.410781,
                            572.6
                        ],
                        [
                            149.062015,
                            -35.410244,
                            572.4
                        ],
                        [
                            149.062282,
                            -35.40974,
                            572.4
                        ],
                        [
                            149.062368,
                            -35.409599,
                            572.2
                        ],
                        [
                            149.0625,
                            -35.409391,
                            571.4
                        ],
                        [
                            149.06285,
                            -35.40885,
                            571.6
                        ],
                        [
                            149.063071,
                            -35.408474,
                            572.2
                        ],
                        [
                            149.063199,
                            -35.408228,
                            572.4
                        ],
                        [
                            149.063353,
                            -35.407923,
                            572.8
                        ],
                        [
                            149.063517,
                            -35.407572,
                            573.6
                        ],
                        [
                            149.063564,
                            -35.40746,
                            574.0
                        ],
                        [
                            149.063738,
                            -35.40707,
                            574.8
                        ],
                        [
                            149.063825,
                            -35.406847,
                            575.2
                        ],
                        [
                            149.063967,
                            -35.406458,
                            575.2
                        ],
                        [
                            149.064011,
                            -35.406289,
                            575.6
                        ],
                        [
                            149.064041,
                            -35.406177,
                            576.0
                        ],
                        [
                            149.064116,
                            -35.405901,
                            577.0
                        ],
                        [
                            149.064158,
                            -35.405736,
                            577.8
                        ],
                        [
                            149.064169,
                            -35.405685,
                            578.2
                        ],
                        [
                            149.064247,
                            -35.405329,
                            579.2
                        ],
                        [
                            149.064267,
                            -35.405226,
                            579.2
                        ],
                        [
                            149.064299,
                            -35.405066,
                            579.2
                        ],
                        [
                            149.06438,
                            -35.404617,
                            578.8
                        ],
                        [
                            149.06439,
                            -35.404558,
                            579.0
                        ],
                        [
                            149.064416,
                            -35.404197,
                            579.4
                        ],
                        [
                            149.064411,
                            -35.404068,
                            579.0
                        ],
                        [
                            149.06445,
                            -35.403698,
                            578.8
                        ],
                        [
                            149.064443,
                            -35.403649,
                            579.0
                        ],
                        [
                            149.064428,
                            -35.403562,
                            579.2
                        ],
                        [
                            149.06449,
                            -35.403496,
                            579.4
                        ],
                        [
                            149.064536,
                            -35.403417,
                            579.4
                        ],
                        [
                            149.064551,
                            -35.403371,
                            579.4
                        ],
                        [
                            149.064562,
                            -35.403276,
                            579.2
                        ],
                        [
                            149.064549,
                            -35.403175,
                            579.0
                        ],
                        [
                            149.064609,
                            -35.403016,
                            578.6
                        ],
                        [
                            149.064633,
                            -35.402898,
                            578.2
                        ],
                        [
                            149.064716,
                            -35.402589,
                            577.8
                        ],
                        [
                            149.064824,
                            -35.402271,
                            577.2
                        ],
                        [
                            149.064873,
                            -35.402139,
                            576.8
                        ],
                        [
                            149.065071,
                            -35.401662,
                            576.2
                        ],
                        [
                            149.065235,
                            -35.401327,
                            576.2
                        ],
                        [
                            149.065267,
                            -35.401261,
                            576.0
                        ],
                        [
                            149.065331,
                            -35.401132,
                            576.0
                        ],
                        [
                            149.06562,
                            -35.400627,
                            575.6
                        ],
                        [
                            149.065662,
                            -35.400564,
                            575.8
                        ],
                        [
                            149.065865,
                            -35.400255,
                            575.0
                        ],
                        [
                            149.065949,
                            -35.400134,
                            575.0
                        ],
                        [
                            149.066327,
                            -35.399663,
                            574.8
                        ],
                        [
                            149.066714,
                            -35.399229,
                            575.2
                        ],
                        [
                            149.067054,
                            -35.398894,
                            575.4
                        ],
                        [
                            149.06735,
                            -35.398627,
                            576.0
                        ],
                        [
                            149.067402,
                            -35.398582,
                            576.0
                        ],
                        [
                            149.067763,
                            -35.398286,
                            576.6
                        ],
                        [
                            149.06797,
                            -35.398126,
                            577.2
                        ],
                        [
                            149.068205,
                            -35.397933,
                            577.4
                        ],
                        [
                            149.068238,
                            -35.397878,
                            577.4
                        ],
                        [
                            149.068394,
                            -35.397623,
                            575.8
                        ],
                        [
                            149.068442,
                            -35.397549,
                            575.0
                        ],
                        [
                            149.068492,
                            -35.397479,
                            574.4
                        ],
                        [
                            149.068582,
                            -35.397341,
                            573.8
                        ],
                        [
                            149.06861,
                            -35.397198,
                            573.8
                        ],
                        [
                            149.068581,
                            -35.396874,
                            574.8
                        ],
                        [
                            149.068475,
                            -35.396464,
                            572.0
                        ],
                        [
                            149.068457,
                            -35.396411,
                            573.0
                        ],
                        [
                            149.06842,
                            -35.396304,
                            574.6
                        ],
                        [
                            149.068396,
                            -35.396201,
                            576.6
                        ],
                        [
                            149.068364,
                            -35.396102,
                            577.6
                        ],
                        [
                            149.068336,
                            -35.396006,
                            579.0
                        ],
                        [
                            149.068293,
                            -35.395914,
                            580.8
                        ],
                        [
                            149.068207,
                            -35.395771,
                            581.4
                        ],
                        [
                            149.068156,
                            -35.395668,
                            579.6
                        ],
                        [
                            149.068071,
                            -35.395505,
                            578.4
                        ],
                        [
                            149.06798,
                            -35.39535,
                            580.6
                        ],
                        [
                            149.067941,
                            -35.395305,
                            580.0
                        ],
                        [
                            149.067902,
                            -35.395263,
                            579.4
                        ],
                        [
                            149.067718,
                            -35.395095,
                            577.4
                        ],
                        [
                            149.067671,
                            -35.395054,
                            576.8
                        ],
                        [
                            149.067558,
                            -35.394928,
                            577.4
                        ],
                        [
                            149.067522,
                            -35.39488,
                            578.6
                        ],
                        [
                            149.067486,
                            -35.394831,
                            581.4
                        ],
                        [
                            149.067447,
                            -35.394778,
                            586.2
                        ],
                        [
                            149.067363,
                            -35.39464,
                            583.8
                        ],
                        [
                            149.067337,
                            -35.394592,
                            582.4
                        ],
                        [
                            149.067308,
                            -35.394546,
                            581.2
                        ],
                        [
                            149.067137,
                            -35.394235,
                            580.8
                        ],
                        [
                            149.066938,
                            -35.393905,
                            580.6
                        ],
                        [
                            149.066796,
                            -35.393703,
                            581.0
                        ],
                        [
                            149.06671,
                            -35.3936,
                            581.2
                        ],
                        [
                            149.066631,
                            -35.393506,
                            581.2
                        ],
                        [
                            149.066513,
                            -35.393368,
                            581.4
                        ],
                        [
                            149.066463,
                            -35.39333,
                            581.4
                        ],
                        [
                            149.066324,
                            -35.393285,
                            582.4
                        ],
                        [
                            149.066171,
                            -35.393278,
                            582.4
                        ],
                        [
                            149.066022,
                            -35.393284,
                            581.8
                        ],
                        [
                            149.065812,
                            -35.393293,
                            581.6
                        ],
                        [
                            149.065696,
                            -35.393267,
                            582.2
                        ],
                        [
                            149.065534,
                            -35.393202,
                            590.2
                        ],
                        [
                            149.065378,
                            -35.393125,
                            592.6
                        ],
                        [
                            149.065325,
                            -35.393094,
                            591.4
                        ],
                        [
                            149.065009,
                            -35.392929,
                            592.6
                        ],
                        [
                            149.064955,
                            -35.392907,
                            592.8
                        ],
                        [
                            149.064756,
                            -35.392823,
                            594.8
                        ],
                        [
                            149.064705,
                            -35.392795,
                            595.0
                        ],
                        [
                            149.06466,
                            -35.392764,
                            594.8
                        ],
                        [
                            149.064625,
                            -35.39273,
                            594.6
                        ],
                        [
                            149.064522,
                            -35.392606,
                            594.0
                        ],
                        [
                            149.064483,
                            -35.392559,
                            592.8
                        ],
                        [
                            149.064448,
                            -35.392508,
                            591.0
                        ],
                        [
                            149.064371,
                            -35.392364,
                            588.4
                        ],
                        [
                            149.064254,
                            -35.392129,
                            586.8
                        ],
                        [
                            149.064203,
                            -35.392036,
                            585.6
                        ],
                        [
                            149.06403,
                            -35.391797,
                            586.0
                        ],
                        [
                            149.063816,
                            -35.391571,
                            587.0
                        ],
                        [
                            149.063773,
                            -35.391536,
                            588.0
                        ],
                        [
                            149.063721,
                            -35.391501,
                            589.6
                        ],
                        [
                            149.063598,
                            -35.391445,
                            591.0
                        ],
                        [
                            149.06341,
                            -35.391368,
                            591.6
                        ],
                        [
                            149.063289,
                            -35.391308,
                            592.0
                        ],
                        [
                            149.063167,
                            -35.39125,
                            592.4
                        ],
                        [
                            149.063061,
                            -35.391182,
                            593.2
                        ],
                        [
                            149.062959,
                            -35.391121,
                            591.2
                        ],
                        [
                            149.062914,
                            -35.39109,
                            588.6
                        ],
                        [
                            149.062823,
                            -35.39101,
                            587.0
                        ],
                        [
                            149.062752,
                            -35.390926,
                            586.2
                        ],
                        [
                            149.062652,
                            -35.390792,
                            586.8
                        ],
                        [
                            149.06254,
                            -35.390518,
                            587.2
                        ],
                        [
                            149.062517,
                            -35.390403,
                            587.4
                        ],
                        [
                            149.062432,
                            -35.390149,
                            588.0
                        ],
                        [
                            149.062413,
                            -35.390105,
                            588.2
                        ],
                        [
                            149.062288,
                            -35.389812,
                            588.8
                        ],
                        [
                            149.0622,
                            -35.389551,
                            589.2
                        ],
                        [
                            149.062182,
                            -35.3895,
                            589.4
                        ],
                        [
                            149.062085,
                            -35.389187,
                            589.6
                        ],
                        [
                            149.062028,
                            -35.389091,
                            589.6
                        ],
                        [
                            149.061857,
                            -35.388854,
                            590.2
                        ],
                        [
                            149.061788,
                            -35.388766,
                            590.4
                        ],
                        [
                            149.061711,
                            -35.388628,
                            591.0
                        ],
                        [
                            149.06166,
                            -35.388531,
                            591.2
                        ],
                        [
                            149.06155,
                            -35.38822,
                            591.0
                        ],
                        [
                            149.061443,
                            -35.387901,
                            591.2
                        ],
                        [
                            149.061393,
                            -35.387739,
                            591.0
                        ],
                        [
                            149.061242,
                            -35.387296,
                            591.2
                        ],
                        [
                            149.061137,
                            -35.38722,
                            590.8
                        ],
                        [
                            149.061076,
                            -35.387189,
                            590.8
                        ],
                        [
                            149.060832,
                            -35.387079,
                            590.8
                        ],
                        [
                            149.060525,
                            -35.386938,
                            591.6
                        ],
                        [
                            149.060409,
                            -35.386883,
                            592.0
                        ],
                        [
                            149.0602,
                            -35.386752,
                            592.8
                        ],
                        [
                            149.060149,
                            -35.386716,
                            592.8
                        ],
                        [
                            149.059953,
                            -35.386562,
                            593.0
                        ],
                        [
                            149.0598,
                            -35.38645,
                            593.2
                        ],
                        [
                            149.05944,
                            -35.386252,
                            592.8
                        ],
                        [
                            149.059054,
                            -35.386109,
                            593.4
                        ],
                        [
                            149.058999,
                            -35.386072,
                            593.6
                        ],
                        [
                            149.058959,
                            -35.386021,
                            593.6
                        ],
                        [
                            149.058927,
                            -35.385896,
                            593.4
                        ],
                        [
                            149.058939,
                            -35.38553,
                            592.6
                        ],
                        [
                            149.058928,
                            -35.385476,
                            592.2
                        ],
                        [
                            149.058897,
                            -35.385371,
                            591.4
                        ],
                        [
                            149.058868,
                            -35.385265,
                            592.4
                        ],
                        [
                            149.058829,
                            -35.385153,
                            592.6
                        ],
                        [
                            149.058792,
                            -35.3851,
                            592.8
                        ],
                        [
                            149.058746,
                            -35.385052,
                            593.2
                        ],
                        [
                            149.058695,
                            -35.38501,
                            593.4
                        ],
                        [
                            149.058639,
                            -35.384968,
                            594.6
                        ],
                        [
                            149.058462,
                            -35.384851,
                            592.4
                        ],
                        [
                            149.058412,
                            -35.384822,
                            591.2
                        ],
                        [
                            149.05824,
                            -35.384714,
                            593.8
                        ],
                        [
                            149.058202,
                            -35.384682,
                            594.0
                        ],
                        [
                            149.05816,
                            -35.384648,
                            594.2
                        ],
                        [
                            149.058086,
                            -35.384573,
                            594.2
                        ],
                        [
                            149.057957,
                            -35.384396,
                            594.0
                        ],
                        [
                            149.057781,
                            -35.384243,
                            594.4
                        ],
                        [
                            149.057724,
                            -35.384214,
                            594.6
                        ],
                        [
                            149.057604,
                            -35.384152,
                            595.0
                        ],
                        [
                            149.057361,
                            -35.383969,
                            596.4
                        ],
                        [
                            149.057274,
                            -35.383891,
                            597.4
                        ],
                        [
                            149.057166,
                            -35.38376,
                            597.4
                        ],
                        [
                            149.057139,
                            -35.383717,
                            597.4
                        ],
                        [
                            149.057014,
                            -35.383449,
                            598.8
                        ],
                        [
                            149.05699,
                            -35.383355,
                            600.2
                        ],
                        [
                            149.056889,
                            -35.382926,
                            601.4
                        ],
                        [
                            149.056845,
                            -35.38273,
                            601.8
                        ],
                        [
                            149.056795,
                            -35.382532,
                            600.4
                        ],
                        [
                            149.056781,
                            -35.382481,
                            599.8
                        ],
                        [
                            149.056767,
                            -35.382431,
                            598.4
                        ],
                        [
                            149.056715,
                            -35.382225,
                            599.0
                        ],
                        [
                            149.056649,
                            -35.381971,
                            599.8
                        ],
                        [
                            149.056563,
                            -35.381599,
                            601.4
                        ],
                        [
                            149.056538,
                            -35.381552,
                            602.4
                        ],
                        [
                            149.056498,
                            -35.381513,
                            603.0
                        ],
                        [
                            149.056449,
                            -35.381493,
                            602.6
                        ],
                        [
                            149.056354,
                            -35.381448,
                            602.0
                        ],
                        [
                            149.056326,
                            -35.381409,
                            601.6
                        ],
                        [
                            149.056302,
                            -35.381365,
                            601.2
                        ],
                        [
                            149.056289,
                            -35.381319,
                            601.2
                        ],
                        [
                            149.056288,
                            -35.381272,
                            601.6
                        ],
                        [
                            149.056299,
                            -35.38119,
                            602.2
                        ],
                        [
                            149.056308,
                            -35.381148,
                            602.6
                        ],
                        [
                            149.056319,
                            -35.381027,
                            603.8
                        ],
                        [
                            149.056308,
                            -35.380915,
                            604.4
                        ],
                        [
                            149.056295,
                            -35.380827,
                            604.4
                        ],
                        [
                            149.056284,
                            -35.380737,
                            604.6
                        ],
                        [
                            149.056278,
                            -35.380642,
                            604.8
                        ],
                        [
                            149.056267,
                            -35.380552,
                            604.8
                        ],
                        [
                            149.056258,
                            -35.380461,
                            603.2
                        ],
                        [
                            149.056213,
                            -35.380323,
                            601.8
                        ],
                        [
                            149.056135,
                            -35.380149,
                            604.4
                        ],
                        [
                            149.056124,
                            -35.38006,
                            605.8
                        ],
                        [
                            149.056122,
                            -35.380013,
                            605.8
                        ],
                        [
                            149.056088,
                            -35.379742,
                            605.6
                        ],
                        [
                            149.05604,
                            -35.37957,
                            607.8
                        ],
                        [
                            149.056059,
                            -35.379533,
                            608.0
                        ],
                        [
                            149.056104,
                            -35.379439,
                            605.2
                        ],
                        [
                            149.056106,
                            -35.379422,
                            603.8
                        ],
                        [
                            149.0561,
                            -35.379396,
                            602.6
                        ],
                        [
                            149.0561,
                            -35.379396,
                            601.4
                        ],
                        [
                            149.0561,
                            -35.379396,
                            603.8
                        ],
                        [
                            149.0561,
                            -35.379396,
                            605.0
                        ],
                        [
                            149.056101,
                            -35.379393,
                            608.8
                        ],
                        [
                            149.056088,
                            -35.379259,
                            609.2
                        ],
                        [
                            149.056051,
                            -35.379138,
                            608.4
                        ],
                        [
                            149.056022,
                            -35.379111,
                            608.4
                        ],
                        [
                            149.055988,
                            -35.379077,
                            608.4
                        ],
                        [
                            149.055963,
                            -35.379006,
                            608.8
                        ],
                        [
                            149.055959,
                            -35.378929,
                            609.0
                        ],
                        [
                            149.055967,
                            -35.378764,
                            609.4
                        ],
                        [
                            149.055974,
                            -35.378613,
                            609.8
                        ],
                        [
                            149.05598,
                            -35.378415,
                            610.6
                        ],
                        [
                            149.055991,
                            -35.378239,
                            611.0
                        ],
                        [
                            149.055979,
                            -35.378143,
                            611.0
                        ],
                        [
                            149.055964,
                            -35.378094,
                            611.2
                        ],
                        [
                            149.055937,
                            -35.378049,
                            611.2
                        ],
                        [
                            149.055849,
                            -35.377903,
                            610.8
                        ],
                        [
                            149.055833,
                            -35.377848,
                            610.6
                        ],
                        [
                            149.055846,
                            -35.37772,
                            609.8
                        ],
                        [
                            149.05593,
                            -35.377417,
                            609.6
                        ],
                        [
                            149.056002,
                            -35.377348,
                            610.6
                        ],
                        [
                            149.056065,
                            -35.377286,
                            611.0
                        ],
                        [
                            149.056087,
                            -35.377246,
                            611.8
                        ],
                        [
                            149.0561,
                            -35.377201,
                            612.6
                        ],
                        [
                            149.056106,
                            -35.377155,
                            613.6
                        ],
                        [
                            149.056113,
                            -35.377111,
                            613.8
                        ],
                        [
                            149.056148,
                            -35.376932,
                            613.4
                        ],
                        [
                            149.05616,
                            -35.37684,
                            613.6
                        ],
                        [
                            149.056189,
                            -35.376632,
                            614.0
                        ],
                        [
                            149.056204,
                            -35.376479,
                            613.8
                        ],
                        [
                            149.056286,
                            -35.376065,
                            614.8
                        ],
                        [
                            149.056334,
                            -35.375764,
                            615.2
                        ],
                        [
                            149.056367,
                            -35.375562,
                            615.6
                        ],
                        [
                            149.056385,
                            -35.375466,
                            615.8
                        ],
                        [
                            149.056432,
                            -35.375177,
                            615.4
                        ],
                        [
                            149.056441,
                            -35.375019,
                            618.2
                        ],
                        [
                            149.056431,
                            -35.374872,
                            620.0
                        ],
                        [
                            149.056444,
                            -35.374771,
                            619.2
                        ],
                        [
                            149.056447,
                            -35.374724,
                            618.6
                        ],
                        [
                            149.056459,
                            -35.374625,
                            617.4
                        ],
                        [
                            149.056477,
                            -35.374425,
                            616.2
                        ],
                        [
                            149.056476,
                            -35.374328,
                            616.6
                        ],
                        [
                            149.056498,
                            -35.374107,
                            617.8
                        ],
                        [
                            149.056532,
                            -35.37407,
                            618.8
                        ],
                        [
                            149.056573,
                            -35.374039,
                            619.4
                        ],
                        [
                            149.056668,
                            -35.373995,
                            620.2
                        ],
                        [
                            149.056707,
                            -35.373974,
                            617.2
                        ],
                        [
                            149.056707,
                            -35.373974,
                            617.0
                        ],
                        [
                            149.056708,
                            -35.373973,
                            618.2
                        ],
                        [
                            149.056722,
                            -35.373908,
                            619.2
                        ],
                        [
                            149.056724,
                            -35.373878,
                            620.2
                        ],
                        [
                            149.056752,
                            -35.373731,
                            621.0
                        ],
                        [
                            149.05675,
                            -35.373652,
                            620.2
                        ],
                        [
                            149.056703,
                            -35.373577,
                            619.4
                        ],
                        [
                            149.056706,
                            -35.373534,
                            619.2
                        ],
                        [
                            149.056726,
                            -35.373494,
                            619.2
                        ],
                        [
                            149.056742,
                            -35.373454,
                            619.2
                        ],
                        [
                            149.056755,
                            -35.373411,
                            619.2
                        ],
                        [
                            149.056797,
                            -35.373173,
                            619.8
                        ],
                        [
                            149.056822,
                            -35.373018,
                            620.4
                        ],
                        [
                            149.056889,
                            -35.37275,
                            621.0
                        ],
                        [
                            149.056915,
                            -35.372647,
                            621.4
                        ],
                        [
                            149.057015,
                            -35.372334,
                            621.8
                        ],
                        [
                            149.057067,
                            -35.372179,
                            622.4
                        ],
                        [
                            149.057173,
                            -35.371873,
                            625.2
                        ],
                        [
                            149.057236,
                            -35.371726,
                            626.6
                        ],
                        [
                            149.057276,
                            -35.371625,
                            625.4
                        ],
                        [
                            149.057317,
                            -35.371525,
                            624.4
                        ],
                        [
                            149.057357,
                            -35.371427,
                            625.8
                        ],
                        [
                            149.057377,
                            -35.371374,
                            628.8
                        ],
                        [
                            149.0574,
                            -35.371323,
                            629.0
                        ],
                        [
                            149.05744,
                            -35.371227,
                            630.4
                        ],
                        [
                            149.057506,
                            -35.371081,
                            628.0
                        ],
                        [
                            149.057601,
                            -35.370891,
                            627.2
                        ],
                        [
                            149.057625,
                            -35.370843,
                            626.0
                        ],
                        [
                            149.057749,
                            -35.370611,
                            628.2
                        ],
                        [
                            149.057866,
                            -35.370436,
                            627.0
                        ],
                        [
                            149.058021,
                            -35.370217,
                            629.0
                        ],
                        [
                            149.058084,
                            -35.37014,
                            632.0
                        ],
                        [
                            149.058403,
                            -35.369791,
                            633.0
                        ],
                        [
                            149.058604,
                            -35.369545,
                            633.4
                        ],
                        [
                            149.058625,
                            -35.3695,
                            632.0
                        ],
                        [
                            149.058724,
                            -35.369214,
                            631.6
                        ],
                        [
                            149.05879,
                            -35.369136,
                            631.6
                        ],
                        [
                            149.058907,
                            -35.369032,
                            632.2
                        ],
                        [
                            149.058949,
                            -35.369004,
                            632.8
                        ],
                        [
                            149.058995,
                            -35.368977,
                            633.6
                        ],
                        [
                            149.05904,
                            -35.368948,
                            637.0
                        ],
                        [
                            149.059162,
                            -35.368867,
                            637.2
                        ],
                        [
                            149.059243,
                            -35.368814,
                            635.0
                        ],
                        [
                            149.059531,
                            -35.368629,
                            632.6
                        ],
                        [
                            149.059684,
                            -35.368528,
                            633.6
                        ],
                        [
                            149.059726,
                            -35.368503,
                            634.8
                        ],
                        [
                            149.059767,
                            -35.368476,
                            636.4
                        ],
                        [
                            149.05985,
                            -35.368425,
                            638.0
                        ],
                        [
                            149.059892,
                            -35.3684,
                            639.0
                        ],
                        [
                            149.059931,
                            -35.368376,
                            638.8
                        ],
                        [
                            149.060092,
                            -35.36827,
                            637.6
                        ],
                        [
                            149.060167,
                            -35.368212,
                            637.6
                        ],
                        [
                            149.060226,
                            -35.368142,
                            637.8
                        ],
                        [
                            149.060237,
                            -35.368099,
                            638.8
                        ],
                        [
                            149.060252,
                            -35.367967,
                            639.6
                        ],
                        [
                            149.060286,
                            -35.367751,
                            636.6
                        ],
                        [
                            149.060331,
                            -35.367647,
                            635.6
                        ],
                        [
                            149.060362,
                            -35.367597,
                            636.6
                        ],
                        [
                            149.060439,
                            -35.367503,
                            637.8
                        ],
                        [
                            149.060528,
                            -35.367423,
                            637.4
                        ],
                        [
                            149.060625,
                            -35.367348,
                            635.8
                        ],
                        [
                            149.060909,
                            -35.36712,
                            639.4
                        ],
                        [
                            149.061006,
                            -35.367047,
                            640.8
                        ],
                        [
                            149.061199,
                            -35.36691,
                            639.2
                        ],
                        [
                            149.061249,
                            -35.366875,
                            639.0
                        ],
                        [
                            149.061299,
                            -35.366843,
                            637.6
                        ],
                        [
                            149.061435,
                            -35.366757,
                            636.4
                        ],
                        [
                            149.061561,
                            -35.366669,
                            637.0
                        ],
                        [
                            149.061603,
                            -35.366641,
                            638.0
                        ],
                        [
                            149.061645,
                            -35.366611,
                            639.0
                        ],
                        [
                            149.061725,
                            -35.366552,
                            641.2
                        ],
                        [
                            149.061762,
                            -35.366523,
                            642.2
                        ],
                        [
                            149.061841,
                            -35.366471,
                            644.6
                        ],
                        [
                            149.061984,
                            -35.366376,
                            646.0
                        ],
                        [
                            149.062126,
                            -35.36628,
                            645.6
                        ],
                        [
                            149.062356,
                            -35.366145,
                            647.4
                        ],
                        [
                            149.062427,
                            -35.366099,
                            648.6
                        ],
                        [
                            149.062464,
                            -35.366074,
                            649.8
                        ],
                        [
                            149.062729,
                            -35.365899,
                            648.8
                        ],
                        [
                            149.062764,
                            -35.365874,
                            647.8
                        ],
                        [
                            149.0628,
                            -35.365846,
                            646.6
                        ],
                        [
                            149.062901,
                            -35.365755,
                            645.4
                        ],
                        [
                            149.062964,
                            -35.365695,
                            645.8
                        ],
                        [
                            149.063057,
                            -35.36561,
                            646.6
                        ],
                        [
                            149.063208,
                            -35.365466,
                            647.8
                        ],
                        [
                            149.063369,
                            -35.365314,
                            649.0
                        ],
                        [
                            149.063685,
                            -35.365021,
                            650.0
                        ],
                        [
                            149.063722,
                            -35.364985,
                            650.0
                        ],
                        [
                            149.063866,
                            -35.364836,
                            650.2
                        ],
                        [
                            149.063899,
                            -35.364801,
                            650.2
                        ],
                        [
                            149.064006,
                            -35.364688,
                            650.4
                        ],
                        [
                            149.064287,
                            -35.364387,
                            651.0
                        ],
                        [
                            149.064388,
                            -35.364275,
                            651.2
                        ],
                        [
                            149.06446,
                            -35.364198,
                            651.4
                        ],
                        [
                            149.064567,
                            -35.364078,
                            651.6
                        ],
                        [
                            149.06477,
                            -35.363853,
                            652.2
                        ],
                        [
                            149.064994,
                            -35.363609,
                            653.2
                        ],
                        [
                            149.065052,
                            -35.363538,
                            653.6
                        ],
                        [
                            149.065352,
                            -35.363206,
                            654.2
                        ],
                        [
                            149.065424,
                            -35.36313,
                            654.2
                        ],
                        [
                            149.065642,
                            -35.362876,
                            652.8
                        ],
                        [
                            149.065711,
                            -35.362777,
                            651.8
                        ],
                        [
                            149.065936,
                            -35.362456,
                            651.2
                        ],
                        [
                            149.066256,
                            -35.361975,
                            652.0
                        ],
                        [
                            149.066285,
                            -35.361934,
                            653.0
                        ],
                        [
                            149.066338,
                            -35.361856,
                            654.6
                        ],
                        [
                            149.066359,
                            -35.361816,
                            655.8
                        ],
                        [
                            149.066373,
                            -35.361778,
                            656.2
                        ],
                        [
                            149.0664,
                            -35.361705,
                            657.0
                        ],
                        [
                            149.066409,
                            -35.361667,
                            657.2
                        ],
                        [
                            149.066463,
                            -35.361539,
                            657.6
                        ],
                        [
                            149.066486,
                            -35.361494,
                            657.4
                        ],
                        [
                            149.066665,
                            -35.361239,
                            660.4
                        ],
                        [
                            149.066753,
                            -35.361123,
                            661.6
                        ],
                        [
                            149.066847,
                            -35.360999,
                            660.4
                        ],
                        [
                            149.066941,
                            -35.36086,
                            659.4
                        ],
                        [
                            149.066989,
                            -35.360784,
                            659.0
                        ],
                        [
                            149.067036,
                            -35.360704,
                            657.4
                        ],
                        [
                            149.067126,
                            -35.360538,
                            656.4
                        ],
                        [
                            149.067173,
                            -35.360453,
                            653.8
                        ],
                        [
                            149.067224,
                            -35.360374,
                            650.8
                        ],
                        [
                            149.067272,
                            -35.360289,
                            647.0
                        ],
                        [
                            149.067323,
                            -35.3602,
                            644.2
                        ],
                        [
                            149.067439,
                            -35.359913,
                            643.2
                        ],
                        [
                            149.067468,
                            -35.359812,
                            642.6
                        ],
                        [
                            149.067495,
                            -35.359707,
                            641.6
                        ],
                        [
                            149.067546,
                            -35.3595,
                            640.2
                        ],
                        [
                            149.067572,
                            -35.359392,
                            639.2
                        ],
                        [
                            149.067678,
                            -35.358989,
                            639.2
                        ],
                        [
                            149.067742,
                            -35.358697,
                            637.8
                        ],
                        [
                            149.067817,
                            -35.358414,
                            637.4
                        ],
                        [
                            149.067858,
                            -35.358329,
                            636.8
                        ],
                        [
                            149.067911,
                            -35.358245,
                            636.2
                        ],
                        [
                            149.067962,
                            -35.358167,
                            635.4
                        ],
                        [
                            149.068049,
                            -35.358004,
                            634.4
                        ],
                        [
                            149.068116,
                            -35.357844,
                            634.8
                        ],
                        [
                            149.068206,
                            -35.357614,
                            633.0
                        ],
                        [
                            149.068193,
                            -35.357523,
                            633.0
                        ],
                        [
                            149.068086,
                            -35.357475,
                            632.4
                        ],
                        [
                            149.068056,
                            -35.357442,
                            631.2
                        ],
                        [
                            149.068041,
                            -35.3574,
                            630.0
                        ],
                        [
                            149.068066,
                            -35.357311,
                            630.8
                        ],
                        [
                            149.068125,
                            -35.357153,
                            631.8
                        ],
                        [
                            149.068143,
                            -35.357099,
                            633.8
                        ],
                        [
                            149.068173,
                            -35.356992,
                            634.8
                        ],
                        [
                            149.068189,
                            -35.356938,
                            634.8
                        ],
                        [
                            149.068304,
                            -35.356596,
                            635.4
                        ],
                        [
                            149.068327,
                            -35.356514,
                            636.0
                        ],
                        [
                            149.068364,
                            -35.356394,
                            637.4
                        ],
                        [
                            149.068383,
                            -35.356317,
                            638.2
                        ],
                        [
                            149.068394,
                            -35.35628,
                            638.4
                        ],
                        [
                            149.068425,
                            -35.356164,
                            639.4
                        ],
                        [
                            149.068437,
                            -35.356123,
                            639.6
                        ],
                        [
                            149.06846,
                            -35.356038,
                            639.8
                        ],
                        [
                            149.068536,
                            -35.355662,
                            639.4
                        ],
                        [
                            149.068547,
                            -35.35561,
                            639.2
                        ],
                        [
                            149.068604,
                            -35.355287,
                            638.2
                        ],
                        [
                            149.068681,
                            -35.354867,
                            634.8
                        ],
                        [
                            149.068693,
                            -35.354776,
                            633.8
                        ],
                        [
                            149.06872,
                            -35.354589,
                            631.4
                        ],
                        [
                            149.06873,
                            -35.354494,
                            630.0
                        ],
                        [
                            149.06874,
                            -35.354391,
                            629.0
                        ],
                        [
                            149.068752,
                            -35.354292,
                            628.2
                        ],
                        [
                            149.068761,
                            -35.35419,
                            627.6
                        ],
                        [
                            149.068786,
                            -35.353883,
                            626.4
                        ],
                        [
                            149.068795,
                            -35.35368,
                            625.2
                        ],
                        [
                            149.068795,
                            -35.353575,
                            624.8
                        ],
                        [
                            149.06875,
                            -35.3532,
                            624.8
                        ],
                        [
                            149.068732,
                            -35.353116,
                            624.8
                        ],
                        [
                            149.068593,
                            -35.352709,
                            624.8
                        ],
                        [
                            149.068559,
                            -35.352631,
                            624.8
                        ],
                        [
                            149.068343,
                            -35.352105,
                            625.2
                        ],
                        [
                            149.068317,
                            -35.352029,
                            625.2
                        ],
                        [
                            149.068206,
                            -35.351592,
                            626.2
                        ],
                        [
                            149.068191,
                            -35.351443,
                            624.4
                        ],
                        [
                            149.068166,
                            -35.351064,
                            628.2
                        ],
                        [
                            149.068162,
                            -35.350989,
                            628.2
                        ],
                        [
                            149.068129,
                            -35.350617,
                            626.2
                        ],
                        [
                            149.068119,
                            -35.350538,
                            624.2
                        ],
                        [
                            149.068089,
                            -35.350285,
                            622.8
                        ],
                        [
                            149.068078,
                            -35.350199,
                            621.4
                        ],
                        [
                            149.068067,
                            -35.35011,
                            620.4
                        ],
                        [
                            149.068044,
                            -35.349922,
                            619.2
                        ],
                        [
                            149.068,
                            -35.349733,
                            617.8
                        ],
                        [
                            149.067969,
                            -35.349644,
                            617.2
                        ],
                        [
                            149.067926,
                            -35.349558,
                            616.6
                        ],
                        [
                            149.067778,
                            -35.349324,
                            614.4
                        ],
                        [
                            149.067602,
                            -35.349117,
                            611.8
                        ],
                        [
                            149.067546,
                            -35.349051,
                            610.6
                        ],
                        [
                            149.067438,
                            -35.348931,
                            611.4
                        ],
                        [
                            149.06735,
                            -35.348826,
                            612.0
                        ],
                        [
                            149.067309,
                            -35.348777,
                            617.0
                        ],
                        [
                            149.067247,
                            -35.348702,
                            615.8
                        ],
                        [
                            149.067226,
                            -35.348667,
                            613.0
                        ],
                        [
                            149.067206,
                            -35.348634,
                            609.8
                        ],
                        [
                            149.067193,
                            -35.348608,
                            608.6
                        ],
                        [
                            149.06719,
                            -35.348593,
                            607.2
                        ],
                        [
                            149.067189,
                            -35.348585,
                            606.0
                        ],
                        [
                            149.06719,
                            -35.348585,
                            607.0
                        ],
                        [
                            149.06719,
                            -35.348585,
                            608.8
                        ],
                        [
                            149.06719,
                            -35.348585,
                            610.2
                        ],
                        [
                            149.06719,
                            -35.348585,
                            611.2
                        ],
                        [
                            149.06719,
                            -35.348585,
                            611.0
                        ],
                        [
                            149.067185,
                            -35.348563,
                            611.0
                        ],
                        [
                            149.067165,
                            -35.348412,
                            610.2
                        ],
                        [
                            149.067178,
                            -35.348365,
                            610.0
                        ],
                        [
                            149.067196,
                            -35.348313,
                            609.8
                        ],
                        [
                            149.067246,
                            -35.348214,
                            609.6
                        ],
                        [
                            149.067301,
                            -35.34808,
                            609.8
                        ],
                        [
                            149.067297,
                            -35.348045,
                            611.2
                        ],
                        [
                            149.067298,
                            -35.348036,
                            610.8
                        ],
                        [
                            149.067306,
                            -35.348004,
                            610.4
                        ],
                        [
                            149.06727,
                            -35.347992,
                            610.4
                        ],
                        [
                            149.067117,
                            -35.347979,
                            610.2
                        ],
                        [
                            149.067068,
                            -35.347972,
                            610.0
                        ],
                        [
                            149.066787,
                            -35.347918,
                            610.0
                        ],
                        [
                            149.06661,
                            -35.347878,
                            611.2
                        ],
                        [
                            149.066488,
                            -35.347848,
                            612.6
                        ],
                        [
                            149.066233,
                            -35.347777,
                            613.8
                        ],
                        [
                            149.066108,
                            -35.347743,
                            615.2
                        ],
                        [
                            149.065776,
                            -35.347638,
                            613.8
                        ],
                        [
                            149.065712,
                            -35.347617,
                            613.2
                        ],
                        [
                            149.06558,
                            -35.347577,
                            612.0
                        ],
                        [
                            149.06551,
                            -35.347559,
                            611.0
                        ],
                        [
                            149.065445,
                            -35.347531,
                            609.8
                        ],
                        [
                            149.065304,
                            -35.347483,
                            611.8
                        ],
                        [
                            149.065231,
                            -35.347461,
                            613.8
                        ],
                        [
                            149.065091,
                            -35.347417,
                            614.8
                        ],
                        [
                            149.06502,
                            -35.347396,
                            615.2
                        ],
                        [
                            149.064641,
                            -35.347277,
                            613.4
                        ],
                        [
                            149.064561,
                            -35.347251,
                            611.2
                        ],
                        [
                            149.064478,
                            -35.347223,
                            610.0
                        ],
                        [
                            149.064313,
                            -35.34717,
                            608.0
                        ],
                        [
                            149.064143,
                            -35.347116,
                            604.4
                        ],
                        [
                            149.063893,
                            -35.347041,
                            607.0
                        ],
                        [
                            149.063812,
                            -35.347014,
                            607.8
                        ],
                        [
                            149.063272,
                            -35.346841,
                            606.4
                        ],
                        [
                            149.06278,
                            -35.346714,
                            607.8
                        ],
                        [
                            149.062658,
                            -35.346697,
                            606.2
                        ],
                        [
                            149.062613,
                            -35.346679,
                            604.0
                        ],
                        [
                            149.062574,
                            -35.346659,
                            603.4
                        ],
                        [
                            149.062476,
                            -35.346647,
                            602.2
                        ],
                        [
                            149.06237,
                            -35.346635,
                            602.8
                        ],
                        [
                            149.062292,
                            -35.346578,
                            603.2
                        ],
                        [
                            149.062255,
                            -35.346549,
                            603.4
                        ],
                        [
                            149.062179,
                            -35.346491,
                            604.6
                        ],
                        [
                            149.062133,
                            -35.346477,
                            605.2
                        ],
                        [
                            149.062074,
                            -35.346475,
                            605.6
                        ],
                        [
                            149.062022,
                            -35.346475,
                            605.8
                        ],
                        [
                            149.061901,
                            -35.346463,
                            605.6
                        ],
                        [
                            149.061831,
                            -35.346447,
                            605.0
                        ],
                        [
                            149.061677,
                            -35.346404,
                            604.2
                        ],
                        [
                            149.061428,
                            -35.346328,
                            605.0
                        ],
                        [
                            149.061342,
                            -35.346301,
                            604.8
                        ],
                        [
                            149.061252,
                            -35.346273,
                            604.8
                        ],
                        [
                            149.060889,
                            -35.34616,
                            602.4
                        ],
                        [
                            149.060606,
                            -35.346073,
                            602.0
                        ],
                        [
                            149.060508,
                            -35.346042,
                            601.0
                        ],
                        [
                            149.060315,
                            -35.345984,
                            599.0
                        ],
                        [
                            149.060122,
                            -35.345922,
                            597.4
                        ],
                        [
                            149.059923,
                            -35.345858,
                            596.8
                        ],
                        [
                            149.059764,
                            -35.345814,
                            595.0
                        ],
                        [
                            149.059606,
                            -35.34577,
                            593.8
                        ],
                        [
                            149.059264,
                            -35.345686,
                            592.6
                        ],
                        [
                            149.059038,
                            -35.345627,
                            591.4
                        ],
                        [
                            149.058696,
                            -35.34554,
                            590.2
                        ],
                        [
                            149.058401,
                            -35.34546,
                            590.0
                        ],
                        [
                            149.058324,
                            -35.345428,
                            590.0
                        ],
                        [
                            149.058254,
                            -35.345395,
                            589.8
                        ],
                        [
                            149.058196,
                            -35.345349,
                            589.6
                        ],
                        [
                            149.058141,
                            -35.345294,
                            589.0
                        ],
                        [
                            149.058098,
                            -35.345233,
                            588.2
                        ],
                        [
                            149.058068,
                            -35.345159,
                            587.2
                        ],
                        [
                            149.058051,
                            -35.34508,
                            586.0
                        ],
                        [
                            149.058054,
                            -35.344998,
                            585.0
                        ],
                        [
                            149.058069,
                            -35.344918,
                            584.0
                        ],
                        [
                            149.058083,
                            -35.344833,
                            583.2
                        ],
                        [
                            149.058096,
                            -35.344597,
                            582.8
                        ],
                        [
                            149.058079,
                            -35.344438,
                            582.6
                        ],
                        [
                            149.058062,
                            -35.344358,
                            582.6
                        ],
                        [
                            149.057955,
                            -35.344141,
                            582.4
                        ],
                        [
                            149.057882,
                            -35.343997,
                            582.2
                        ],
                        [
                            149.057861,
                            -35.343927,
                            582.0
                        ],
                        [
                            149.057836,
                            -35.343784,
                            582.2
                        ],
                        [
                            149.05785,
                            -35.343448,
                            582.6
                        ],
                        [
                            149.05785,
                            -35.343345,
                            582.6
                        ],
                        [
                            149.057818,
                            -35.343307,
                            582.6
                        ],
                        [
                            149.057762,
                            -35.34328,
                            582.6
                        ],
                        [
                            149.057601,
                            -35.34327,
                            581.0
                        ],
                        [
                            149.057451,
                            -35.343266,
                            579.8
                        ],
                        [
                            149.057364,
                            -35.343256,
                            579.8
                        ],
                        [
                            149.057226,
                            -35.34321,
                            579.6
                        ],
                        [
                            149.057168,
                            -35.343171,
                            579.4
                        ],
                        [
                            149.056841,
                            -35.342966,
                            579.0
                        ],
                        [
                            149.056673,
                            -35.342903,
                            578.4
                        ],
                        [
                            149.056575,
                            -35.342874,
                            577.4
                        ],
                        [
                            149.056476,
                            -35.342852,
                            577.2
                        ],
                        [
                            149.056382,
                            -35.342828,
                            579.0
                        ],
                        [
                            149.056291,
                            -35.342801,
                            580.0
                        ],
                        [
                            149.056213,
                            -35.342766,
                            581.4
                        ],
                        [
                            149.056138,
                            -35.342723,
                            583.2
                        ],
                        [
                            149.056062,
                            -35.342678,
                            585.6
                        ],
                        [
                            149.055866,
                            -35.342531,
                            583.6
                        ],
                        [
                            149.055801,
                            -35.34248,
                            583.4
                        ],
                        [
                            149.055675,
                            -35.342375,
                            585.4
                        ],
                        [
                            149.055432,
                            -35.342155,
                            585.8
                        ],
                        [
                            149.055304,
                            -35.34205,
                            584.0
                        ],
                        [
                            149.055241,
                            -35.341999,
                            580.4
                        ],
                        [
                            149.055174,
                            -35.341944,
                            577.2
                        ],
                        [
                            149.055109,
                            -35.34189,
                            574.2
                        ],
                        [
                            149.054977,
                            -35.341783,
                            573.2
                        ],
                        [
                            149.054632,
                            -35.341515,
                            573.2
                        ],
                        [
                            149.054361,
                            -35.341295,
                            573.0
                        ],
                        [
                            149.054242,
                            -35.341161,
                            572.6
                        ],
                        [
                            149.054108,
                            -35.340963,
                            572.0
                        ],
                        [
                            149.053981,
                            -35.340762,
                            572.4
                        ],
                        [
                            149.053952,
                            -35.340693,
                            572.2
                        ],
                        [
                            149.053861,
                            -35.340404,
                            570.6
                        ],
                        [
                            149.05376,
                            -35.339891,
                            570.6
                        ],
                        [
                            149.053765,
                            -35.339822,
                            570.8
                        ],
                        [
                            149.0538,
                            -35.339695,
                            571.0
                        ],
                        [
                            149.0539,
                            -35.33936,
                            569.2
                        ],
                        [
                            149.053906,
                            -35.339247,
                            568.8
                        ],
                        [
                            149.053887,
                            -35.339118,
                            568.6
                        ],
                        [
                            149.053849,
                            -35.338851,
                            568.2
                        ],
                        [
                            149.053836,
                            -35.338781,
                            566.6
                        ],
                        [
                            149.05383,
                            -35.338714,
                            564.0
                        ],
                        [
                            149.053817,
                            -35.338645,
                            563.6
                        ],
                        [
                            149.053787,
                            -35.338506,
                            562.8
                        ],
                        [
                            149.053788,
                            -35.338438,
                            565.2
                        ],
                        [
                            149.053774,
                            -35.338371,
                            568.0
                        ],
                        [
                            149.053764,
                            -35.338304,
                            568.0
                        ],
                        [
                            149.053692,
                            -35.337974,
                            566.8
                        ],
                        [
                            149.05366,
                            -35.33791,
                            566.6
                        ],
                        [
                            149.053476,
                            -35.337582,
                            566.4
                        ],
                        [
                            149.053358,
                            -35.337484,
                            566.2
                        ],
                        [
                            149.053228,
                            -35.337383,
                            566.0
                        ],
                        [
                            149.053027,
                            -35.337231,
                            568.4
                        ],
                        [
                            149.05289,
                            -35.337136,
                            570.0
                        ],
                        [
                            149.052825,
                            -35.337087,
                            568.4
                        ],
                        [
                            149.052693,
                            -35.336993,
                            567.4
                        ],
                        [
                            149.052368,
                            -35.336764,
                            566.2
                        ],
                        [
                            149.052225,
                            -35.336632,
                            564.8
                        ],
                        [
                            149.052191,
                            -35.336584,
                            564.4
                        ],
                        [
                            149.052169,
                            -35.336535,
                            564.6
                        ],
                        [
                            149.052193,
                            -35.336436,
                            565.2
                        ],
                        [
                            149.052258,
                            -35.336299,
                            565.2
                        ],
                        [
                            149.052312,
                            -35.336206,
                            564.4
                        ],
                        [
                            149.052337,
                            -35.336158,
                            564.2
                        ],
                        [
                            149.052377,
                            -35.33607,
                            564.0
                        ],
                        [
                            149.052343,
                            -35.335998,
                            563.8
                        ],
                        [
                            149.052284,
                            -35.335947,
                            562.0
                        ],
                        [
                            149.052207,
                            -35.335892,
                            560.6
                        ],
                        [
                            149.052142,
                            -35.335866,
                            558.6
                        ],
                        [
                            149.052103,
                            -35.335841,
                            556.6
                        ],
                        [
                            149.052061,
                            -35.335802,
                            555.6
                        ],
                        [
                            149.051917,
                            -35.335758,
                            555.4
                        ],
                        [
                            149.051907,
                            -35.33571,
                            557.4
                        ],
                        [
                            149.051921,
                            -35.335669,
                            559.4
                        ],
                        [
                            149.051956,
                            -35.335644,
                            561.2
                        ],
                        [
                            149.051988,
                            -35.335621,
                            562.4
                        ],
                        [
                            149.052023,
                            -35.335601,
                            564.6
                        ],
                        [
                            149.052138,
                            -35.335531,
                            565.8
                        ],
                        [
                            149.05222,
                            -35.335474,
                            567.6
                        ],
                        [
                            149.052244,
                            -35.335437,
                            567.2
                        ],
                        [
                            149.052274,
                            -35.335398,
                            566.6
                        ],
                        [
                            149.052345,
                            -35.335311,
                            565.2
                        ],
                        [
                            149.052416,
                            -35.335214,
                            565.6
                        ],
                        [
                            149.052443,
                            -35.335159,
                            567.0
                        ],
                        [
                            149.052471,
                            -35.335039,
                            569.8
                        ],
                        [
                            149.052486,
                            -35.334972,
                            566.8
                        ],
                        [
                            149.052505,
                            -35.334905,
                            564.0
                        ],
                        [
                            149.052535,
                            -35.33484,
                            561.6
                        ],
                        [
                            149.052616,
                            -35.334719,
                            560.0
                        ],
                        [
                            149.052702,
                            -35.334606,
                            560.0
                        ],
                        [
                            149.052901,
                            -35.334311,
                            560.2
                        ],
                        [
                            149.05298,
                            -35.334187,
                            560.0
                        ],
                        [
                            149.053051,
                            -35.334062,
                            559.8
                        ],
                        [
                            149.053119,
                            -35.333929,
                            559.4
                        ],
                        [
                            149.05331,
                            -35.333507,
                            560.6
                        ],
                        [
                            149.053408,
                            -35.333226,
                            561.2
                        ],
                        [
                            149.053467,
                            -35.333008,
                            561.6
                        ],
                        [
                            149.05352,
                            -35.33272,
                            560.0
                        ],
                        [
                            149.053546,
                            -35.33254,
                            558.4
                        ],
                        [
                            149.053566,
                            -35.332419,
                            558.0
                        ],
                        [
                            149.053579,
                            -35.332322,
                            559.0
                        ],
                        [
                            149.053588,
                            -35.332274,
                            559.6
                        ],
                        [
                            149.053591,
                            -35.332181,
                            560.8
                        ],
                        [
                            149.053597,
                            -35.332036,
                            561.2
                        ],
                        [
                            149.053593,
                            -35.331668,
                            559.8
                        ],
                        [
                            149.053593,
                            -35.331483,
                            559.6
                        ],
                        [
                            149.053594,
                            -35.331232,
                            559.2
                        ],
                        [
                            149.053567,
                            -35.330844,
                            561.8
                        ],
                        [
                            149.053557,
                            -35.330719,
                            563.6
                        ],
                        [
                            149.053558,
                            -35.330652,
                            563.0
                        ],
                        [
                            149.053552,
                            -35.330526,
                            561.4
                        ],
                        [
                            149.053547,
                            -35.330464,
                            560.4
                        ],
                        [
                            149.053537,
                            -35.330267,
                            562.6
                        ],
                        [
                            149.053539,
                            -35.330125,
                            564.0
                        ],
                        [
                            149.053534,
                            -35.330057,
                            566.2
                        ],
                        [
                            149.053521,
                            -35.329856,
                            566.2
                        ],
                        [
                            149.053504,
                            -35.329788,
                            565.0
                        ],
                        [
                            149.053492,
                            -35.329721,
                            563.6
                        ],
                        [
                            149.05348,
                            -35.329589,
                            562.0
                        ],
                        [
                            149.053464,
                            -35.329457,
                            559.8
                        ],
                        [
                            149.053443,
                            -35.32933,
                            560.0
                        ],
                        [
                            149.05337,
                            -35.329121,
                            558.4
                        ],
                        [
                            149.053386,
                            -35.329072,
                            558.0
                        ],
                        [
                            149.053421,
                            -35.329033,
                            557.6
                        ],
                        [
                            149.053464,
                            -35.329008,
                            557.0
                        ],
                        [
                            149.053501,
                            -35.328975,
                            558.0
                        ],
                        [
                            149.053509,
                            -35.328882,
                            558.8
                        ],
                        [
                            149.053515,
                            -35.328781,
                            559.4
                        ],
                        [
                            149.053499,
                            -35.328689,
                            560.2
                        ],
                        [
                            149.053456,
                            -35.328654,
                            560.4
                        ],
                        [
                            149.053398,
                            -35.328566,
                            559.8
                        ],
                        [
                            149.053414,
                            -35.328525,
                            558.8
                        ],
                        [
                            149.053447,
                            -35.328486,
                            558.4
                        ],
                        [
                            149.053474,
                            -35.328442,
                            557.4
                        ],
                        [
                            149.053485,
                            -35.328392,
                            557.0
                        ],
                        [
                            149.053486,
                            -35.328339,
                            556.4
                        ],
                        [
                            149.05348,
                            -35.328287,
                            556.0
                        ],
                        [
                            149.053476,
                            -35.328172,
                            554.8
                        ],
                        [
                            149.053473,
                            -35.328043,
                            555.2
                        ],
                        [
                            149.053473,
                            -35.32798,
                            555.8
                        ],
                        [
                            149.053472,
                            -35.327857,
                            556.0
                        ],
                        [
                            149.053458,
                            -35.327671,
                            554.6
                        ],
                        [
                            149.053455,
                            -35.327613,
                            554.0
                        ],
                        [
                            149.053445,
                            -35.327429,
                            553.0
                        ],
                        [
                            149.05343,
                            -35.327179,
                            555.0
                        ],
                        [
                            149.053403,
                            -35.326943,
                            555.2
                        ],
                        [
                            149.053347,
                            -35.32686,
                            553.8
                        ],
                        [
                            149.053312,
                            -35.326832,
                            553.4
                        ],
                        [
                            149.053263,
                            -35.326776,
                            553.4
                        ],
                        [
                            149.053281,
                            -35.326733,
                            553.8
                        ],
                        [
                            149.053334,
                            -35.326675,
                            554.4
                        ],
                        [
                            149.053307,
                            -35.326633,
                            554.4
                        ],
                        [
                            149.053228,
                            -35.326539,
                            552.6
                        ],
                        [
                            149.053221,
                            -35.326527,
                            552.8
                        ],
                        [
                            149.053202,
                            -35.326506,
                            555.2
                        ],
                        [
                            149.053142,
                            -35.326425,
                            556.0
                        ],
                        [
                            149.053056,
                            -35.32631,
                            556.8
                        ],
                        [
                            149.053076,
                            -35.326274,
                            556.6
                        ],
                        [
                            149.053194,
                            -35.326206,
                            555.8
                        ],
                        [
                            149.053329,
                            -35.326127,
                            555.2
                        ],
                        [
                            149.053436,
                            -35.326077,
                            553.8
                        ],
                        [
                            149.053476,
                            -35.326038,
                            552.4
                        ],
                        [
                            149.053483,
                            -35.32599,
                            552.2
                        ],
                        [
                            149.053465,
                            -35.325959,
                            552.8
                        ],
                        [
                            149.053421,
                            -35.325938,
                            553.8
                        ],
                        [
                            149.053376,
                            -35.32592,
                            555.0
                        ],
                        [
                            149.05327,
                            -35.325873,
                            556.0
                        ],
                        [
                            149.053221,
                            -35.325839,
                            555.2
                        ],
                        [
                            149.053174,
                            -35.325801,
                            554.4
                        ],
                        [
                            149.053129,
                            -35.325757,
                            551.6
                        ],
                        [
                            149.053088,
                            -35.325705,
                            549.8
                        ],
                        [
                            149.053056,
                            -35.325648,
                            549.2
                        ],
                        [
                            149.053033,
                            -35.325588,
                            549.2
                        ],
                        [
                            149.053027,
                            -35.325523,
                            549.2
                        ],
                        [
                            149.053064,
                            -35.325402,
                            548.6
                        ],
                        [
                            149.053154,
                            -35.325311,
                            548.6
                        ],
                        [
                            149.053213,
                            -35.325274,
                            549.0
                        ],
                        [
                            149.05333,
                            -35.325207,
                            550.0
                        ],
                        [
                            149.053596,
                            -35.32501,
                            550.8
                        ],
                        [
                            149.053694,
                            -35.324906,
                            551.0
                        ],
                        [
                            149.053787,
                            -35.324784,
                            549.8
                        ],
                        [
                            149.05383,
                            -35.324715,
                            549.8
                        ],
                        [
                            149.053985,
                            -35.324427,
                            551.0
                        ],
                        [
                            149.054088,
                            -35.324231,
                            551.2
                        ],
                        [
                            149.054131,
                            -35.324101,
                            552.8
                        ],
                        [
                            149.054164,
                            -35.323911,
                            553.0
                        ],
                        [
                            149.054133,
                            -35.323542,
                            552.2
                        ],
                        [
                            149.054055,
                            -35.323288,
                            552.6
                        ],
                        [
                            149.053987,
                            -35.323165,
                            553.2
                        ],
                        [
                            149.053802,
                            -35.322859,
                            554.4
                        ],
                        [
                            149.053763,
                            -35.322796,
                            557.6
                        ],
                        [
                            149.053727,
                            -35.322733,
                            556.6
                        ],
                        [
                            149.053696,
                            -35.322673,
                            556.2
                        ],
                        [
                            149.053632,
                            -35.322484,
                            555.6
                        ],
                        [
                            149.053613,
                            -35.322356,
                            554.8
                        ],
                        [
                            149.053611,
                            -35.322232,
                            554.0
                        ],
                        [
                            149.053619,
                            -35.322178,
                            555.0
                        ],
                        [
                            149.053633,
                            -35.322126,
                            557.0
                        ],
                        [
                            149.05365,
                            -35.322077,
                            557.0
                        ],
                        [
                            149.053671,
                            -35.322029,
                            558.2
                        ],
                        [
                            149.05374,
                            -35.321901,
                            559.4
                        ],
                        [
                            149.053786,
                            -35.321823,
                            560.4
                        ],
                        [
                            149.053811,
                            -35.321783,
                            560.2
                        ],
                        [
                            149.05391,
                            -35.321664,
                            560.8
                        ],
                        [
                            149.053991,
                            -35.321587,
                            561.4
                        ],
                        [
                            149.054031,
                            -35.321548,
                            561.4
                        ],
                        [
                            149.054173,
                            -35.32139,
                            561.0
                        ],
                        [
                            149.054184,
                            -35.321296,
                            561.6
                        ],
                        [
                            149.054194,
                            -35.321009,
                            562.2
                        ],
                        [
                            149.054228,
                            -35.320659,
                            562.4
                        ],
                        [
                            149.054229,
                            -35.320514,
                            561.4
                        ],
                        [
                            149.054291,
                            -35.320384,
                            560.0
                        ],
                        [
                            149.05442,
                            -35.32032,
                            558.6
                        ],
                        [
                            149.054486,
                            -35.320286,
                            558.0
                        ],
                        [
                            149.054864,
                            -35.320104,
                            557.8
                        ],
                        [
                            149.055224,
                            -35.319934,
                            559.0
                        ],
                        [
                            149.055342,
                            -35.319885,
                            561.2
                        ],
                        [
                            149.0554,
                            -35.319858,
                            562.4
                        ],
                        [
                            149.055552,
                            -35.319715,
                            561.4
                        ],
                        [
                            149.055685,
                            -35.319612,
                            560.2
                        ],
                        [
                            149.055896,
                            -35.319446,
                            558.8
                        ],
                        [
                            149.055957,
                            -35.319293,
                            559.0
                        ],
                        [
                            149.055967,
                            -35.31921,
                            559.0
                        ],
                        [
                            149.055965,
                            -35.319127,
                            559.0
                        ],
                        [
                            149.055926,
                            -35.318961,
                            557.2
                        ],
                        [
                            149.055889,
                            -35.318881,
                            556.6
                        ],
                        [
                            149.055849,
                            -35.318802,
                            556.2
                        ],
                        [
                            149.055796,
                            -35.31873,
                            555.6
                        ],
                        [
                            149.055739,
                            -35.318662,
                            555.0
                        ],
                        [
                            149.055669,
                            -35.318603,
                            555.0
                        ],
                        [
                            149.055285,
                            -35.318348,
                            556.8
                        ],
                        [
                            149.055157,
                            -35.318272,
                            555.6
                        ],
                        [
                            149.055105,
                            -35.318233,
                            554.4
                        ],
                        [
                            149.055071,
                            -35.318192,
                            553.0
                        ],
                        [
                            149.055061,
                            -35.318148,
                            553.0
                        ],
                        [
                            149.055079,
                            -35.318105,
                            551.6
                        ],
                        [
                            149.055114,
                            -35.318073,
                            551.2
                        ],
                        [
                            149.055224,
                            -35.318035,
                            551.0
                        ],
                        [
                            149.055283,
                            -35.318018,
                            550.8
                        ],
                        [
                            149.055347,
                            -35.317998,
                            550.6
                        ],
                        [
                            149.055689,
                            -35.317904,
                            552.2
                        ],
                        [
                            149.055833,
                            -35.317866,
                            552.8
                        ],
                        [
                            149.055904,
                            -35.317846,
                            554.0
                        ],
                        [
                            149.056044,
                            -35.317807,
                            553.8
                        ],
                        [
                            149.056183,
                            -35.317766,
                            554.2
                        ],
                        [
                            149.056255,
                            -35.317745,
                            554.4
                        ],
                        [
                            149.056765,
                            -35.317557,
                            554.4
                        ],
                        [
                            149.056929,
                            -35.317482,
                            552.4
                        ],
                        [
                            149.057336,
                            -35.317314,
                            550.8
                        ],
                        [
                            149.057563,
                            -35.317199,
                            549.6
                        ],
                        [
                            149.057631,
                            -35.317149,
                            549.6
                        ],
                        [
                            149.057755,
                            -35.317033,
                            549.6
                        ],
                        [
                            149.058057,
                            -35.316672,
                            549.4
                        ],
                        [
                            149.058425,
                            -35.316322,
                            548.6
                        ],
                        [
                            149.058497,
                            -35.316252,
                            547.8
                        ],
                        [
                            149.058575,
                            -35.316186,
                            546.8
                        ],
                        [
                            149.058791,
                            -35.315988,
                            548.0
                        ],
                        [
                            149.059056,
                            -35.315742,
                            548.0
                        ],
                        [
                            149.059289,
                            -35.315542,
                            546.4
                        ],
                        [
                            149.059357,
                            -35.315502,
                            546.6
                        ],
                        [
                            149.059729,
                            -35.315336,
                            547.6
                        ],
                        [
                            149.059804,
                            -35.315303,
                            547.6
                        ],
                        [
                            149.060115,
                            -35.315182,
                            548.6
                        ],
                        [
                            149.060435,
                            -35.315083,
                            549.2
                        ],
                        [
                            149.060826,
                            -35.315009,
                            547.6
                        ],
                        [
                            149.060984,
                            -35.314988,
                            547.6
                        ],
                        [
                            149.061521,
                            -35.314857,
                            547.2
                        ],
                        [
                            149.061802,
                            -35.314737,
                            547.6
                        ],
                        [
                            149.062002,
                            -35.314624,
                            547.8
                        ],
                        [
                            149.062334,
                            -35.314418,
                            545.8
                        ],
                        [
                            149.062482,
                            -35.314338,
                            544.4
                        ],
                        [
                            149.062556,
                            -35.3143,
                            544.4
                        ],
                        [
                            149.062969,
                            -35.314106,
                            545.8
                        ],
                        [
                            149.063568,
                            -35.313844,
                            545.4
                        ],
                        [
                            149.063653,
                            -35.313807,
                            545.4
                        ],
                        [
                            149.064187,
                            -35.313576,
                            547.2
                        ],
                        [
                            149.0648,
                            -35.31328,
                            546.8
                        ],
                        [
                            149.064863,
                            -35.313241,
                            547.0
                        ],
                        [
                            149.065151,
                            -35.313018,
                            546.0
                        ],
                        [
                            149.065266,
                            -35.312923,
                            545.6
                        ],
                        [
                            149.065384,
                            -35.312838,
                            547.0
                        ],
                        [
                            149.065577,
                            -35.312721,
                            545.4
                        ],
                        [
                            149.065713,
                            -35.312653,
                            544.2
                        ],
                        [
                            149.065906,
                            -35.312567,
                            547.2
                        ],
                        [
                            149.065968,
                            -35.31254,
                            548.4
                        ],
                        [
                            149.066029,
                            -35.312518,
                            549.6
                        ],
                        [
                            149.066087,
                            -35.312497,
                            549.8
                        ],
                        [
                            149.066368,
                            -35.312401,
                            551.0
                        ],
                        [
                            149.066477,
                            -35.31237,
                            552.4
                        ],
                        [
                            149.066765,
                            -35.312289,
                            551.0
                        ],
                        [
                            149.066994,
                            -35.312213,
                            551.6
                        ],
                        [
                            149.067102,
                            -35.312166,
                            552.4
                        ],
                        [
                            149.067212,
                            -35.312109,
                            551.2
                        ],
                        [
                            149.067316,
                            -35.312034,
                            551.6
                        ],
                        [
                            149.067469,
                            -35.311914,
                            552.8
                        ],
                        [
                            149.067742,
                            -35.311701,
                            551.6
                        ],
                        [
                            149.06788,
                            -35.311602,
                            550.6
                        ],
                        [
                            149.068169,
                            -35.311389,
                            549.0
                        ],
                        [
                            149.068416,
                            -35.311195,
                            547.8
                        ],
                        [
                            149.068533,
                            -35.311097,
                            548.4
                        ],
                        [
                            149.068697,
                            -35.310957,
                            549.2
                        ],
                        [
                            149.069112,
                            -35.310679,
                            549.6
                        ],
                        [
                            149.069392,
                            -35.310562,
                            550.2
                        ],
                        [
                            149.069587,
                            -35.31047,
                            549.4
                        ],
                        [
                            149.069649,
                            -35.310432,
                            550.0
                        ],
                        [
                            149.06982,
                            -35.31031,
                            552.0
                        ],
                        [
                            149.069906,
                            -35.310217,
                            553.4
                        ],
                        [
                            149.069945,
                            -35.310165,
                            555.0
                        ],
                        [
                            149.06998,
                            -35.310112,
                            556.2
                        ],
                        [
                            149.070063,
                            -35.310007,
                            554.8
                        ],
                        [
                            149.070149,
                            -35.309898,
                            552.6
                        ],
                        [
                            149.070256,
                            -35.30979,
                            551.2
                        ],
                        [
                            149.070536,
                            -35.3095,
                            551.0
                        ],
                        [
                            149.070643,
                            -35.309378,
                            551.4
                        ],
                        [
                            149.070949,
                            -35.308976,
                            551.0
                        ],
                        [
                            149.071104,
                            -35.308741,
                            550.0
                        ],
                        [
                            149.07116,
                            -35.308607,
                            549.8
                        ],
                        [
                            149.071173,
                            -35.308535,
                            549.4
                        ],
                        [
                            149.071175,
                            -35.308455,
                            549.0
                        ],
                        [
                            149.071171,
                            -35.308281,
                            547.6
                        ],
                        [
                            149.07118,
                            -35.308188,
                            547.6
                        ],
                        [
                            149.071199,
                            -35.308095,
                            547.8
                        ],
                        [
                            149.0713,
                            -35.307825,
                            548.2
                        ],
                        [
                            149.071427,
                            -35.307584,
                            548.6
                        ],
                        [
                            149.071466,
                            -35.307505,
                            547.4
                        ],
                        [
                            149.071541,
                            -35.307346,
                            548.0
                        ],
                        [
                            149.071655,
                            -35.307043,
                            549.4
                        ],
                        [
                            149.071693,
                            -35.306894,
                            549.6
                        ],
                        [
                            149.07176,
                            -35.306603,
                            548.2
                        ],
                        [
                            149.07178,
                            -35.306535,
                            546.0
                        ],
                        [
                            149.071841,
                            -35.306409,
                            545.6
                        ],
                        [
                            149.07194,
                            -35.306309,
                            546.2
                        ],
                        [
                            149.071998,
                            -35.306269,
                            547.6
                        ],
                        [
                            149.072051,
                            -35.306227,
                            548.6
                        ],
                        [
                            149.07209,
                            -35.306177,
                            549.0
                        ],
                        [
                            149.072127,
                            -35.306071,
                            549.0
                        ],
                        [
                            149.072154,
                            -35.305974,
                            550.2
                        ],
                        [
                            149.072188,
                            -35.305842,
                            551.2
                        ],
                        [
                            149.072211,
                            -35.305755,
                            551.8
                        ],
                        [
                            149.072247,
                            -35.305632,
                            552.4
                        ],
                        [
                            149.072287,
                            -35.305482,
                            552.8
                        ],
                        [
                            149.072312,
                            -35.305418,
                            551.2
                        ],
                        [
                            149.072365,
                            -35.305244,
                            553.6
                        ],
                        [
                            149.072397,
                            -35.305137,
                            554.8
                        ],
                        [
                            149.072428,
                            -35.305035,
                            554.8
                        ],
                        [
                            149.072432,
                            -35.305002,
                            554.8
                        ],
                        [
                            149.072433,
                            -35.304967,
                            553.6
                        ],
                        [
                            149.072434,
                            -35.304849,
                            552.0
                        ],
                        [
                            149.072419,
                            -35.304721,
                            552.0
                        ],
                        [
                            149.072406,
                            -35.30463,
                            553.2
                        ],
                        [
                            149.072404,
                            -35.304581,
                            554.8
                        ],
                        [
                            149.072396,
                            -35.304485,
                            556.6
                        ],
                        [
                            149.072387,
                            -35.304384,
                            555.4
                        ],
                        [
                            149.072382,
                            -35.304328,
                            554.2
                        ],
                        [
                            149.072357,
                            -35.304107,
                            555.4
                        ],
                        [
                            149.072365,
                            -35.303923,
                            556.2
                        ],
                        [
                            149.072374,
                            -35.303796,
                            554.0
                        ],
                        [
                            149.072387,
                            -35.303737,
                            551.8
                        ],
                        [
                            149.072419,
                            -35.30356,
                            550.8
                        ],
                        [
                            149.072558,
                            -35.303009,
                            550.6
                        ],
                        [
                            149.072609,
                            -35.302829,
                            550.4
                        ],
                        [
                            149.072645,
                            -35.302648,
                            549.6
                        ],
                        [
                            149.072658,
                            -35.302539,
                            549.4
                        ],
                        [
                            149.072712,
                            -35.302291,
                            550.6
                        ],
                        [
                            149.072728,
                            -35.302241,
                            551.0
                        ],
                        [
                            149.072775,
                            -35.302151,
                            551.8
                        ],
                        [
                            149.072853,
                            -35.302025,
                            552.0
                        ],
                        [
                            149.07288,
                            -35.301984,
                            552.0
                        ],
                        [
                            149.07291,
                            -35.301945,
                            552.2
                        ],
                        [
                            149.073006,
                            -35.301835,
                            553.4
                        ],
                        [
                            149.073065,
                            -35.301771,
                            555.6
                        ],
                        [
                            149.073121,
                            -35.301706,
                            557.0
                        ],
                        [
                            149.073154,
                            -35.301668,
                            557.6
                        ],
                        [
                            149.073439,
                            -35.301339,
                            556.4
                        ],
                        [
                            149.073544,
                            -35.301231,
                            557.6
                        ],
                        [
                            149.07359,
                            -35.301204,
                            558.0
                        ],
                        [
                            149.073649,
                            -35.301184,
                            560.0
                        ],
                        [
                            149.073903,
                            -35.301151,
                            559.6
                        ],
                        [
                            149.074022,
                            -35.301145,
                            558.4
                        ],
                        [
                            149.074103,
                            -35.301112,
                            559.2
                        ],
                        [
                            149.074151,
                            -35.301084,
                            559.6
                        ],
                        [
                            149.074186,
                            -35.301055,
                            561.2
                        ],
                        [
                            149.074202,
                            -35.301018,
                            561.6
                        ],
                        [
                            149.074208,
                            -35.300985,
                            563.2
                        ],
                        [
                            149.074197,
                            -35.300914,
                            564.6
                        ],
                        [
                            149.074184,
                            -35.30088,
                            567.0
                        ],
                        [
                            149.074168,
                            -35.300843,
                            568.2
                        ],
                        [
                            149.074141,
                            -35.30076,
                            567.2
                        ],
                        [
                            149.074117,
                            -35.300674,
                            565.6
                        ],
                        [
                            149.074101,
                            -35.30063,
                            565.8
                        ],
                        [
                            149.074076,
                            -35.300586,
                            566.2
                        ],
                        [
                            149.074044,
                            -35.300545,
                            567.0
                        ],
                        [
                            149.074001,
                            -35.300514,
                            567.8
                        ],
                        [
                            149.073912,
                            -35.300455,
                            567.0
                        ],
                        [
                            149.073782,
                            -35.300383,
                            565.6
                        ],
                        [
                            149.073638,
                            -35.300304,
                            565.2
                        ],
                        [
                            149.073535,
                            -35.30025,
                            564.4
                        ],
                        [
                            149.073311,
                            -35.300139,
                            565.6
                        ],
                        [
                            149.073199,
                            -35.300085,
                            567.2
                        ],
                        [
                            149.073088,
                            -35.300029,
                            565.2
                        ],
                        [
                            149.073031,
                            -35.299998,
                            564.2
                        ],
                        [
                            149.072915,
                            -35.299941,
                            563.4
                        ],
                        [
                            149.072856,
                            -35.299913,
                            561.2
                        ],
                        [
                            149.072734,
                            -35.299853,
                            562.4
                        ],
                        [
                            149.072561,
                            -35.29977,
                            563.6
                        ],
                        [
                            149.072331,
                            -35.299651,
                            562.4
                        ],
                        [
                            149.072211,
                            -35.299586,
                            563.2
                        ],
                        [
                            149.072088,
                            -35.299522,
                            565.6
                        ],
                        [
                            149.072027,
                            -35.299494,
                            567.6
                        ],
                        [
                            149.071968,
                            -35.299465,
                            569.0
                        ],
                        [
                            149.071852,
                            -35.299405,
                            570.4
                        ],
                        [
                            149.071672,
                            -35.299313,
                            569.6
                        ],
                        [
                            149.071307,
                            -35.299134,
                            571.2
                        ],
                        [
                            149.070968,
                            -35.298939,
                            570.8
                        ],
                        [
                            149.070809,
                            -35.298815,
                            568.4
                        ],
                        [
                            149.070726,
                            -35.298702,
                            567.4
                        ],
                        [
                            149.070689,
                            -35.298634,
                            567.2
                        ],
                        [
                            149.070683,
                            -35.29856,
                            566.2
                        ],
                        [
                            149.0707,
                            -35.298491,
                            566.2
                        ],
                        [
                            149.070736,
                            -35.29842,
                            566.2
                        ],
                        [
                            149.070854,
                            -35.298214,
                            567.6
                        ],
                        [
                            149.071025,
                            -35.297954,
                            567.2
                        ],
                        [
                            149.071076,
                            -35.297895,
                            565.6
                        ],
                        [
                            149.071127,
                            -35.297842,
                            563.6
                        ],
                        [
                            149.071227,
                            -35.297747,
                            562.2
                        ],
                        [
                            149.071457,
                            -35.297527,
                            565.2
                        ],
                        [
                            149.071507,
                            -35.297489,
                            566.2
                        ],
                        [
                            149.071667,
                            -35.297364,
                            568.0
                        ],
                        [
                            149.071778,
                            -35.297262,
                            568.4
                        ],
                        [
                            149.071869,
                            -35.297148,
                            568.4
                        ],
                        [
                            149.071917,
                            -35.297013,
                            567.8
                        ],
                        [
                            149.071895,
                            -35.296879,
                            566.6
                        ],
                        [
                            149.071886,
                            -35.296817,
                            566.0
                        ],
                        [
                            149.071875,
                            -35.296756,
                            565.2
                        ],
                        [
                            149.071866,
                            -35.296581,
                            565.2
                        ],
                        [
                            149.07189,
                            -35.296474,
                            566.4
                        ],
                        [
                            149.071947,
                            -35.296378,
                            566.8
                        ],
                        [
                            149.072029,
                            -35.296296,
                            567.0
                        ],
                        [
                            149.072123,
                            -35.29624,
                            566.6
                        ],
                        [
                            149.072212,
                            -35.296197,
                            567.8
                        ],
                        [
                            149.072299,
                            -35.29617,
                            569.4
                        ],
                        [
                            149.072386,
                            -35.296162,
                            569.4
                        ],
                        [
                            149.07243,
                            -35.296159,
                            569.4
                        ],
                        [
                            149.072577,
                            -35.296132,
                            572.2
                        ],
                        [
                            149.072609,
                            -35.296121,
                            574.8
                        ],
                        [
                            149.072674,
                            -35.296096,
                            576.2
                        ],
                        [
                            149.072737,
                            -35.296071,
                            577.4
                        ],
                        [
                            149.0728,
                            -35.296055,
                            579.2
                        ],
                        [
                            149.072894,
                            -35.296036,
                            579.2
                        ],
                        [
                            149.07297,
                            -35.296032,
                            578.8
                        ],
                        [
                            149.073133,
                            -35.2961,
                            578.2
                        ],
                        [
                            149.073156,
                            -35.296128,
                            578.0
                        ],
                        [
                            149.073194,
                            -35.296224,
                            576.8
                        ],
                        [
                            149.073223,
                            -35.296289,
                            577.0
                        ],
                        [
                            149.073273,
                            -35.296392,
                            578.4
                        ],
                        [
                            149.073325,
                            -35.296452,
                            579.4
                        ],
                        [
                            149.073355,
                            -35.296477,
                            577.6
                        ],
                        [
                            149.073391,
                            -35.2965,
                            577.4
                        ],
                        [
                            149.073575,
                            -35.296553,
                            578.8
                        ],
                        [
                            149.073649,
                            -35.296551,
                            580.2
                        ],
                        [
                            149.073687,
                            -35.296543,
                            581.4
                        ],
                        [
                            149.073759,
                            -35.296519,
                            582.8
                        ],
                        [
                            149.073794,
                            -35.296504,
                            584.2
                        ],
                        [
                            149.073891,
                            -35.296457,
                            585.2
                        ],
                        [
                            149.074021,
                            -35.296384,
                            585.4
                        ],
                        [
                            149.074054,
                            -35.296365,
                            583.8
                        ],
                        [
                            149.074087,
                            -35.296343,
                            581.0
                        ],
                        [
                            149.074187,
                            -35.296275,
                            578.8
                        ],
                        [
                            149.074265,
                            -35.296219,
                            577.6
                        ],
                        [
                            149.074306,
                            -35.296189,
                            578.0
                        ],
                        [
                            149.074441,
                            -35.296095,
                            578.8
                        ],
                        [
                            149.074654,
                            -35.295911,
                            579.0
                        ],
                        [
                            149.074733,
                            -35.295836,
                            578.6
                        ],
                        [
                            149.074776,
                            -35.295799,
                            578.8
                        ],
                        [
                            149.074821,
                            -35.295767,
                            579.0
                        ],
                        [
                            149.074914,
                            -35.295715,
                            579.4
                        ],
                        [
                            149.07507,
                            -35.295631,
                            578.2
                        ],
                        [
                            149.075136,
                            -35.295526,
                            577.4
                        ],
                        [
                            149.075123,
                            -35.295394,
                            576.6
                        ],
                        [
                            149.075099,
                            -35.295326,
                            576.4
                        ],
                        [
                            149.074976,
                            -35.295139,
                            575.0
                        ],
                        [
                            149.074934,
                            -35.295073,
                            574.4
                        ],
                        [
                            149.074914,
                            -35.294999,
                            574.2
                        ],
                        [
                            149.074934,
                            -35.294929,
                            573.8
                        ],
                        [
                            149.074979,
                            -35.294872,
                            573.4
                        ],
                        [
                            149.075042,
                            -35.294821,
                            572.8
                        ],
                        [
                            149.075105,
                            -35.294768,
                            572.8
                        ],
                        [
                            149.07524,
                            -35.294659,
                            572.4
                        ],
                        [
                            149.075578,
                            -35.294378,
                            571.2
                        ],
                        [
                            149.075645,
                            -35.294325,
                            571.4
                        ],
                        [
                            149.075773,
                            -35.294213,
                            570.6
                        ],
                        [
                            149.07591,
                            -35.294109,
                            569.8
                        ],
                        [
                            149.075988,
                            -35.294065,
                            569.2
                        ],
                        [
                            149.076077,
                            -35.294027,
                            568.8
                        ],
                        [
                            149.07632,
                            -35.293911,
                            569.6
                        ],
                        [
                            149.076444,
                            -35.293792,
                            570.0
                        ],
                        [
                            149.076489,
                            -35.29372,
                            569.6
                        ],
                        [
                            149.07652,
                            -35.293645,
                            566.8
                        ],
                        [
                            149.076614,
                            -35.293399,
                            566.4
                        ],
                        [
                            149.076749,
                            -35.293261,
                            566.8
                        ],
                        [
                            149.076829,
                            -35.293202,
                            567.2
                        ],
                        [
                            149.077087,
                            -35.293055,
                            565.6
                        ],
                        [
                            149.077188,
                            -35.293036,
                            565.6
                        ],
                        [
                            149.077295,
                            -35.29303,
                            564.4
                        ],
                        [
                            149.077605,
                            -35.293025,
                            565.2
                        ],
                        [
                            149.078019,
                            -35.293016,
                            564.6
                        ],
                        [
                            149.078225,
                            -35.293023,
                            564.2
                        ],
                        [
                            149.078423,
                            -35.29303,
                            563.0
                        ],
                        [
                            149.078518,
                            -35.293036,
                            561.8
                        ],
                        [
                            149.078884,
                            -35.293046,
                            563.6
                        ],
                        [
                            149.079134,
                            -35.293032,
                            561.6
                        ],
                        [
                            149.079452,
                            -35.29302,
                            563.8
                        ],
                        [
                            149.079533,
                            -35.293015,
                            566.2
                        ],
                        [
                            149.079772,
                            -35.292996,
                            565.4
                        ],
                        [
                            149.079853,
                            -35.292986,
                            564.0
                        ],
                        [
                            149.079936,
                            -35.292969,
                            564.0
                        ],
                        [
                            149.080008,
                            -35.292941,
                            562.6
                        ],
                        [
                            149.080075,
                            -35.292909,
                            562.0
                        ],
                        [
                            149.080354,
                            -35.292769,
                            563.6
                        ],
                        [
                            149.080691,
                            -35.292577,
                            565.4
                        ],
                        [
                            149.080755,
                            -35.292538,
                            565.2
                        ],
                        [
                            149.080942,
                            -35.292424,
                            564.8
                        ],
                        [
                            149.081003,
                            -35.292387,
                            564.2
                        ],
                        [
                            149.081123,
                            -35.292315,
                            565.8
                        ],
                        [
                            149.081176,
                            -35.292274,
                            566.4
                        ],
                        [
                            149.081222,
                            -35.292229,
                            566.2
                        ],
                        [
                            149.081262,
                            -35.29218,
                            566.6
                        ],
                        [
                            149.081394,
                            -35.29198,
                            565.8
                        ],
                        [
                            149.081455,
                            -35.291883,
                            564.4
                        ],
                        [
                            149.081589,
                            -35.291655,
                            565.4
                        ],
                        [
                            149.081624,
                            -35.291619,
                            565.6
                        ],
                        [
                            149.081668,
                            -35.291587,
                            565.8
                        ],
                        [
                            149.081769,
                            -35.291551,
                            566.4
                        ],
                        [
                            149.081826,
                            -35.291533,
                            567.6
                        ],
                        [
                            149.081884,
                            -35.29152,
                            569.4
                        ],
                        [
                            149.082,
                            -35.291505,
                            570.8
                        ],
                        [
                            149.082047,
                            -35.291484,
                            571.8
                        ],
                        [
                            149.082089,
                            -35.29146,
                            572.6
                        ],
                        [
                            149.082141,
                            -35.291447,
                            573.2
                        ],
                        [
                            149.082353,
                            -35.291379,
                            572.4
                        ],
                        [
                            149.082407,
                            -35.291357,
                            571.8
                        ],
                        [
                            149.082571,
                            -35.29128,
                            570.6
                        ],
                        [
                            149.082732,
                            -35.291177,
                            570.8
                        ],
                        [
                            149.083027,
                            -35.290926,
                            571.2
                        ],
                        [
                            149.083086,
                            -35.290864,
                            571.6
                        ],
                        [
                            149.083145,
                            -35.2908,
                            571.2
                        ],
                        [
                            149.0832,
                            -35.290736,
                            570.8
                        ],
                        [
                            149.083296,
                            -35.290606,
                            569.6
                        ],
                        [
                            149.083336,
                            -35.290536,
                            568.6
                        ],
                        [
                            149.083411,
                            -35.290383,
                            567.4
                        ],
                        [
                            149.083488,
                            -35.290127,
                            567.6
                        ],
                        [
                            149.083543,
                            -35.289961,
                            566.2
                        ],
                        [
                            149.083621,
                            -35.289813,
                            565.6
                        ],
                        [
                            149.083668,
                            -35.289748,
                            565.4
                        ],
                        [
                            149.083779,
                            -35.28963,
                            565.4
                        ],
                        [
                            149.083903,
                            -35.28953,
                            565.2
                        ],
                        [
                            149.083973,
                            -35.289493,
                            565.0
                        ],
                        [
                            149.084209,
                            -35.289398,
                            565.0
                        ],
                        [
                            149.084297,
                            -35.289379,
                            565.0
                        ],
                        [
                            149.084467,
                            -35.289359,
                            565.0
                        ],
                        [
                            149.084551,
                            -35.289356,
                            565.0
                        ],
                        [
                            149.084632,
                            -35.289345,
                            564.6
                        ],
                        [
                            149.084779,
                            -35.289291,
                            564.6
                        ],
                        [
                            149.084846,
                            -35.289253,
                            565.2
                        ],
                        [
                            149.085033,
                            -35.289133,
                            566.2
                        ],
                        [
                            149.08516,
                            -35.28904,
                            565.4
                        ],
                        [
                            149.085186,
                            -35.288975,
                            564.8
                        ],
                        [
                            149.085188,
                            -35.288907,
                            565.0
                        ],
                        [
                            149.085176,
                            -35.288758,
                            565.4
                        ],
                        [
                            149.085181,
                            -35.288683,
                            565.6
                        ],
                        [
                            149.085199,
                            -35.288611,
                            563.4
                        ],
                        [
                            149.085252,
                            -35.288477,
                            562.0
                        ],
                        [
                            149.085471,
                            -35.288119,
                            562.6
                        ],
                        [
                            149.085563,
                            -35.288009,
                            560.8
                        ],
                        [
                            149.08566,
                            -35.287904,
                            562.0
                        ],
                        [
                            149.085759,
                            -35.287808,
                            563.8
                        ],
                        [
                            149.085853,
                            -35.287716,
                            564.0
                        ],
                        [
                            149.086034,
                            -35.287494,
                            563.0
                        ],
                        [
                            149.086089,
                            -35.287361,
                            563.4
                        ],
                        [
                            149.086226,
                            -35.287064,
                            563.0
                        ],
                        [
                            149.086273,
                            -35.28701,
                            563.0
                        ],
                        [
                            149.086329,
                            -35.286963,
                            563.2
                        ],
                        [
                            149.086392,
                            -35.286926,
                            563.4
                        ],
                        [
                            149.086515,
                            -35.286863,
                            563.8
                        ],
                        [
                            149.086564,
                            -35.286829,
                            564.0
                        ],
                        [
                            149.086587,
                            -35.286789,
                            564.6
                        ],
                        [
                            149.086599,
                            -35.286753,
                            566.6
                        ],
                        [
                            149.0866,
                            -35.286714,
                            569.2
                        ],
                        [
                            149.086575,
                            -35.286597,
                            570.2
                        ],
                        [
                            149.086545,
                            -35.286502,
                            570.8
                        ],
                        [
                            149.086525,
                            -35.286452,
                            567.4
                        ],
                        [
                            149.086501,
                            -35.286401,
                            567.0
                        ],
                        [
                            149.086482,
                            -35.286351,
                            566.2
                        ],
                        [
                            149.08647,
                            -35.286292,
                            565.0
                        ],
                        [
                            149.086433,
                            -35.286102,
                            562.6
                        ],
                        [
                            149.086425,
                            -35.286035,
                            560.2
                        ],
                        [
                            149.086389,
                            -35.285763,
                            560.8
                        ],
                        [
                            149.086396,
                            -35.285694,
                            562.0
                        ],
                        [
                            149.086416,
                            -35.285634,
                            563.0
                        ],
                        [
                            149.086461,
                            -35.285588,
                            563.2
                        ],
                        [
                            149.086569,
                            -35.285512,
                            564.4
                        ],
                        [
                            149.08669,
                            -35.285449,
                            564.8
                        ],
                        [
                            149.08676,
                            -35.285423,
                            565.8
                        ],
                        [
                            149.086899,
                            -35.285364,
                            565.6
                        ],
                        [
                            149.087371,
                            -35.285243,
                            565.6
                        ],
                        [
                            149.08754,
                            -35.285224,
                            563.4
                        ],
                        [
                            149.087625,
                            -35.285212,
                            561.8
                        ],
                        [
                            149.087866,
                            -35.285162,
                            561.6
                        ],
                        [
                            149.088158,
                            -35.28512,
                            561.8
                        ],
                        [
                            149.08831,
                            -35.285117,
                            560.0
                        ],
                        [
                            149.08868,
                            -35.285128,
                            560.0
                        ],
                        [
                            149.089117,
                            -35.285174,
                            561.6
                        ],
                        [
                            149.089219,
                            -35.285197,
                            563.8
                        ],
                        [
                            149.089268,
                            -35.285214,
                            564.8
                        ],
                        [
                            149.089358,
                            -35.285256,
                            567.0
                        ],
                        [
                            149.089608,
                            -35.285422,
                            566.0
                        ],
                        [
                            149.089655,
                            -35.285453,
                            565.2
                        ],
                        [
                            149.089706,
                            -35.285484,
                            564.4
                        ],
                        [
                            149.089891,
                            -35.285596,
                            562.6
                        ],
                        [
                            149.089967,
                            -35.285627,
                            562.0
                        ],
                        [
                            149.090205,
                            -35.285706,
                            562.2
                        ],
                        [
                            149.090564,
                            -35.285799,
                            563.0
                        ],
                        [
                            149.090685,
                            -35.285833,
                            563.0
                        ],
                        [
                            149.091018,
                            -35.285893,
                            562.8
                        ],
                        [
                            149.091272,
                            -35.285926,
                            561.4
                        ],
                        [
                            149.091454,
                            -35.285935,
                            560.0
                        ],
                        [
                            149.091545,
                            -35.285935,
                            559.4
                        ],
                        [
                            149.091723,
                            -35.285928,
                            558.8
                        ],
                        [
                            149.092167,
                            -35.285871,
                            559.2
                        ],
                        [
                            149.092255,
                            -35.285835,
                            558.8
                        ],
                        [
                            149.092432,
                            -35.285783,
                            560.0
                        ],
                        [
                            149.092526,
                            -35.285773,
                            560.0
                        ],
                        [
                            149.092982,
                            -35.28575,
                            558.6
                        ],
                        [
                            149.093075,
                            -35.285738,
                            559.4
                        ],
                        [
                            149.093426,
                            -35.285699,
                            557.4
                        ],
                        [
                            149.09351,
                            -35.285684,
                            557.2
                        ],
                        [
                            149.094169,
                            -35.285587,
                            558.2
                        ],
                        [
                            149.09473,
                            -35.285508,
                            557.8
                        ],
                        [
                            149.094889,
                            -35.285479,
                            555.8
                        ],
                        [
                            149.095131,
                            -35.285453,
                            554.8
                        ],
                        [
                            149.095212,
                            -35.285445,
                            554.8
                        ],
                        [
                            149.095757,
                            -35.285391,
                            554.8
                        ],
                        [
                            149.096394,
                            -35.285348,
                            554.8
                        ],
                        [
                            149.096925,
                            -35.285328,
                            555.0
                        ],
                        [
                            149.097313,
                            -35.285324,
                            553.8
                        ],
                        [
                            149.097393,
                            -35.285323,
                            554.0
                        ],
                        [
                            149.097627,
                            -35.285323,
                            555.2
                        ],
                        [
                            149.097852,
                            -35.285328,
                            555.4
                        ],
                        [
                            149.098078,
                            -35.285341,
                            554.2
                        ],
                        [
                            149.098383,
                            -35.285357,
                            555.0
                        ],
                        [
                            149.098531,
                            -35.285374,
                            555.2
                        ],
                        [
                            149.098758,
                            -35.285401,
                            554.2
                        ],
                        [
                            149.098907,
                            -35.285428,
                            554.0
                        ],
                        [
                            149.099337,
                            -35.28556,
                            555.0
                        ],
                        [
                            149.099508,
                            -35.285635,
                            555.8
                        ],
                        [
                            149.099603,
                            -35.285678,
                            556.8
                        ],
                        [
                            149.09965,
                            -35.285703,
                            557.4
                        ],
                        [
                            149.099835,
                            -35.285807,
                            558.2
                        ],
                        [
                            149.099875,
                            -35.285825,
                            558.4
                        ],
                        [
                            149.100049,
                            -35.285933,
                            559.0
                        ],
                        [
                            149.100116,
                            -35.285976,
                            559.8
                        ],
                        [
                            149.100256,
                            -35.286048,
                            560.8
                        ],
                        [
                            149.100332,
                            -35.286077,
                            560.8
                        ],
                        [
                            149.100485,
                            -35.286124,
                            563.4
                        ],
                        [
                            149.100521,
                            -35.28613,
                            565.6
                        ],
                        [
                            149.100559,
                            -35.286137,
                            567.0
                        ],
                        [
                            149.100595,
                            -35.286147,
                            568.2
                        ],
                        [
                            149.100631,
                            -35.286151,
                            569.0
                        ],
                        [
                            149.100665,
                            -35.286158,
                            569.4
                        ],
                        [
                            149.100771,
                            -35.286177,
                            569.8
                        ],
                        [
                            149.100901,
                            -35.286206,
                            570.6
                        ],
                        [
                            149.101041,
                            -35.286242,
                            571.4
                        ],
                        [
                            149.101074,
                            -35.286251,
                            571.8
                        ],
                        [
                            149.10118,
                            -35.286268,
                            572.2
                        ],
                        [
                            149.101445,
                            -35.286294,
                            572.0
                        ],
                        [
                            149.101632,
                            -35.286313,
                            571.8
                        ],
                        [
                            149.10181,
                            -35.286304,
                            569.8
                        ],
                        [
                            149.101843,
                            -35.286282,
                            568.8
                        ],
                        [
                            149.101879,
                            -35.286255,
                            567.8
                        ],
                        [
                            149.101908,
                            -35.286219,
                            566.8
                        ],
                        [
                            149.101943,
                            -35.286175,
                            565.8
                        ],
                        [
                            149.101981,
                            -35.286121,
                            565.0
                        ],
                        [
                            149.102025,
                            -35.28606,
                            564.6
                        ],
                        [
                            149.102133,
                            -35.285932,
                            563.4
                        ],
                        [
                            149.102196,
                            -35.285865,
                            562.0
                        ],
                        [
                            149.102582,
                            -35.285522,
                            562.0
                        ],
                        [
                            149.102732,
                            -35.285379,
                            560.8
                        ],
                        [
                            149.102797,
                            -35.285305,
                            559.4
                        ],
                        [
                            149.102849,
                            -35.28523,
                            559.4
                        ],
                        [
                            149.1029,
                            -35.285148,
                            558.6
                        ],
                        [
                            149.102954,
                            -35.285073,
                            557.6
                        ],
                        [
                            149.103016,
                            -35.285002,
                            557.0
                        ],
                        [
                            149.103228,
                            -35.284826,
                            557.6
                        ],
                        [
                            149.103718,
                            -35.284535,
                            557.0
                        ],
                        [
                            149.103992,
                            -35.284448,
                            556.6
                        ],
                        [
                            149.104151,
                            -35.284387,
                            557.0
                        ],
                        [
                            149.104355,
                            -35.284289,
                            557.6
                        ],
                        [
                            149.10466,
                            -35.284159,
                            557.0
                        ],
                        [
                            149.104827,
                            -35.284101,
                            558.8
                        ],
                        [
                            149.104908,
                            -35.284079,
                            559.8
                        ],
                        [
                            149.10499,
                            -35.284064,
                            562.8
                        ],
                        [
                            149.105073,
                            -35.284054,
                            563.0
                        ],
                        [
                            149.10515,
                            -35.284056,
                            562.0
                        ],
                        [
                            149.105231,
                            -35.284061,
                            561.4
                        ],
                        [
                            149.105391,
                            -35.284089,
                            559.0
                        ],
                        [
                            149.105467,
                            -35.284106,
                            557.8
                        ],
                        [
                            149.105679,
                            -35.284171,
                            558.2
                        ],
                        [
                            149.105822,
                            -35.284221,
                            558.6
                        ],
                        [
                            149.105977,
                            -35.284265,
                            557.8
                        ],
                        [
                            149.10614,
                            -35.284253,
                            557.8
                        ],
                        [
                            149.10642,
                            -35.284187,
                            557.4
                        ],
                        [
                            149.106485,
                            -35.284163,
                            557.8
                        ],
                        [
                            149.10655,
                            -35.284148,
                            558.0
                        ],
                        [
                            149.106676,
                            -35.284123,
                            559.0
                        ],
                        [
                            149.106743,
                            -35.284111,
                            560.6
                        ],
                        [
                            149.106872,
                            -35.284082,
                            560.2
                        ],
                        [
                            149.107078,
                            -35.28404,
                            559.6
                        ],
                        [
                            149.107367,
                            -35.283975,
                            560.8
                        ],
                        [
                            149.107441,
                            -35.283957,
                            561.2
                        ],
                        [
                            149.107691,
                            -35.283906,
                            561.0
                        ],
                        [
                            149.107854,
                            -35.283904,
                            558.4
                        ],
                        [
                            149.107934,
                            -35.283916,
                            557.2
                        ],
                        [
                            149.108095,
                            -35.283935,
                            559.0
                        ],
                        [
                            149.108181,
                            -35.283947,
                            560.8
                        ],
                        [
                            149.108258,
                            -35.283952,
                            562.8
                        ],
                        [
                            149.108337,
                            -35.283958,
                            563.8
                        ],
                        [
                            149.108568,
                            -35.283979,
                            560.0
                        ],
                        [
                            149.10865,
                            -35.283983,
                            558.8
                        ],
                        [
                            149.108726,
                            -35.283991,
                            557.6
                        ],
                        [
                            149.1088,
                            -35.283999,
                            557.6
                        ],
                        [
                            149.109201,
                            -35.284001,
                            560.8
                        ],
                        [
                            149.109267,
                            -35.284,
                            562.6
                        ],
                        [
                            149.109518,
                            -35.28399,
                            564.0
                        ],
                        [
                            149.109567,
                            -35.283985,
                            564.8
                        ],
                        [
                            149.109614,
                            -35.283981,
                            566.8
                        ],
                        [
                            149.109664,
                            -35.283985,
                            568.0
                        ],
                        [
                            149.109755,
                            -35.284011,
                            569.2
                        ],
                        [
                            149.109801,
                            -35.284031,
                            569.8
                        ],
                        [
                            149.10999,
                            -35.284129,
                            565.6
                        ],
                        [
                            149.11004,
                            -35.284158,
                            563.6
                        ],
                        [
                            149.11009,
                            -35.284183,
                            560.8
                        ],
                        [
                            149.110194,
                            -35.284237,
                            559.6
                        ],
                        [
                            149.110248,
                            -35.284265,
                            558.4
                        ],
                        [
                            149.110454,
                            -35.284381,
                            559.4
                        ],
                        [
                            149.110508,
                            -35.284407,
                            560.6
                        ],
                        [
                            149.110612,
                            -35.284463,
                            565.2
                        ],
                        [
                            149.110656,
                            -35.284498,
                            567.6
                        ],
                        [
                            149.110827,
                            -35.284656,
                            567.6
                        ],
                        [
                            149.110871,
                            -35.2847,
                            566.0
                        ],
                        [
                            149.111008,
                            -35.28483,
                            563.0
                        ],
                        [
                            149.111089,
                            -35.284905,
                            560.8
                        ],
                        [
                            149.111135,
                            -35.284977,
                            559.4
                        ],
                        [
                            149.111098,
                            -35.28497,
                            558.0
                        ],
                        [
                            149.111076,
                            -35.28496,
                            558.0
                        ],
                        [
                            149.110882,
                            -35.284861,
                            557.6
                        ],
                        [
                            149.110681,
                            -35.284745,
                            559.6
                        ],
                        [
                            149.11052,
                            -35.284668,
                            559.2
                        ],
                        [
                            149.110419,
                            -35.284602,
                            558.6
                        ],
                        [
                            149.110378,
                            -35.284559,
                            558.2
                        ],
                        [
                            149.110359,
                            -35.284506,
                            558.0
                        ],
                        [
                            149.110401,
                            -35.284402,
                            557.6
                        ],
                        [
                            149.11059,
                            -35.28418,
                            561.2
                        ],
                        [
                            149.110668,
                            -35.284087,
                            562.6
                        ],
                        [
                            149.110713,
                            -35.284047,
                            560.6
                        ],
                        [
                            149.110788,
                            -35.283955,
                            559.2
                        ],
                        [
                            149.11083,
                            -35.283901,
                            559.2
                        ],
                        [
                            149.11096,
                            -35.283752,
                            559.0
                        ],
                        [
                            149.111051,
                            -35.283675,
                            560.2
                        ],
                        [
                            149.111193,
                            -35.28356,
                            561.4
                        ],
                        [
                            149.111276,
                            -35.283463,
                            560.6
                        ],
                        [
                            149.111297,
                            -35.283402,
                            560.4
                        ],
                        [
                            149.111305,
                            -35.283338,
                            560.4
                        ],
                        [
                            149.111278,
                            -35.283154,
                            560.6
                        ],
                        [
                            149.111288,
                            -35.283095,
                            560.6
                        ],
                        [
                            149.111357,
                            -35.282987,
                            562.0
                        ],
                        [
                            149.111401,
                            -35.282935,
                            562.8
                        ],
                        [
                            149.111445,
                            -35.282886,
                            558.4
                        ],
                        [
                            149.111537,
                            -35.282786,
                            555.8
                        ],
                        [
                            149.111582,
                            -35.282735,
                            555.6
                        ],
                        [
                            149.111627,
                            -35.282684,
                            554.6
                        ],
                        [
                            149.111719,
                            -35.282584,
                            556.6
                        ],
                        [
                            149.111811,
                            -35.282488,
                            557.8
                        ],
                        [
                            149.111906,
                            -35.282393,
                            559.6
                        ],
                        [
                            149.112047,
                            -35.282254,
                            557.8
                        ],
                        [
                            149.112093,
                            -35.282207,
                            556.6
                        ],
                        [
                            149.112143,
                            -35.282161,
                            555.2
                        ],
                        [
                            149.11219,
                            -35.282115,
                            553.8
                        ],
                        [
                            149.112236,
                            -35.282067,
                            551.8
                        ],
                        [
                            149.112384,
                            -35.281931,
                            552.0
                        ],
                        [
                            149.112494,
                            -35.28184,
                            552.8
                        ],
                        [
                            149.112546,
                            -35.28179,
                            554.6
                        ],
                        [
                            149.112603,
                            -35.281746,
                            557.8
                        ],
                        [
                            149.112667,
                            -35.28171,
                            559.4
                        ],
                        [
                            149.112728,
                            -35.281672,
                            559.8
                        ],
                        [
                            149.112856,
                            -35.281605,
                            561.0
                        ],
                        [
                            149.112921,
                            -35.281575,
                            561.6
                        ],
                        [
                            149.113114,
                            -35.281471,
                            558.2
                        ],
                        [
                            149.11318,
                            -35.281442,
                            559.0
                        ],
                        [
                            149.113248,
                            -35.281412,
                            560.6
                        ],
                        [
                            149.113434,
                            -35.281328,
                            561.0
                        ],
                        [
                            149.113559,
                            -35.281263,
                            560.4
                        ],
                        [
                            149.113693,
                            -35.281219,
                            559.2
                        ],
                        [
                            149.113759,
                            -35.281197,
                            559.2
                        ],
                        [
                            149.114206,
                            -35.281022,
                            559.6
                        ],
                        [
                            149.114377,
                            -35.28091,
                            558.4
                        ],
                        [
                            149.114543,
                            -35.280806,
                            560.0
                        ],
                        [
                            149.114578,
                            -35.280777,
                            560.8
                        ],
                        [
                            149.114619,
                            -35.28072,
                            561.4
                        ],
                        [
                            149.114669,
                            -35.280686,
                            562.2
                        ],
                        [
                            149.114731,
                            -35.280657,
                            563.6
                        ],
                        [
                            149.114781,
                            -35.280616,
                            562.8
                        ],
                        [
                            149.114816,
                            -35.2806,
                            561.4
                        ],
                        [
                            149.114892,
                            -35.280561,
                            560.2
                        ],
                        [
                            149.114929,
                            -35.280534,
                            560.0
                        ],
                        [
                            149.115094,
                            -35.280416,
                            561.4
                        ],
                        [
                            149.115228,
                            -35.280327,
                            562.8
                        ],
                        [
                            149.115325,
                            -35.280273,
                            563.4
                        ],
                        [
                            149.115533,
                            -35.28015,
                            561.0
                        ],
                        [
                            149.115591,
                            -35.280125,
                            559.2
                        ],
                        [
                            149.115716,
                            -35.280076,
                            557.2
                        ],
                        [
                            149.115847,
                            -35.280031,
                            558.4
                        ],
                        [
                            149.115991,
                            -35.279986,
                            559.6
                        ],
                        [
                            149.116051,
                            -35.279962,
                            562.6
                        ],
                        [
                            149.116116,
                            -35.279943,
                            562.8
                        ],
                        [
                            149.116251,
                            -35.279925,
                            562.6
                        ],
                        [
                            149.116389,
                            -35.279928,
                            561.0
                        ],
                        [
                            149.116457,
                            -35.279937,
                            561.2
                        ],
                        [
                            149.116598,
                            -35.279949,
                            561.8
                        ],
                        [
                            149.116668,
                            -35.279955,
                            562.6
                        ],
                        [
                            149.117045,
                            -35.280013,
                            562.2
                        ],
                        [
                            149.117235,
                            -35.280028,
                            563.6
                        ],
                        [
                            149.117294,
                            -35.280012,
                            563.8
                        ],
                        [
                            149.11736,
                            -35.280002,
                            563.8
                        ],
                        [
                            149.11764,
                            -35.279956,
                            563.0
                        ],
                        [
                            149.117851,
                            -35.279918,
                            562.6
                        ],
                        [
                            149.117917,
                            -35.279895,
                            563.2
                        ],
                        [
                            149.117972,
                            -35.279861,
                            563.4
                        ],
                        [
                            149.118026,
                            -35.279826,
                            563.0
                        ],
                        [
                            149.11814,
                            -35.279747,
                            561.2
                        ],
                        [
                            149.118195,
                            -35.279704,
                            559.6
                        ],
                        [
                            149.118246,
                            -35.27966,
                            558.4
                        ],
                        [
                            149.118343,
                            -35.279563,
                            559.2
                        ],
                        [
                            149.118391,
                            -35.279514,
                            559.8
                        ],
                        [
                            149.118567,
                            -35.27931,
                            558.6
                        ],
                        [
                            149.118645,
                            -35.279215,
                            558.0
                        ],
                        [
                            149.118664,
                            -35.279173,
                            559.0
                        ],
                        [
                            149.118692,
                            -35.279084,
                            559.6
                        ],
                        [
                            149.118709,
                            -35.279,
                            561.4
                        ],
                        [
                            149.118716,
                            -35.278962,
                            563.2
                        ],
                        [
                            149.118745,
                            -35.278796,
                            564.6
                        ],
                        [
                            149.118758,
                            -35.278732,
                            564.4
                        ],
                        [
                            149.118763,
                            -35.278669,
                            561.4
                        ],
                        [
                            149.118771,
                            -35.278611,
                            560.2
                        ],
                        [
                            149.118761,
                            -35.278549,
                            560.0
                        ],
                        [
                            149.118757,
                            -35.278482,
                            557.4
                        ],
                        [
                            149.118763,
                            -35.278416,
                            557.6
                        ],
                        [
                            149.118796,
                            -35.278293,
                            557.0
                        ],
                        [
                            149.118861,
                            -35.278184,
                            556.0
                        ],
                        [
                            149.118971,
                            -35.278027,
                            558.2
                        ],
                        [
                            149.119069,
                            -35.277885,
                            560.0
                        ],
                        [
                            149.119176,
                            -35.277755,
                            561.8
                        ],
                        [
                            149.11927,
                            -35.2777,
                            562.4
                        ],
                        [
                            149.119503,
                            -35.277536,
                            560.4
                        ],
                        [
                            149.119595,
                            -35.277468,
                            560.2
                        ],
                        [
                            149.119646,
                            -35.277441,
                            560.4
                        ],
                        [
                            149.119802,
                            -35.277384,
                            560.0
                        ],
                        [
                            149.119853,
                            -35.277368,
                            559.6
                        ],
                        [
                            149.119905,
                            -35.277351,
                            559.4
                        ],
                        [
                            149.120054,
                            -35.277318,
                            558.4
                        ],
                        [
                            149.120153,
                            -35.277322,
                            558.4
                        ],
                        [
                            149.120256,
                            -35.277304,
                            559.2
                        ],
                        [
                            149.120304,
                            -35.277279,
                            560.0
                        ],
                        [
                            149.120353,
                            -35.277247,
                            560.4
                        ],
                        [
                            149.120531,
                            -35.27713,
                            558.4
                        ],
                        [
                            149.120557,
                            -35.277091,
                            559.6
                        ],
                        [
                            149.120557,
                            -35.277051,
                            560.6
                        ],
                        [
                            149.120501,
                            -35.276991,
                            561.8
                        ],
                        [
                            149.120465,
                            -35.276969,
                            561.6
                        ],
                        [
                            149.120291,
                            -35.27688,
                            562.4
                        ],
                        [
                            149.120264,
                            -35.276849,
                            563.4
                        ],
                        [
                            149.120257,
                            -35.276808,
                            563.6
                        ],
                        [
                            149.120289,
                            -35.276732,
                            562.6
                        ],
                        [
                            149.120306,
                            -35.276698,
                            562.2
                        ],
                        [
                            149.120348,
                            -35.276587,
                            560.4
                        ],
                        [
                            149.120393,
                            -35.276528,
                            561.4
                        ],
                        [
                            149.120421,
                            -35.276495,
                            562.2
                        ],
                        [
                            149.12049,
                            -35.276425,
                            562.4
                        ],
                        [
                            149.120575,
                            -35.276363,
                            564.0
                        ],
                        [
                            149.120666,
                            -35.276289,
                            566.0
                        ],
                        [
                            149.120712,
                            -35.276246,
                            567.0
                        ],
                        [
                            149.120792,
                            -35.276157,
                            568.0
                        ],
                        [
                            149.120821,
                            -35.27611,
                            568.0
                        ],
                        [
                            149.120926,
                            -35.275967,
                            567.4
                        ],
                        [
                            149.120968,
                            -35.275919,
                            567.0
                        ],
                        [
                            149.121011,
                            -35.27587,
                            566.6
                        ],
                        [
                            149.121053,
                            -35.275824,
                            565.0
                        ],
                        [
                            149.121252,
                            -35.275589,
                            564.4
                        ],
                        [
                            149.121231,
                            -35.275473,
                            565.0
                        ],
                        [
                            149.121211,
                            -35.275419,
                            565.2
                        ],
                        [
                            149.121119,
                            -35.27514,
                            564.0
                        ],
                        [
                            149.121069,
                            -35.274958,
                            563.0
                        ],
                        [
                            149.121025,
                            -35.274778,
                            566.2
                        ],
                        [
                            149.121023,
                            -35.274715,
                            568.6
                        ],
                        [
                            149.12103,
                            -35.274655,
                            570.8
                        ],
                        [
                            149.121038,
                            -35.274597,
                            570.6
                        ],
                        [
                            149.121054,
                            -35.274541,
                            570.6
                        ],
                        [
                            149.121116,
                            -35.274438,
                            570.4
                        ],
                        [
                            149.121158,
                            -35.27439,
                            570.2
                        ],
                        [
                            149.121206,
                            -35.27435,
                            570.4
                        ],
                        [
                            149.121304,
                            -35.274264,
                            570.0
                        ],
                        [
                            149.121363,
                            -35.274218,
                            569.2
                        ],
                        [
                            149.121411,
                            -35.274177,
                            568.6
                        ],
                        [
                            149.121452,
                            -35.274135,
                            566.6
                        ],
                        [
                            149.121534,
                            -35.274049,
                            565.6
                        ],
                        [
                            149.12165,
                            -35.273921,
                            563.8
                        ],
                        [
                            149.121686,
                            -35.273882,
                            563.2
                        ],
                        [
                            149.121759,
                            -35.273802,
                            564.4
                        ],
                        [
                            149.121855,
                            -35.273708,
                            564.8
                        ],
                        [
                            149.121858,
                            -35.273679,
                            564.8
                        ],
                        [
                            149.121861,
                            -35.273633,
                            562.8
                        ],
                        [
                            149.121887,
                            -35.273608,
                            561.0
                        ],
                        [
                            149.121887,
                            -35.273608,
                            559.6
                        ],
                        [
                            149.121878,
                            -35.273606,
                            559.6
                        ],
                        [
                            149.121879,
                            -35.273598,
                            561.2
                        ],
                        [
                            149.121879,
                            -35.273597,
                            561.8
                        ],
                        [
                            149.121879,
                            -35.273597,
                            563.4
                        ],
                        [
                            149.121891,
                            -35.27358,
                            564.2
                        ],
                        [
                            149.121923,
                            -35.273536,
                            565.8
                        ],
                        [
                            149.12196,
                            -35.273483,
                            567.4
                        ],
                        [
                            149.121983,
                            -35.273458,
                            568.2
                        ],
                        [
                            149.122052,
                            -35.273365,
                            567.8
                        ],
                        [
                            149.12217,
                            -35.273307,
                            568.6
                        ],
                        [
                            149.122214,
                            -35.273293,
                            570.2
                        ],
                        [
                            149.122236,
                            -35.273264,
                            570.8
                        ],
                        [
                            149.122252,
                            -35.273227,
                            571.6
                        ],
                        [
                            149.122272,
                            -35.273192,
                            572.4
                        ],
                        [
                            149.122302,
                            -35.273157,
                            573.0
                        ],
                        [
                            149.122339,
                            -35.273125,
                            574.4
                        ],
                        [
                            149.122374,
                            -35.273094,
                            575.4
                        ],
                        [
                            149.122404,
                            -35.273059,
                            574.8
                        ],
                        [
                            149.12247,
                            -35.272981,
                            573.8
                        ],
                        [
                            149.122494,
                            -35.272942,
                            571.8
                        ],
                        [
                            149.122523,
                            -35.272898,
                            567.8
                        ],
                        [
                            149.122591,
                            -35.272808,
                            567.6
                        ],
                        [
                            149.122727,
                            -35.272634,
                            570.6
                        ],
                        [
                            149.122771,
                            -35.272598,
                            570.2
                        ],
                        [
                            149.122863,
                            -35.272521,
                            569.4
                        ],
                        [
                            149.122955,
                            -35.272425,
                            567.2
                        ],
                        [
                            149.122994,
                            -35.272299,
                            565.0
                        ],
                        [
                            149.123025,
                            -35.27224,
                            564.4
                        ],
                        [
                            149.123089,
                            -35.272137,
                            563.2
                        ],
                        [
                            149.123103,
                            -35.272081,
                            564.0
                        ],
                        [
                            149.123119,
                            -35.271905,
                            563.8
                        ],
                        [
                            149.123121,
                            -35.271843,
                            564.4
                        ],
                        [
                            149.123119,
                            -35.271773,
                            565.8
                        ],
                        [
                            149.12312,
                            -35.271708,
                            566.8
                        ],
                        [
                            149.123132,
                            -35.271647,
                            569.6
                        ],
                        [
                            149.123193,
                            -35.271484,
                            571.4
                        ],
                        [
                            149.123197,
                            -35.271422,
                            569.8
                        ],
                        [
                            149.123195,
                            -35.271358,
                            567.4
                        ],
                        [
                            149.123204,
                            -35.271287,
                            566.0
                        ],
                        [
                            149.123219,
                            -35.271222,
                            566.4
                        ],
                        [
                            149.123269,
                            -35.2711,
                            567.4
                        ],
                        [
                            149.123282,
                            -35.27103,
                            569.2
                        ],
                        [
                            149.123315,
                            -35.27077,
                            566.6
                        ],
                        [
                            149.123321,
                            -35.270708,
                            566.0
                        ],
                        [
                            149.123321,
                            -35.270582,
                            564.4
                        ],
                        [
                            149.123332,
                            -35.27045,
                            565.6
                        ],
                        [
                            149.123357,
                            -35.270392,
                            566.2
                        ],
                        [
                            149.123374,
                            -35.270334,
                            566.8
                        ],
                        [
                            149.123411,
                            -35.27015,
                            565.4
                        ],
                        [
                            149.123423,
                            -35.270023,
                            565.6
                        ],
                        [
                            149.123461,
                            -35.269906,
                            566.2
                        ],
                        [
                            149.123547,
                            -35.269813,
                            566.8
                        ],
                        [
                            149.123683,
                            -35.269689,
                            567.6
                        ],
                        [
                            149.12372,
                            -35.26959,
                            568.2
                        ],
                        [
                            149.123718,
                            -35.269503,
                            569.4
                        ],
                        [
                            149.123688,
                            -35.269469,
                            569.4
                        ],
                        [
                            149.12365,
                            -35.269434,
                            569.6
                        ],
                        [
                            149.123583,
                            -35.269354,
                            568.8
                        ],
                        [
                            149.123551,
                            -35.269245,
                            568.8
                        ],
                        [
                            149.123559,
                            -35.269117,
                            570.8
                        ],
                        [
                            149.123581,
                            -35.26894,
                            570.8
                        ],
                        [
                            149.123612,
                            -35.268692,
                            570.4
                        ],
                        [
                            149.123633,
                            -35.268514,
                            571.2
                        ],
                        [
                            149.123697,
                            -35.268147,
                            571.0
                        ],
                        [
                            149.123718,
                            -35.268023,
                            571.0
                        ],
                        [
                            149.123736,
                            -35.267903,
                            567.2
                        ],
                        [
                            149.123759,
                            -35.267782,
                            565.8
                        ],
                        [
                            149.123801,
                            -35.26755,
                            566.2
                        ],
                        [
                            149.123836,
                            -35.267366,
                            566.8
                        ],
                        [
                            149.123851,
                            -35.267247,
                            567.2
                        ],
                        [
                            149.123868,
                            -35.267118,
                            567.6
                        ],
                        [
                            149.123885,
                            -35.267054,
                            568.0
                        ],
                        [
                            149.123908,
                            -35.266995,
                            568.2
                        ],
                        [
                            149.12395,
                            -35.26694,
                            568.6
                        ],
                        [
                            149.123988,
                            -35.26689,
                            568.4
                        ],
                        [
                            149.124035,
                            -35.266848,
                            567.2
                        ],
                        [
                            149.124194,
                            -35.266678,
                            568.2
                        ],
                        [
                            149.124293,
                            -35.266632,
                            568.8
                        ],
                        [
                            149.124393,
                            -35.266591,
                            568.2
                        ],
                        [
                            149.124503,
                            -35.26655,
                            568.0
                        ],
                        [
                            149.124551,
                            -35.266535,
                            567.8
                        ],
                        [
                            149.124581,
                            -35.266509,
                            568.0
                        ],
                        [
                            149.124602,
                            -35.266467,
                            569.2
                        ],
                        [
                            149.124592,
                            -35.266438,
                            570.8
                        ],
                        [
                            149.124544,
                            -35.266378,
                            574.2
                        ],
                        [
                            149.12447,
                            -35.266264,
                            573.8
                        ],
                        [
                            149.124426,
                            -35.266225,
                            573.6
                        ],
                        [
                            149.124377,
                            -35.266188,
                            569.2
                        ],
                        [
                            149.124318,
                            -35.266156,
                            567.8
                        ],
                        [
                            149.124183,
                            -35.266093,
                            566.8
                        ],
                        [
                            149.124123,
                            -35.26605,
                            566.4
                        ],
                        [
                            149.124066,
                            -35.265998,
                            565.8
                        ],
                        [
                            149.124017,
                            -35.26594,
                            564.8
                        ],
                        [
                            149.123977,
                            -35.265887,
                            565.0
                        ],
                        [
                            149.123921,
                            -35.265771,
                            566.2
                        ],
                        [
                            149.123906,
                            -35.265714,
                            566.2
                        ],
                        [
                            149.123896,
                            -35.265655,
                            566.6
                        ],
                        [
                            149.12388,
                            -35.26553,
                            566.8
                        ],
                        [
                            149.123882,
                            -35.265467,
                            566.6
                        ],
                        [
                            149.123904,
                            -35.265333,
                            566.2
                        ],
                        [
                            149.123972,
                            -35.265156,
                            566.4
                        ],
                        [
                            149.124026,
                            -35.265046,
                            567.2
                        ],
                        [
                            149.124185,
                            -35.264767,
                            567.8
                        ],
                        [
                            149.124274,
                            -35.264665,
                            567.6
                        ],
                        [
                            149.124591,
                            -35.26443,
                            567.0
                        ],
                        [
                            149.12473,
                            -35.264295,
                            567.8
                        ],
                        [
                            149.124855,
                            -35.264157,
                            567.2
                        ],
                        [
                            149.124908,
                            -35.264119,
                            567.4
                        ],
                        [
                            149.125074,
                            -35.26403,
                            567.8
                        ],
                        [
                            149.125131,
                            -35.26401,
                            567.8
                        ],
                        [
                            149.12519,
                            -35.263989,
                            568.6
                        ],
                        [
                            149.125296,
                            -35.263933,
                            567.8
                        ],
                        [
                            149.125339,
                            -35.263894,
                            567.6
                        ],
                        [
                            149.125375,
                            -35.263846,
                            567.4
                        ],
                        [
                            149.125384,
                            -35.263754,
                            567.6
                        ],
                        [
                            149.125362,
                            -35.263717,
                            568.6
                        ],
                        [
                            149.125337,
                            -35.263675,
                            570.6
                        ],
                        [
                            149.125294,
                            -35.263592,
                            573.2
                        ],
                        [
                            149.12531,
                            -35.263498,
                            574.4
                        ],
                        [
                            149.12533,
                            -35.263451,
                            573.4
                        ],
                        [
                            149.125394,
                            -35.263231,
                            571.2
                        ],
                        [
                            149.125404,
                            -35.263115,
                            569.8
                        ],
                        [
                            149.125401,
                            -35.262938,
                            569.0
                        ],
                        [
                            149.125399,
                            -35.26288,
                            568.6
                        ],
                        [
                            149.125405,
                            -35.262818,
                            568.8
                        ],
                        [
                            149.125431,
                            -35.262688,
                            569.4
                        ],
                        [
                            149.12545,
                            -35.262628,
                            570.2
                        ],
                        [
                            149.125492,
                            -35.262501,
                            571.2
                        ],
                        [
                            149.125554,
                            -35.262385,
                            572.2
                        ],
                        [
                            149.125645,
                            -35.262286,
                            573.6
                        ],
                        [
                            149.125694,
                            -35.262246,
                            572.4
                        ],
                        [
                            149.125933,
                            -35.262026,
                            570.8
                        ],
                        [
                            149.126025,
                            -35.261935,
                            569.0
                        ],
                        [
                            149.126074,
                            -35.261886,
                            568.8
                        ],
                        [
                            149.126444,
                            -35.261542,
                            568.4
                        ],
                        [
                            149.126565,
                            -35.261452,
                            568.8
                        ],
                        [
                            149.126748,
                            -35.26132,
                            568.8
                        ],
                        [
                            149.126962,
                            -35.261129,
                            570.0
                        ],
                        [
                            149.127015,
                            -35.261084,
                            570.2
                        ],
                        [
                            149.127117,
                            -35.260995,
                            571.0
                        ],
                        [
                            149.127163,
                            -35.26095,
                            571.4
                        ],
                        [
                            149.127351,
                            -35.260775,
                            569.2
                        ],
                        [
                            149.127437,
                            -35.260698,
                            567.6
                        ],
                        [
                            149.127481,
                            -35.260662,
                            567.4
                        ],
                        [
                            149.127521,
                            -35.260624,
                            566.2
                        ],
                        [
                            149.127688,
                            -35.260459,
                            565.8
                        ],
                        [
                            149.127706,
                            -35.260421,
                            566.4
                        ],
                        [
                            149.127722,
                            -35.260383,
                            568.2
                        ],
                        [
                            149.127733,
                            -35.260341,
                            569.0
                        ],
                        [
                            149.127898,
                            -35.259992,
                            577.0
                        ],
                        [
                            149.127897,
                            -35.259969,
                            577.2
                        ],
                        [
                            149.127878,
                            -35.259953,
                            577.0
                        ],
                        [
                            149.127848,
                            -35.259951,
                            576.4
                        ],
                        [
                            149.127815,
                            -35.259946,
                            576.0
                        ],
                        [
                            149.127774,
                            -35.259939,
                            575.6
                        ],
                        [
                            149.127733,
                            -35.259932,
                            575.2
                        ],
                        [
                            149.127684,
                            -35.259928,
                            574.2
                        ],
                        [
                            149.127635,
                            -35.259925,
                            574.6
                        ],
                        [
                            149.127583,
                            -35.25992,
                            574.2
                        ],
                        [
                            149.127474,
                            -35.259912,
                            573.2
                        ],
                        [
                            149.12742,
                            -35.259897,
                            572.8
                        ],
                        [
                            149.127376,
                            -35.259878,
                            570.2
                        ],
                        [
                            149.127329,
                            -35.259861,
                            569.8
                        ],
                        [
                            149.12728,
                            -35.259827,
                            567.8
                        ],
                        [
                            149.127223,
                            -35.259718,
                            567.2
                        ],
                        [
                            149.127221,
                            -35.259661,
                            566.6
                        ],
                        [
                            149.127229,
                            -35.259604,
                            566.6
                        ],
                        [
                            149.127226,
                            -35.259481,
                            566.0
                        ],
                        [
                            149.127239,
                            -35.259093,
                            567.0
                        ],
                        [
                            149.127261,
                            -35.258837,
                            569.6
                        ],
                        [
                            149.127265,
                            -35.258769,
                            572.4
                        ],
                        [
                            149.127257,
                            -35.258705,
                            575.0
                        ],
                        [
                            149.127238,
                            -35.25864,
                            578.8
                        ],
                        [
                            149.12717,
                            -35.258452,
                            577.6
                        ],
                        [
                            149.127154,
                            -35.258392,
                            576.4
                        ],
                        [
                            149.127134,
                            -35.258331,
                            575.6
                        ],
                        [
                            149.127109,
                            -35.258269,
                            575.6
                        ],
                        [
                            149.126989,
                            -35.258208,
                            575.4
                        ],
                        [
                            149.126846,
                            -35.258229,
                            574.8
                        ],
                        [
                            149.126777,
                            -35.258252,
                            575.0
                        ],
                        [
                            149.126577,
                            -35.258336,
                            576.0
                        ],
                        [
                            149.126509,
                            -35.258365,
                            576.2
                        ],
                        [
                            149.126293,
                            -35.258457,
                            576.0
                        ],
                        [
                            149.126158,
                            -35.258522,
                            575.8
                        ],
                        [
                            149.125948,
                            -35.258613,
                            575.4
                        ],
                        [
                            149.125876,
                            -35.258644,
                            572.8
                        ],
                        [
                            149.125741,
                            -35.258711,
                            572.4
                        ],
                        [
                            149.125516,
                            -35.258806,
                            571.8
                        ],
                        [
                            149.125312,
                            -35.258898,
                            571.4
                        ],
                        [
                            149.125236,
                            -35.25892,
                            570.4
                        ],
                        [
                            149.125157,
                            -35.258938,
                            568.0
                        ],
                        [
                            149.125079,
                            -35.258949,
                            568.4
                        ],
                        [
                            149.125004,
                            -35.258954,
                            568.0
                        ],
                        [
                            149.124931,
                            -35.258959,
                            568.8
                        ],
                        [
                            149.12486,
                            -35.258957,
                            569.4
                        ],
                        [
                            149.124723,
                            -35.258929,
                            570.4
                        ],
                        [
                            149.124647,
                            -35.258916,
                            571.0
                        ],
                        [
                            149.124371,
                            -35.258886,
                            573.4
                        ],
                        [
                            149.124238,
                            -35.258863,
                            572.6
                        ],
                        [
                            149.124044,
                            -35.258849,
                            572.2
                        ],
                        [
                            149.123982,
                            -35.258864,
                            573.8
                        ],
                        [
                            149.123921,
                            -35.258888,
                            575.2
                        ],
                        [
                            149.123856,
                            -35.258901,
                            576.4
                        ],
                        [
                            149.123723,
                            -35.25888,
                            578.6
                        ],
                        [
                            149.123552,
                            -35.258796,
                            578.4
                        ],
                        [
                            149.123487,
                            -35.258786,
                            577.8
                        ],
                        [
                            149.123421,
                            -35.258776,
                            576.4
                        ],
                        [
                            149.123278,
                            -35.258758,
                            574.0
                        ],
                        [
                            149.122927,
                            -35.258723,
                            574.2
                        ],
                        [
                            149.122861,
                            -35.258709,
                            572.6
                        ],
                        [
                            149.122794,
                            -35.258687,
                            569.6
                        ],
                        [
                            149.122671,
                            -35.258624,
                            569.4
                        ],
                        [
                            149.122613,
                            -35.258583,
                            569.8
                        ],
                        [
                            149.122504,
                            -35.258496,
                            571.2
                        ],
                        [
                            149.122348,
                            -35.258368,
                            571.2
                        ],
                        [
                            149.12225,
                            -35.258286,
                            571.2
                        ],
                        [
                            149.122052,
                            -35.258134,
                            572.6
                        ],
                        [
                            149.121929,
                            -35.258072,
                            573.0
                        ],
                        [
                            149.121462,
                            -35.257838,
                            574.0
                        ],
                        [
                            149.121236,
                            -35.257708,
                            575.0
                        ],
                        [
                            149.120954,
                            -35.257539,
                            575.0
                        ],
                        [
                            149.120712,
                            -35.257424,
                            574.4
                        ],
                        [
                            149.120574,
                            -35.257391,
                            574.4
                        ],
                        [
                            149.12043,
                            -35.25739,
                            574.6
                        ],
                        [
                            149.120294,
                            -35.257413,
                            575.0
                        ],
                        [
                            149.120094,
                            -35.257449,
                            576.2
                        ],
                        [
                            149.119824,
                            -35.257482,
                            577.2
                        ],
                        [
                            149.119752,
                            -35.257484,
                            576.6
                        ],
                        [
                            149.119681,
                            -35.257486,
                            576.0
                        ],
                        [
                            149.11961,
                            -35.257487,
                            575.0
                        ],
                        [
                            149.119538,
                            -35.257488,
                            573.2
                        ],
                        [
                            149.119194,
                            -35.257509,
                            575.6
                        ],
                        [
                            149.118948,
                            -35.257582,
                            577.2
                        ],
                        [
                            149.118831,
                            -35.257614,
                            577.0
                        ],
                        [
                            149.118766,
                            -35.257625,
                            576.6
                        ],
                        [
                            149.11864,
                            -35.257625,
                            575.8
                        ],
                        [
                            149.118578,
                            -35.257613,
                            575.0
                        ],
                        [
                            149.11852,
                            -35.257595,
                            575.4
                        ],
                        [
                            149.1184,
                            -35.257563,
                            576.6
                        ],
                        [
                            149.118331,
                            -35.257565,
                            577.0
                        ],
                        [
                            149.118268,
                            -35.257568,
                            577.4
                        ],
                        [
                            149.118137,
                            -35.257572,
                            578.2
                        ],
                        [
                            149.117891,
                            -35.257571,
                            577.8
                        ],
                        [
                            149.117764,
                            -35.257563,
                            577.0
                        ],
                        [
                            149.117629,
                            -35.257569,
                            577.4
                        ],
                        [
                            149.117489,
                            -35.257575,
                            577.6
                        ],
                        [
                            149.117283,
                            -35.257573,
                            578.2
                        ],
                        [
                            149.117218,
                            -35.257582,
                            578.4
                        ],
                        [
                            149.117159,
                            -35.257599,
                            579.2
                        ],
                        [
                            149.1171,
                            -35.25762,
                            579.8
                        ],
                        [
                            149.117046,
                            -35.257642,
                            580.4
                        ],
                        [
                            149.116816,
                            -35.257717,
                            581.8
                        ],
                        [
                            149.1167,
                            -35.257754,
                            582.4
                        ],
                        [
                            149.116585,
                            -35.257785,
                            583.0
                        ],
                        [
                            149.116402,
                            -35.257814,
                            582.6
                        ],
                        [
                            149.116215,
                            -35.257865,
                            582.2
                        ],
                        [
                            149.1161,
                            -35.25793,
                            581.4
                        ],
                        [
                            149.115995,
                            -35.257996,
                            580.4
                        ],
                        [
                            149.115868,
                            -35.258108,
                            581.8
                        ],
                        [
                            149.115789,
                            -35.258191,
                            582.0
                        ],
                        [
                            149.115657,
                            -35.2583,
                            582.6
                        ],
                        [
                            149.115558,
                            -35.25835,
                            583.0
                        ],
                        [
                            149.115466,
                            -35.258376,
                            584.4
                        ],
                        [
                            149.11537,
                            -35.258375,
                            584.4
                        ],
                        [
                            149.115276,
                            -35.258371,
                            585.8
                        ],
                        [
                            149.115185,
                            -35.258381,
                            588.0
                        ],
                        [
                            149.115141,
                            -35.258394,
                            588.0
                        ],
                        [
                            149.114974,
                            -35.258449,
                            587.8
                        ],
                        [
                            149.114861,
                            -35.258488,
                            584.8
                        ],
                        [
                            149.1148,
                            -35.258506,
                            584.0
                        ],
                        [
                            149.114743,
                            -35.258529,
                            583.2
                        ],
                        [
                            149.114407,
                            -35.258663,
                            584.4
                        ],
                        [
                            149.114354,
                            -35.258682,
                            585.0
                        ],
                        [
                            149.114303,
                            -35.258703,
                            585.6
                        ],
                        [
                            149.114087,
                            -35.258765,
                            586.4
                        ],
                        [
                            149.114026,
                            -35.258776,
                            587.2
                        ],
                        [
                            149.113969,
                            -35.258784,
                            588.0
                        ],
                        [
                            149.11371,
                            -35.258806,
                            587.6
                        ],
                        [
                            149.113587,
                            -35.258811,
                            586.2
                        ],
                        [
                            149.113421,
                            -35.258825,
                            585.4
                        ],
                        [
                            149.11331,
                            -35.258849,
                            587.6
                        ],
                        [
                            149.113254,
                            -35.25886,
                            589.6
                        ],
                        [
                            149.113138,
                            -35.258879,
                            590.6
                        ],
                        [
                            149.113086,
                            -35.258904,
                            591.0
                        ],
                        [
                            149.11293,
                            -35.258974,
                            591.8
                        ],
                        [
                            149.112828,
                            -35.258985,
                            592.0
                        ],
                        [
                            149.112695,
                            -35.258984,
                            593.0
                        ],
                        [
                            149.112597,
                            -35.258976,
                            592.6
                        ],
                        [
                            149.112553,
                            -35.258959,
                            592.4
                        ],
                        [
                            149.112474,
                            -35.258911,
                            592.0
                        ],
                        [
                            149.112439,
                            -35.258881,
                            591.8
                        ],
                        [
                            149.1124,
                            -35.258854,
                            591.8
                        ],
                        [
                            149.112309,
                            -35.258806,
                            591.8
                        ],
                        [
                            149.112166,
                            -35.258738,
                            591.8
                        ],
                        [
                            149.112071,
                            -35.258695,
                            593.0
                        ],
                        [
                            149.112016,
                            -35.258684,
                            593.2
                        ],
                        [
                            149.111909,
                            -35.258669,
                            593.8
                        ],
                        [
                            149.111852,
                            -35.258657,
                            594.4
                        ],
                        [
                            149.1118,
                            -35.258639,
                            594.6
                        ],
                        [
                            149.111623,
                            -35.258609,
                            594.0
                        ],
                        [
                            149.11156,
                            -35.258606,
                            593.8
                        ],
                        [
                            149.111494,
                            -35.258607,
                            593.0
                        ],
                        [
                            149.11131,
                            -35.258627,
                            594.4
                        ],
                        [
                            149.111252,
                            -35.258625,
                            594.6
                        ],
                        [
                            149.110912,
                            -35.258565,
                            595.2
                        ],
                        [
                            149.110498,
                            -35.258458,
                            593.0
                        ],
                        [
                            149.110172,
                            -35.258355,
                            593.2
                        ],
                        [
                            149.110134,
                            -35.258341,
                            593.8
                        ],
                        [
                            149.110093,
                            -35.258326,
                            594.2
                        ],
                        [
                            149.109936,
                            -35.258301,
                            598.4
                        ],
                        [
                            149.10974,
                            -35.258353,
                            598.2
                        ],
                        [
                            149.109643,
                            -35.25836,
                            600.8
                        ],
                        [
                            149.109609,
                            -35.258283,
                            601.2
                        ],
                        [
                            149.109604,
                            -35.258239,
                            602.2
                        ],
                        [
                            149.109595,
                            -35.258107,
                            600.6
                        ],
                        [
                            149.109579,
                            -35.258031,
                            599.4
                        ],
                        [
                            149.109521,
                            -35.257754,
                            600.8
                        ],
                        [
                            149.109524,
                            -35.257669,
                            602.4
                        ],
                        [
                            149.109528,
                            -35.257602,
                            603.4
                        ],
                        [
                            149.109531,
                            -35.257568,
                            604.0
                        ],
                        [
                            149.109543,
                            -35.257501,
                            604.6
                        ],
                        [
                            149.109586,
                            -35.257373,
                            603.0
                        ],
                        [
                            149.109597,
                            -35.257345,
                            602.4
                        ],
                        [
                            149.109624,
                            -35.257278,
                            601.8
                        ],
                        [
                            149.109644,
                            -35.257218,
                            603.0
                        ],
                        [
                            149.109661,
                            -35.257151,
                            604.2
                        ],
                        [
                            149.109641,
                            -35.257084,
                            605.4
                        ],
                        [
                            149.109602,
                            -35.257028,
                            606.6
                        ],
                        [
                            149.109509,
                            -35.25689,
                            606.4
                        ],
                        [
                            149.109493,
                            -35.256852,
                            606.2
                        ],
                        [
                            149.109486,
                            -35.256764,
                            605.8
                        ],
                        [
                            149.1095,
                            -35.256722,
                            605.6
                        ],
                        [
                            149.109634,
                            -35.25646,
                            605.6
                        ],
                        [
                            149.109705,
                            -35.256359,
                            606.6
                        ],
                        [
                            149.109861,
                            -35.256169,
                            604.8
                        ],
                        [
                            149.109884,
                            -35.256138,
                            604.4
                        ],
                        [
                            149.109986,
                            -35.256007,
                            606.0
                        ],
                        [
                            149.110009,
                            -35.255969,
                            606.4
                        ],
                        [
                            149.110035,
                            -35.255924,
                            607.6
                        ],
                        [
                            149.110051,
                            -35.255883,
                            608.4
                        ],
                        [
                            149.110057,
                            -35.255802,
                            609.4
                        ],
                        [
                            149.110061,
                            -35.255645,
                            606.0
                        ],
                        [
                            149.110004,
                            -35.255582,
                            606.6
                        ],
                        [
                            149.109848,
                            -35.255475,
                            608.2
                        ],
                        [
                            149.10972,
                            -35.255399,
                            608.6
                        ],
                        [
                            149.109546,
                            -35.255263,
                            609.0
                        ],
                        [
                            149.109514,
                            -35.25524,
                            609.2
                        ],
                        [
                            149.109419,
                            -35.255157,
                            609.4
                        ],
                        [
                            149.109333,
                            -35.255053,
                            610.8
                        ],
                        [
                            149.109303,
                            -35.25502,
                            611.2
                        ],
                        [
                            149.109226,
                            -35.254922,
                            612.2
                        ],
                        [
                            149.109173,
                            -35.254864,
                            613.6
                        ],
                        [
                            149.109104,
                            -35.254773,
                            614.6
                        ],
                        [
                            149.10903,
                            -35.254664,
                            614.2
                        ],
                        [
                            149.108942,
                            -35.254529,
                            613.0
                        ],
                        [
                            149.108934,
                            -35.254513,
                            613.0
                        ],
                        [
                            149.108919,
                            -35.254497,
                            615.6
                        ],
                        [
                            149.108914,
                            -35.254476,
                            617.0
                        ],
                        [
                            149.108884,
                            -35.254427,
                            617.4
                        ],
                        [
                            149.108859,
                            -35.254371,
                            617.6
                        ],
                        [
                            149.10879,
                            -35.254204,
                            617.4
                        ],
                        [
                            149.108713,
                            -35.253995,
                            617.0
                        ],
                        [
                            149.108631,
                            -35.253802,
                            617.8
                        ],
                        [
                            149.108611,
                            -35.253761,
                            617.8
                        ],
                        [
                            149.108458,
                            -35.253424,
                            617.8
                        ],
                        [
                            149.108444,
                            -35.253378,
                            618.0
                        ],
                        [
                            149.108353,
                            -35.253173,
                            619.0
                        ],
                        [
                            149.108336,
                            -35.253131,
                            619.2
                        ],
                        [
                            149.108229,
                            -35.252885,
                            620.4
                        ],
                        [
                            149.108112,
                            -35.252709,
                            621.6
                        ],
                        [
                            149.108085,
                            -35.252675,
                            621.8
                        ],
                        [
                            149.107861,
                            -35.252372,
                            620.4
                        ],
                        [
                            149.107828,
                            -35.252336,
                            620.2
                        ],
                        [
                            149.107714,
                            -35.252241,
                            619.2
                        ],
                        [
                            149.107555,
                            -35.252112,
                            619.4
                        ],
                        [
                            149.107473,
                            -35.252048,
                            621.6
                        ],
                        [
                            149.10732,
                            -35.251911,
                            621.2
                        ],
                        [
                            149.107087,
                            -35.251735,
                            622.6
                        ],
                        [
                            149.107041,
                            -35.251717,
                            622.4
                        ],
                        [
                            149.10683,
                            -35.251626,
                            624.0
                        ],
                        [
                            149.106783,
                            -35.251557,
                            625.4
                        ],
                        [
                            149.106717,
                            -35.251482,
                            626.6
                        ],
                        [
                            149.106696,
                            -35.25144,
                            626.4
                        ],
                        [
                            149.106671,
                            -35.251401,
                            625.2
                        ],
                        [
                            149.106631,
                            -35.251332,
                            624.2
                        ],
                        [
                            149.106558,
                            -35.251216,
                            624.0
                        ],
                        [
                            149.106493,
                            -35.251179,
                            624.2
                        ],
                        [
                            149.106384,
                            -35.251075,
                            625.2
                        ],
                        [
                            149.106328,
                            -35.251046,
                            625.2
                        ],
                        [
                            149.106213,
                            -35.251013,
                            625.2
                        ],
                        [
                            149.1061,
                            -35.251022,
                            625.4
                        ],
                        [
                            149.106,
                            -35.251054,
                            626.4
                        ],
                        [
                            149.105892,
                            -35.251078,
                            627.8
                        ],
                        [
                            149.10583,
                            -35.251084,
                            629.0
                        ],
                        [
                            149.105769,
                            -35.251083,
                            629.2
                        ],
                        [
                            149.105573,
                            -35.251063,
                            627.6
                        ],
                        [
                            149.105374,
                            -35.251033,
                            624.6
                        ],
                        [
                            149.105307,
                            -35.25102,
                            623.8
                        ],
                        [
                            149.105239,
                            -35.251009,
                            623.2
                        ],
                        [
                            149.105036,
                            -35.250972,
                            622.2
                        ],
                        [
                            149.104973,
                            -35.250948,
                            623.8
                        ],
                        [
                            149.104871,
                            -35.250881,
                            627.2
                        ],
                        [
                            149.10483,
                            -35.250839,
                            629.0
                        ],
                        [
                            149.104804,
                            -35.25079,
                            630.0
                        ],
                        [
                            149.10479,
                            -35.250738,
                            630.8
                        ],
                        [
                            149.104792,
                            -35.250674,
                            629.0
                        ],
                        [
                            149.104796,
                            -35.25061,
                            625.8
                        ],
                        [
                            149.104802,
                            -35.250543,
                            621.4
                        ],
                        [
                            149.104809,
                            -35.250473,
                            620.4
                        ],
                        [
                            149.104821,
                            -35.2504,
                            619.2
                        ],
                        [
                            149.104842,
                            -35.250258,
                            618.0
                        ],
                        [
                            149.104877,
                            -35.250037,
                            618.8
                        ],
                        [
                            149.104905,
                            -35.249888,
                            619.0
                        ],
                        [
                            149.104941,
                            -35.249664,
                            618.2
                        ],
                        [
                            149.105,
                            -35.249454,
                            618.2
                        ],
                        [
                            149.105035,
                            -35.249278,
                            616.6
                        ],
                        [
                            149.105022,
                            -35.249231,
                            616.4
                        ],
                        [
                            149.104983,
                            -35.249195,
                            616.2
                        ],
                        [
                            149.104927,
                            -35.249178,
                            616.8
                        ],
                        [
                            149.104866,
                            -35.249165,
                            619.0
                        ],
                        [
                            149.104737,
                            -35.24914,
                            620.2
                        ],
                        [
                            149.10462,
                            -35.249095,
                            619.8
                        ],
                        [
                            149.104562,
                            -35.249065,
                            619.2
                        ],
                        [
                            149.104505,
                            -35.249032,
                            618.8
                        ],
                        [
                            149.104452,
                            -35.248995,
                            618.2
                        ],
                        [
                            149.104303,
                            -35.248872,
                            617.6
                        ],
                        [
                            149.104255,
                            -35.248829,
                            618.2
                        ],
                        [
                            149.104202,
                            -35.248792,
                            618.8
                        ],
                        [
                            149.104085,
                            -35.248726,
                            620.2
                        ],
                        [
                            149.104028,
                            -35.248695,
                            621.4
                        ],
                        [
                            149.103911,
                            -35.248642,
                            622.8
                        ],
                        [
                            149.103612,
                            -35.248516,
                            622.6
                        ],
                        [
                            149.103433,
                            -35.248455,
                            623.8
                        ],
                        [
                            149.103382,
                            -35.248424,
                            624.8
                        ],
                        [
                            149.103334,
                            -35.24839,
                            625.8
                        ],
                        [
                            149.103197,
                            -35.248272,
                            625.0
                        ],
                        [
                            149.103149,
                            -35.248231,
                            624.2
                        ],
                        [
                            149.102993,
                            -35.248115,
                            623.2
                        ],
                        [
                            149.102783,
                            -35.247989,
                            621.8
                        ],
                        [
                            149.10266,
                            -35.247939,
                            620.6
                        ],
                        [
                            149.102456,
                            -35.247894,
                            621.0
                        ],
                        [
                            149.102306,
                            -35.247904,
                            621.2
                        ],
                        [
                            149.102161,
                            -35.247944,
                            621.4
                        ],
                        [
                            149.102036,
                            -35.248003,
                            621.6
                        ],
                        [
                            149.10193,
                            -35.248081,
                            621.8
                        ],
                        [
                            149.101881,
                            -35.248122,
                            621.8
                        ],
                        [
                            149.101836,
                            -35.248164,
                            623.8
                        ],
                        [
                            149.10176,
                            -35.248254,
                            625.8
                        ],
                        [
                            149.101689,
                            -35.248347,
                            624.8
                        ],
                        [
                            149.101599,
                            -35.248486,
                            623.2
                        ],
                        [
                            149.10153,
                            -35.248569,
                            622.6
                        ],
                        [
                            149.101445,
                            -35.248626,
                            623.4
                        ],
                        [
                            149.101354,
                            -35.24862,
                            625.4
                        ],
                        [
                            149.101318,
                            -35.2486,
                            627.0
                        ],
                        [
                            149.101187,
                            -35.248477,
                            627.0
                        ],
                        [
                            149.101048,
                            -35.248394,
                            626.4
                        ],
                        [
                            149.100959,
                            -35.248346,
                            626.8
                        ],
                        [
                            149.100816,
                            -35.248275,
                            625.4
                        ],
                        [
                            149.100606,
                            -35.248181,
                            626.2
                        ],
                        [
                            149.100425,
                            -35.248082,
                            623.8
                        ],
                        [
                            149.100367,
                            -35.248041,
                            623.0
                        ],
                        [
                            149.10033,
                            -35.247996,
                            622.6
                        ],
                        [
                            149.100316,
                            -35.247948,
                            621.6
                        ],
                        [
                            149.100323,
                            -35.24785,
                            621.8
                        ],
                        [
                            149.100315,
                            -35.247805,
                            621.4
                        ],
                        [
                            149.100344,
                            -35.247725,
                            621.0
                        ],
                        [
                            149.100373,
                            -35.247694,
                            620.8
                        ],
                        [
                            149.100404,
                            -35.247659,
                            620.4
                        ],
                        [
                            149.100461,
                            -35.247587,
                            618.0
                        ],
                        [
                            149.100492,
                            -35.247549,
                            617.4
                        ],
                        [
                            149.100556,
                            -35.24747,
                            616.4
                        ],
                        [
                            149.100625,
                            -35.247385,
                            617.0
                        ],
                        [
                            149.100693,
                            -35.247298,
                            617.6
                        ],
                        [
                            149.100716,
                            -35.247249,
                            618.2
                        ],
                        [
                            149.10072,
                            -35.247144,
                            618.4
                        ],
                        [
                            149.100742,
                            -35.246979,
                            618.4
                        ],
                        [
                            149.100798,
                            -35.246876,
                            619.6
                        ],
                        [
                            149.100866,
                            -35.246777,
                            620.6
                        ],
                        [
                            149.100947,
                            -35.246691,
                            620.0
                        ],
                        [
                            149.101006,
                            -35.246666,
                            619.8
                        ],
                        [
                            149.101073,
                            -35.246652,
                            619.2
                        ],
                        [
                            149.101207,
                            -35.24664,
                            618.6
                        ],
                        [
                            149.101275,
                            -35.246643,
                            618.2
                        ],
                        [
                            149.101387,
                            -35.24664,
                            617.0
                        ],
                        [
                            149.101442,
                            -35.246639,
                            616.4
                        ],
                        [
                            149.101539,
                            -35.246645,
                            615.8
                        ],
                        [
                            149.101635,
                            -35.246646,
                            613.8
                        ],
                        [
                            149.101683,
                            -35.246654,
                            613.6
                        ],
                        [
                            149.101731,
                            -35.246674,
                            613.6
                        ],
                        [
                            149.101756,
                            -35.246706,
                            613.4
                        ],
                        [
                            149.101796,
                            -35.24677,
                            613.8
                        ],
                        [
                            149.101895,
                            -35.246909,
                            613.8
                        ],
                        [
                            149.101971,
                            -35.246872,
                            614.4
                        ],
                        [
                            149.10202,
                            -35.24679,
                            613.8
                        ],
                        [
                            149.102028,
                            -35.246783,
                            615.0
                        ],
                        [
                            149.102029,
                            -35.246783,
                            616.4
                        ]
                    ]
                ]
            }
        }
    ]
}