{
"type": "FeatureCollection",
"name": "run",
"crs": { "type": "name", "properties": { "name": "urn:ogc:def:crs:OGC:1.3:CRS84" } },
"features": [
{ "type": "Feature", "properties": { "name": "Morning Run", "type": "running" }, "geometry": { "type": "MultiLineString", "coordinates": [ [ [ 149.071334, -35.420757, 574.8 ], [ 149.071341, -35.420767, 575.0 ], [ 149.071351, -35.42078, 575.0 ], [ 149.071364, -35.420798, 575.0 ], [ 149.071379, -35.420817, 575.2 ], [ 149.071398, -35.420841, 575.2 ], [ 149.071417, -35.420866, 575.2 ], [ 149.071437, -35.420888, 575.2 ], [ 149.071461, -35.420915, 575.2 ], [ 149.071484, -35.420941, 575.2 ], [ 149.071504, -35.420965, 575.2 ], [ 149.071527, -35.420993, 575.2 ], [ 149.071551, -35.421012, 575.2 ], [ 149.071571, -35.421043, 575.4 ], [ 149.071588, -35.421072, 575.4 ], [ 149.071603, -35.421093, 575.4 ], [ 149.071625, -35.421122, 575.4 ], [ 149.071642, -35.42114, 575.4 ], [ 149.071662, -35.42115, 575.4 ], [ 149.071691, -35.421155, 575.4 ], [ 149.071716, -35.42115, 575.4 ], [ 149.071737, -35.421142, 575.4 ], [ 149.071748, -35.421129, 575.4 ], [ 149.071772, -35.421116, 575.4 ], [ 149.071798, -35.421101, 575.4 ], [ 149.071819, -35.421084, 575.4 ], [ 149.071837, -35.421063, 575.4 ], [ 149.071851, -35.421037, 575.4 ], [ 149.07186, -35.421015, 575.4 ], [ 149.071859, -35.420997, 575.4 ], [ 149.07187, -35.420973, 575.4 ], [ 149.071881, -35.420956, 575.4 ], [ 149.071901, -35.420939, 575.4 ], [ 149.071929, -35.420929, 575.4 ], [ 149.071962, -35.420919, 575.4 ], [ 149.071988, -35.420909, 575.2 ], [ 149.072015, -35.420897, 575.2 ], [ 149.072048, -35.420889, 575.0 ], [ 149.072072, -35.42088, 574.8 ], [ 149.072099, -35.420875, 574.8 ], [ 149.072128, -35.420866, 574.6 ], [ 149.072151, -35.420856, 574.6 ], [ 149.072173, -35.420845, 574.4 ], [ 149.072199, -35.420842, 574.4 ], [ 149.072224, -35.420837, 574.4 ], [ 149.072254, -35.420828, 574.4 ], [ 149.072284, -35.420822, 574.4 ], [ 149.072311, -35.420812, 574.4 ], [ 149.072343, -35.420806, 574.4 ], [ 149.072375, -35.420801, 574.4 ], [ 149.072396, -35.420798, 574.4 ], [ 149.072431, -35.420793, 574.2 ], [ 149.072457, -35.420788, 574.2 ], [ 149.072479, -35.420779, 574.0 ], [ 149.072514, -35.420773, 574.0 ], [ 149.072542, -35.420767, 574.0 ], [ 149.072566, -35.420761, 574.0 ], [ 149.072595, -35.420751, 574.0 ], [ 149.072622, -35.420745, 573.8 ], [ 149.072646, -35.420738, 573.8 ], [ 149.072678, -35.420733, 573.6 ], [ 149.072704, -35.420725, 573.6 ], [ 149.072732, -35.420721, 573.4 ], [ 149.072762, -35.420712, 573.4 ], [ 149.072784, -35.420706, 573.4 ], [ 149.072804, -35.420701, 573.2 ], [ 149.072833, -35.420699, 573.2 ], [ 149.072854, -35.420693, 573.2 ], [ 149.072875, -35.420687, 573.0 ], [ 149.072905, -35.420681, 573.0 ], [ 149.072932, -35.420673, 573.0 ], [ 149.072958, -35.420669, 573.0 ], [ 149.072987, -35.420667, 573.0 ], [ 149.073013, -35.42066, 573.0 ], [ 149.073036, -35.420654, 573.0 ], [ 149.073064, -35.420652, 573.0 ], [ 149.073088, -35.420645, 573.0 ], [ 149.073113, -35.420633, 573.0 ], [ 149.073136, -35.42062, 572.8 ], [ 149.073145, -35.420602, 572.6 ], [ 149.073134, -35.420585, 572.6 ], [ 149.073119, -35.420559, 572.6 ], [ 149.073103, -35.42054, 572.4 ], [ 149.073083, -35.420513, 572.4 ], [ 149.073065, -35.420488, 572.6 ], [ 149.073044, -35.420469, 572.6 ], [ 149.073033, -35.42044, 572.6 ], [ 149.073017, -35.420408, 572.6 ], [ 149.073001, -35.420385, 572.6 ], [ 149.072991, -35.420351, 572.6 ], [ 149.072984, -35.420322, 572.6 ], [ 149.072974, -35.420301, 572.6 ], [ 149.072961, -35.420271, 572.6 ], [ 149.072955, -35.420248, 572.6 ], [ 149.072948, -35.420225, 572.6 ], [ 149.072944, -35.420197, 572.6 ], [ 149.07294, -35.420176, 572.6 ], [ 149.072933, -35.420151, 572.6 ], [ 149.072922, -35.420125, 572.6 ], [ 149.072913, -35.420109, 572.6 ], [ 149.072912, -35.420081, 572.6 ], [ 149.072904, -35.420052, 572.6 ], [ 149.072889, -35.42003, 572.8 ], [ 149.072877, -35.419994, 572.8 ], [ 149.072867, -35.419968, 573.0 ], [ 149.07286, -35.41994, 573.0 ], [ 149.072857, -35.419908, 573.2 ], [ 149.072852, -35.419887, 573.2 ], [ 149.072866, -35.419856, 573.4 ], [ 149.072874, -35.419828, 573.4 ], [ 149.072879, -35.419803, 573.6 ], [ 149.072894, -35.419768, 573.6 ], [ 149.072909, -35.419747, 573.6 ], [ 149.072924, -35.419722, 573.8 ], [ 149.072938, -35.419693, 573.8 ], [ 149.072939, -35.419672, 573.8 ], [ 149.072949, -35.41964, 573.8 ], [ 149.072952, -35.419615, 573.6 ], [ 149.072954, -35.419595, 573.6 ], [ 149.072963, -35.419569, 573.4 ], [ 149.072968, -35.419546, 573.4 ], [ 149.072974, -35.419522, 573.4 ], [ 149.072977, -35.419492, 573.2 ], [ 149.072971, -35.41947, 573.2 ], [ 149.072979, -35.419439, 573.0 ], [ 149.072982, -35.419413, 572.8 ], [ 149.072977, -35.419391, 572.8 ], [ 149.072974, -35.419359, 572.8 ], [ 149.072968, -35.419336, 572.8 ], [ 149.072965, -35.419311, 572.8 ], [ 149.072956, -35.419281, 572.8 ], [ 149.072944, -35.419262, 572.8 ], [ 149.072944, -35.419235, 572.6 ], [ 149.072939, -35.41921, 572.6 ], [ 149.072929, -35.419194, 572.6 ], [ 149.072916, -35.419168, 572.8 ], [ 149.072908, -35.419152, 572.8 ], [ 149.072897, -35.41913, 572.8 ], [ 149.072882, -35.419106, 572.8 ], [ 149.072861, -35.419093, 572.8 ], [ 149.072844, -35.419068, 572.8 ], [ 149.072828, -35.419042, 572.8 ], [ 149.072811, -35.419028, 573.0 ], [ 149.072791, -35.419004, 573.0 ], [ 149.072776, -35.418983, 573.2 ], [ 149.072764, -35.418962, 573.2 ], [ 149.072746, -35.418938, 573.4 ], [ 149.07273, -35.418919, 573.4 ], [ 149.072714, -35.418897, 573.4 ], [ 149.072698, -35.418876, 573.4 ], [ 149.072683, -35.418862, 573.2 ], [ 149.072669, -35.418842, 573.2 ], [ 149.072655, -35.418818, 573.2 ], [ 149.072634, -35.4188, 573.0 ], [ 149.07262, -35.418774, 573.0 ], [ 149.072605, -35.418752, 572.8 ], [ 149.072591, -35.418733, 572.8 ], [ 149.072571, -35.418707, 572.6 ], [ 149.072555, -35.41868, 572.4 ], [ 149.072536, -35.418659, 572.4 ], [ 149.072512, -35.418631, 572.4 ], [ 149.072487, -35.41861, 572.4 ], [ 149.072455, -35.418588, 572.2 ], [ 149.072429, -35.418564, 572.2 ], [ 149.072402, -35.418547, 572.0 ], [ 149.072371, -35.418524, 572.0 ], [ 149.072348, -35.418506, 571.8 ], [ 149.07232, -35.418486, 571.8 ], [ 149.072291, -35.418464, 571.8 ], [ 149.072261, -35.418448, 571.8 ], [ 149.072224, -35.418428, 571.8 ], [ 149.072193, -35.418415, 571.8 ], [ 149.072164, -35.4184, 571.8 ], [ 149.072128, -35.418385, 571.8 ], [ 149.072103, -35.418373, 571.8 ], [ 149.07207, -35.418359, 571.8 ], [ 149.07204, -35.418355, 571.8 ], [ 149.07201, -35.418354, 571.8 ], [ 149.071972, -35.418355, 571.8 ], [ 149.071944, -35.418359, 571.8 ], [ 149.071902, -35.418356, 571.8 ], [ 149.071876, -35.418326, 571.8 ], [ 149.07186, -35.4183, 571.8 ], [ 149.071859, -35.418262, 571.8 ], [ 149.071867, -35.418228, 571.8 ], [ 149.071872, -35.418201, 571.8 ], [ 149.071879, -35.418164, 571.8 ], [ 149.071886, -35.418136, 571.6 ], [ 149.071896, -35.418102, 571.6 ], [ 149.071905, -35.418069, 571.6 ], [ 149.07191, -35.418039, 571.6 ], [ 149.071922, -35.418001, 571.6 ], [ 149.071932, -35.417968, 571.4 ], [ 149.071936, -35.41794, 571.4 ], [ 149.071944, -35.417905, 571.2 ], [ 149.071948, -35.417878, 571.2 ], [ 149.071955, -35.417846, 571.0 ], [ 149.071964, -35.417816, 571.2 ], [ 149.071969, -35.417793, 571.0 ], [ 149.071976, -35.417765, 571.2 ], [ 149.071981, -35.417735, 571.2 ], [ 149.071987, -35.417707, 571.0 ], [ 149.071996, -35.417674, 570.8 ], [ 149.071999, -35.417642, 570.8 ], [ 149.072008, -35.417614, 570.4 ], [ 149.072018, -35.417581, 570.2 ], [ 149.072029, -35.41755, 570.0 ], [ 149.072036, -35.417512, 569.8 ], [ 149.07204, -35.41748, 569.8 ], [ 149.072047, -35.417452, 569.8 ], [ 149.072055, -35.417415, 569.6 ], [ 149.072061, -35.417387, 569.6 ], [ 149.072068, -35.417356, 569.8 ], [ 149.07208, -35.417324, 569.6 ], [ 149.072084, -35.417298, 569.6 ], [ 149.072101, -35.417267, 569.8 ], [ 149.072109, -35.417239, 569.8 ], [ 149.072116, -35.417203, 569.8 ], [ 149.072129, -35.417175, 569.8 ], [ 149.072137, -35.417149, 569.8 ], [ 149.072139, -35.417115, 569.8 ], [ 149.072132, -35.417088, 569.8 ], [ 149.072118, -35.41706, 569.8 ], [ 149.0721, -35.417033, 569.8 ], [ 149.072081, -35.417013, 569.8 ], [ 149.072061, -35.416985, 569.8 ], [ 149.072041, -35.416966, 569.8 ], [ 149.072023, -35.416937, 569.6 ], [ 149.072005, -35.416909, 569.8 ], [ 149.071986, -35.416885, 569.8 ], [ 149.071964, -35.416854, 569.8 ], [ 149.071946, -35.416829, 569.8 ], [ 149.071932, -35.416802, 569.6 ], [ 149.071914, -35.416775, 569.6 ], [ 149.0719, -35.416753, 569.6 ], [ 149.071885, -35.41673, 569.6 ], [ 149.071872, -35.416712, 569.6 ], [ 149.071857, -35.416694, 569.6 ], [ 149.071847, -35.416674, 569.6 ], [ 149.071822, -35.416647, 569.6 ], [ 149.071798, -35.416609, 569.6 ], [ 149.071781, -35.416584, 569.6 ], [ 149.071765, -35.416562, 569.6 ], [ 149.071744, -35.416536, 569.6 ], [ 149.071723, -35.416515, 569.8 ], [ 149.071699, -35.416484, 569.8 ], [ 149.071681, -35.416456, 569.6 ], [ 149.071663, -35.416432, 569.6 ], [ 149.071633, -35.416403, 569.8 ], [ 149.071613, -35.416388, 569.8 ], [ 149.07158, -35.416377, 569.8 ], [ 149.071544, -35.416372, 569.8 ], [ 149.071512, -35.416373, 570.0 ], [ 149.07147, -35.416369, 570.0 ], [ 149.071438, -35.416364, 570.0 ], [ 149.0714, -35.416349, 570.0 ], [ 149.07137, -35.416321, 570.0 ], [ 149.071345, -35.4163, 569.8 ], [ 149.071323, -35.41627, 569.8 ], [ 149.071302, -35.416243, 569.8 ], [ 149.071283, -35.416219, 569.6 ], [ 149.071264, -35.416192, 569.6 ], [ 149.071249, -35.416175, 569.6 ], [ 149.071228, -35.416152, 569.6 ], [ 149.071211, -35.416126, 569.6 ], [ 149.07119, -35.416106, 569.6 ], [ 149.071172, -35.416079, 569.6 ], [ 149.071153, -35.416061, 569.4 ], [ 149.071133, -35.416037, 569.4 ], [ 149.071116, -35.41601, 569.4 ], [ 149.071099, -35.415992, 569.4 ], [ 149.071082, -35.415961, 569.4 ], [ 149.071064, -35.415937, 569.4 ], [ 149.071048, -35.415911, 569.4 ], [ 149.071025, -35.415883, 569.4 ], [ 149.071004, -35.41586, 569.4 ], [ 149.070982, -35.415832, 569.4 ], [ 149.070963, -35.415804, 569.6 ], [ 149.070941, -35.415775, 569.6 ], [ 149.070916, -35.415739, 569.6 ], [ 149.070891, -35.415718, 569.6 ], [ 149.070863, -35.415686, 569.6 ], [ 149.070849, -35.415659, 569.6 ], [ 149.070831, -35.415635, 569.4 ], [ 149.070815, -35.415602, 569.4 ], [ 149.070795, -35.41558, 569.4 ], [ 149.07077, -35.415552, 569.6 ], [ 149.070749, -35.415525, 569.6 ], [ 149.070735, -35.415508, 569.6 ], [ 149.070715, -35.415475, 569.6 ], [ 149.070693, -35.415453, 569.6 ], [ 149.070668, -35.415426, 569.6 ], [ 149.070653, -35.415399, 569.6 ], [ 149.070634, -35.415378, 569.6 ], [ 149.070613, -35.415345, 569.6 ], [ 149.070599, -35.415324, 569.6 ], [ 149.070582, -35.415297, 569.6 ], [ 149.070568, -35.41527, 569.6 ], [ 149.070554, -35.415245, 569.6 ], [ 149.070538, -35.415218, 569.6 ], [ 149.070514, -35.415197, 569.6 ], [ 149.070489, -35.415178, 569.6 ], [ 149.070462, -35.415161, 569.6 ], [ 149.070436, -35.415144, 569.6 ], [ 149.070402, -35.415129, 569.8 ], [ 149.070367, -35.415118, 569.8 ], [ 149.070329, -35.415109, 569.8 ], [ 149.070294, -35.415101, 569.8 ], [ 149.070261, -35.415095, 570.0 ], [ 149.070217, -35.415093, 570.0 ], [ 149.07018, -35.415092, 570.0 ], [ 149.070143, -35.415098, 570.0 ], [ 149.0701, -35.415103, 570.0 ], [ 149.070067, -35.415112, 569.8 ], [ 149.070026, -35.415125, 569.8 ], [ 149.069989, -35.415138, 569.8 ], [ 149.069958, -35.415151, 569.8 ], [ 149.069915, -35.415159, 569.8 ], [ 149.069882, -35.415153, 569.6 ], [ 149.069855, -35.415139, 569.6 ], [ 149.069831, -35.415113, 569.6 ], [ 149.06981, -35.415092, 569.6 ], [ 149.069782, -35.415068, 569.6 ], [ 149.069762, -35.415045, 569.6 ], [ 149.06974, -35.415015, 569.4 ], [ 149.069721, -35.414986, 569.4 ], [ 149.069702, -35.41496, 569.4 ], [ 149.069676, -35.414939, 569.4 ], [ 149.069655, -35.414935, 569.4 ], [ 149.069615, -35.414941, 569.4 ], [ 149.069578, -35.414956, 569.4 ], [ 149.069554, -35.414966, 569.4 ], [ 149.069516, -35.414986, 569.4 ], [ 149.069484, -35.414998, 569.4 ], [ 149.069453, -35.415012, 569.6 ], [ 149.069423, -35.415011, 569.6 ], [ 149.069394, -35.414995, 569.6 ], [ 149.069378, -35.414969, 569.6 ], [ 149.06936, -35.414942, 569.6 ], [ 149.069337, -35.414919, 569.6 ], [ 149.069308, -35.414886, 569.6 ], [ 149.069283, -35.414861, 569.6 ], [ 149.069255, -35.414831, 569.6 ], [ 149.069233, -35.414807, 569.6 ], [ 149.069207, -35.414787, 569.6 ], [ 149.06918, -35.414756, 569.6 ], [ 149.069175, -35.414735, 569.6 ], [ 149.069168, -35.414707, 569.6 ], [ 149.06917, -35.414682, 569.6 ], [ 149.06917, -35.414663, 569.6 ], [ 149.069173, -35.41464, 569.6 ], [ 149.069177, -35.414617, 569.6 ], [ 149.069178, -35.414588, 569.4 ], [ 149.069188, -35.414555, 569.4 ], [ 149.069197, -35.414527, 569.4 ], [ 149.069209, -35.414486, 569.6 ], [ 149.06922, -35.414454, 569.6 ], [ 149.06922, -35.414426, 569.6 ], [ 149.06921, -35.414395, 569.4 ], [ 149.069201, -35.414368, 569.4 ], [ 149.069208, -35.414333, 569.2 ], [ 149.069219, -35.414302, 569.4 ], [ 149.069229, -35.414273, 569.4 ], [ 149.069249, -35.414242, 569.6 ], [ 149.069263, -35.414218, 569.8 ], [ 149.069272, -35.414187, 569.8 ], [ 149.069282, -35.414156, 569.6 ], [ 149.069286, -35.414129, 569.6 ], [ 149.069299, -35.414088, 569.4 ], [ 149.069305, -35.414059, 569.4 ], [ 149.069317, -35.414029, 569.4 ], [ 149.06933, -35.414, 569.4 ], [ 149.069333, -35.413976, 569.4 ], [ 149.069346, -35.413945, 569.4 ], [ 149.069355, -35.413921, 569.4 ], [ 149.069364, -35.413895, 569.4 ], [ 149.069384, -35.41386, 569.4 ], [ 149.069388, -35.413835, 569.4 ], [ 149.069394, -35.413808, 569.4 ], [ 149.069392, -35.413776, 569.4 ], [ 149.069383, -35.413757, 569.4 ], [ 149.069366, -35.413726, 569.4 ], [ 149.06935, -35.413706, 569.4 ], [ 149.069329, -35.413681, 569.4 ], [ 149.069306, -35.413651, 569.4 ], [ 149.069286, -35.41363, 569.4 ], [ 149.069263, -35.413599, 569.4 ], [ 149.069246, -35.413575, 569.4 ], [ 149.069227, -35.413557, 569.4 ], [ 149.069205, -35.413529, 569.4 ], [ 149.069186, -35.413509, 569.4 ], [ 149.069165, -35.413483, 569.4 ], [ 149.069146, -35.413453, 569.4 ], [ 149.06913, -35.41343, 569.4 ], [ 149.069111, -35.413395, 569.4 ], [ 149.069097, -35.413373, 569.4 ], [ 149.069081, -35.413346, 569.4 ], [ 149.069067, -35.413317, 569.4 ], [ 149.069044, -35.413296, 569.6 ], [ 149.069005, -35.413278, 569.6 ], [ 149.068972, -35.413265, 569.6 ], [ 149.068941, -35.413254, 569.6 ], [ 149.068916, -35.413234, 569.6 ], [ 149.068896, -35.413217, 569.6 ], [ 149.068874, -35.413194, 569.6 ], [ 149.068859, -35.413166, 569.6 ], [ 149.06884, -35.413142, 569.6 ], [ 149.068821, -35.413107, 569.6 ], [ 149.068799, -35.413087, 569.6 ], [ 149.06878, -35.413059, 569.6 ], [ 149.068765, -35.41303, 569.6 ], [ 149.068754, -35.413006, 569.6 ], [ 149.068754, -35.41297, 569.6 ], [ 149.068753, -35.412939, 569.6 ], [ 149.068751, -35.412905, 569.6 ], [ 149.068737, -35.412875, 569.4 ], [ 149.068717, -35.412852, 569.4 ], [ 149.068699, -35.412825, 569.4 ], [ 149.068675, -35.412807, 569.4 ], [ 149.068661, -35.41278, 569.4 ], [ 149.068643, -35.412755, 569.4 ], [ 149.06862, -35.412732, 569.6 ], [ 149.068599, -35.412704, 569.6 ], [ 149.068574, -35.412681, 569.6 ], [ 149.068557, -35.412653, 569.6 ], [ 149.068541, -35.412624, 569.6 ], [ 149.06852, -35.412601, 569.4 ], [ 149.0685, -35.412571, 569.4 ], [ 149.068476, -35.412552, 569.4 ], [ 149.068443, -35.412532, 569.4 ], [ 149.068409, -35.41252, 569.4 ], [ 149.068378, -35.412513, 569.4 ], [ 149.068339, -35.412503, 569.4 ], [ 149.068309, -35.412491, 569.4 ], [ 149.068278, -35.41247, 569.4 ], [ 149.068254, -35.412446, 569.4 ], [ 149.068232, -35.412427, 569.4 ], [ 149.068212, -35.412399, 569.4 ], [ 149.068198, -35.412372, 569.4 ], [ 149.068177, -35.412347, 569.4 ], [ 149.068164, -35.412322, 569.4 ], [ 149.068149, -35.412306, 569.4 ], [ 149.068137, -35.412281, 569.4 ], [ 149.068123, -35.412263, 569.4 ], [ 149.068111, -35.412241, 569.4 ], [ 149.068095, -35.412211, 569.4 ], [ 149.068073, -35.412191, 569.4 ], [ 149.068043, -35.412164, 569.4 ], [ 149.068015, -35.412144, 569.4 ], [ 149.067987, -35.412124, 569.4 ], [ 149.067964, -35.412095, 569.4 ], [ 149.067944, -35.412074, 569.4 ], [ 149.067919, -35.412048, 569.4 ], [ 149.067898, -35.412019, 569.4 ], [ 149.067872, -35.411996, 569.4 ], [ 149.067848, -35.411962, 569.4 ], [ 149.067827, -35.411938, 569.4 ], [ 149.067807, -35.411913, 569.4 ], [ 149.067788, -35.411882, 569.4 ], [ 149.067771, -35.411857, 569.4 ], [ 149.067758, -35.411828, 569.4 ], [ 149.067746, -35.411804, 569.4 ], [ 149.067732, -35.41178, 569.4 ], [ 149.067714, -35.411749, 569.2 ], [ 149.067697, -35.411727, 569.2 ], [ 149.067668, -35.411702, 569.2 ], [ 149.06764, -35.411682, 569.2 ], [ 149.06761, -35.411669, 569.2 ], [ 149.067568, -35.411659, 569.2 ], [ 149.067535, -35.411656, 569.4 ], [ 149.067494, -35.41166, 569.4 ], [ 149.067456, -35.411664, 569.4 ], [ 149.067424, -35.411676, 569.6 ], [ 149.067384, -35.411685, 569.6 ], [ 149.067351, -35.411692, 569.8 ], [ 149.067314, -35.411703, 570.0 ], [ 149.067277, -35.411712, 570.2 ], [ 149.067244, -35.411718, 570.2 ], [ 149.0672, -35.411721, 570.4 ], [ 149.06717, -35.411731, 570.6 ], [ 149.067124, -35.411733, 570.6 ], [ 149.067086, -35.411735, 570.8 ], [ 149.06705, -35.411733, 571.0 ], [ 149.067013, -35.411722, 571.2 ], [ 149.066974, -35.41172, 571.4 ], [ 149.066934, -35.411707, 571.6 ], [ 149.066905, -35.411694, 571.6 ], [ 149.066879, -35.411682, 571.8 ], [ 149.066844, -35.411669, 571.8 ], [ 149.066815, -35.411666, 571.6 ], [ 149.066782, -35.411658, 571.6 ], [ 149.066745, -35.411645, 571.4 ], [ 149.066715, -35.411641, 571.4 ], [ 149.06667, -35.411632, 571.2 ], [ 149.06663, -35.411625, 571.2 ], [ 149.066595, -35.411625, 571.0 ], [ 149.066554, -35.411617, 570.8 ], [ 149.06652, -35.411619, 570.8 ], [ 149.066476, -35.411617, 570.8 ], [ 149.066441, -35.411608, 570.8 ], [ 149.066407, -35.4116, 570.8 ], [ 149.066373, -35.411578, 570.8 ], [ 149.066343, -35.411563, 570.8 ], [ 149.066308, -35.411543, 570.8 ], [ 149.066278, -35.411519, 570.8 ], [ 149.066249, -35.411506, 570.8 ], [ 149.066208, -35.411492, 570.8 ], [ 149.066175, -35.411482, 570.8 ], [ 149.066137, -35.411473, 570.8 ], [ 149.066104, -35.411467, 570.8 ], [ 149.066073, -35.411465, 570.8 ], [ 149.066035, -35.411456, 570.8 ], [ 149.066004, -35.411456, 570.6 ], [ 149.065972, -35.411449, 570.6 ], [ 149.065929, -35.411442, 570.6 ], [ 149.065894, -35.411434, 570.6 ], [ 149.065849, -35.411421, 570.6 ], [ 149.065816, -35.411408, 570.6 ], [ 149.065779, -35.411396, 570.6 ], [ 149.065746, -35.411381, 570.6 ], [ 149.065719, -35.411369, 570.6 ], [ 149.065688, -35.411353, 570.6 ], [ 149.065658, -35.411341, 570.6 ], [ 149.06563, -35.411331, 570.6 ], [ 149.065597, -35.41132, 570.6 ], [ 149.065573, -35.411314, 570.6 ], [ 149.065535, -35.411306, 570.6 ], [ 149.065506, -35.411302, 570.6 ], [ 149.065472, -35.411294, 570.6 ], [ 149.06543, -35.411279, 570.6 ], [ 149.065391, -35.41127, 570.6 ], [ 149.065348, -35.41126, 570.6 ], [ 149.065309, -35.411247, 570.6 ], [ 149.065277, -35.41124, 570.6 ], [ 149.065238, -35.411232, 570.6 ], [ 149.065205, -35.411229, 570.6 ], [ 149.065169, -35.411227, 570.6 ], [ 149.065134, -35.41122, 570.6 ], [ 149.065102, -35.411217, 570.8 ], [ 149.065062, -35.411212, 570.8 ], [ 149.065031, -35.411214, 570.6 ], [ 149.064991, -35.411211, 570.6 ], [ 149.064955, -35.411203, 570.6 ], [ 149.064923, -35.411203, 570.6 ], [ 149.064882, -35.411195, 570.6 ], [ 149.064848, -35.411202, 570.8 ], [ 149.064804, -35.411199, 570.6 ], [ 149.064763, -35.411194, 570.6 ], [ 149.064728, -35.411193, 570.6 ], [ 149.064685, -35.411185, 570.6 ], [ 149.064653, -35.411179, 570.6 ], [ 149.064616, -35.411169, 570.6 ], [ 149.064582, -35.411158, 570.6 ], [ 149.064551, -35.411154, 570.6 ], [ 149.064511, -35.411143, 570.6 ], [ 149.064488, -35.411126, 570.6 ], [ 149.064456, -35.411108, 570.8 ], [ 149.064428, -35.411088, 570.8 ], [ 149.064399, -35.411071, 570.8 ], [ 149.064365, -35.411047, 570.8 ], [ 149.064347, -35.411022, 570.8 ], [ 149.064332, -35.410997, 570.8 ], [ 149.064329, -35.410966, 570.8 ], [ 149.064321, -35.410945, 570.8 ], [ 149.064317, -35.410916, 570.8 ], [ 149.064321, -35.410891, 570.8 ], [ 149.064319, -35.410864, 571.0 ], [ 149.064324, -35.410828, 571.0 ], [ 149.064317, -35.410799, 571.0 ], [ 149.064315, -35.410767, 571.0 ], [ 149.064307, -35.410737, 571.2 ], [ 149.064293, -35.410716, 571.2 ], [ 149.064272, -35.410686, 571.2 ], [ 149.064252, -35.410669, 571.4 ], [ 149.064229, -35.410645, 571.4 ], [ 149.06421, -35.410618, 571.4 ], [ 149.064189, -35.410597, 571.6 ], [ 149.064169, -35.410571, 571.6 ], [ 149.064148, -35.410549, 571.6 ], [ 149.06413, -35.410521, 571.6 ], [ 149.064111, -35.410493, 571.8 ], [ 149.064092, -35.410467, 571.8 ], [ 149.064073, -35.410433, 572.0 ], [ 149.064051, -35.410405, 572.0 ], [ 149.064032, -35.410376, 572.2 ], [ 149.064012, -35.410345, 572.2 ], [ 149.063985, -35.410326, 572.2 ], [ 149.063957, -35.410305, 572.2 ], [ 149.063934, -35.410282, 572.2 ], [ 149.063911, -35.410261, 572.2 ], [ 149.063878, -35.410242, 572.0 ], [ 149.063845, -35.410232, 572.0 ], [ 149.063809, -35.410224, 571.8 ], [ 149.063775, -35.410218, 571.8 ], [ 149.063745, -35.410213, 571.8 ], [ 149.063706, -35.410206, 571.6 ], [ 149.063673, -35.4102, 571.6 ], [ 149.063638, -35.410192, 571.4 ], [ 149.0636, -35.410183, 571.4 ], [ 149.063567, -35.410176, 571.2 ], [ 149.063529, -35.410164, 571.2 ], [ 149.063497, -35.410155, 571.0 ], [ 149.063463, -35.410147, 571.0 ], [ 149.063421, -35.41014, 571.0 ], [ 149.063389, -35.410132, 571.0 ], [ 149.063353, -35.410124, 571.0 ], [ 149.063322, -35.410114, 571.2 ], [ 149.063284, -35.410108, 571.2 ], [ 149.063244, -35.410096, 571.2 ], [ 149.063211, -35.410089, 571.2 ], [ 149.063171, -35.410076, 571.4 ], [ 149.06314, -35.410069, 571.4 ], [ 149.063106, -35.41006, 571.4 ], [ 149.063071, -35.410046, 571.4 ], [ 149.063038, -35.410037, 571.6 ], [ 149.063, -35.410022, 571.6 ], [ 149.062968, -35.410008, 571.6 ], [ 149.062936, -35.409993, 571.6 ], [ 149.062896, -35.409975, 571.8 ], [ 149.062867, -35.409959, 571.8 ], [ 149.062834, -35.409931, 571.8 ], [ 149.062813, -35.409902, 571.8 ], [ 149.062793, -35.409883, 571.8 ], [ 149.062778, -35.409853, 572.0 ], [ 149.062764, -35.409831, 572.0 ], [ 149.062753, -35.409801, 572.0 ], [ 149.062747, -35.409774, 572.2 ], [ 149.062742, -35.409752, 572.4 ], [ 149.062739, -35.409715, 572.4 ], [ 149.062739, -35.409685, 572.6 ], [ 149.062738, -35.409647, 572.8 ], [ 149.062746, -35.40961, 572.8 ], [ 149.062749, -35.409583, 572.8 ], [ 149.062763, -35.409552, 573.0 ], [ 149.062771, -35.409526, 573.0 ], [ 149.062786, -35.409498, 573.0 ], [ 149.062805, -35.409469, 573.0 ], [ 149.062815, -35.409443, 573.2 ], [ 149.062831, -35.409413, 573.2 ], [ 149.062847, -35.409387, 573.0 ], [ 149.062865, -35.409361, 573.0 ], [ 149.062887, -35.409326, 573.0 ], [ 149.062898, -35.409304, 573.0 ], [ 149.062918, -35.40927, 573.0 ], [ 149.062933, -35.409252, 573.2 ], [ 149.062951, -35.409226, 573.2 ], [ 149.06297, -35.409201, 573.0 ], [ 149.062981, -35.409178, 573.0 ], [ 149.063005, -35.409145, 573.0 ], [ 149.063022, -35.409122, 573.0 ], [ 149.06304, -35.4091, 573.0 ], [ 149.06306, -35.409072, 573.0 ], [ 149.063073, -35.40905, 573.0 ], [ 149.063093, -35.409021, 573.0 ], [ 149.063107, -35.408997, 573.2 ], [ 149.063117, -35.408972, 573.2 ], [ 149.06314, -35.408938, 573.2 ], [ 149.063148, -35.408914, 573.2 ], [ 149.063165, -35.408882, 573.2 ], [ 149.06318, -35.408858, 573.4 ], [ 149.063194, -35.408835, 573.4 ], [ 149.063212, -35.408803, 573.4 ], [ 149.063223, -35.408784, 573.4 ], [ 149.063239, -35.408755, 573.4 ], [ 149.063256, -35.408729, 573.4 ], [ 149.063269, -35.408706, 573.4 ], [ 149.063291, -35.408675, 573.4 ], [ 149.063305, -35.408653, 573.4 ], [ 149.06332, -35.408627, 573.6 ], [ 149.063339, -35.408599, 573.6 ], [ 149.063349, -35.408576, 573.6 ], [ 149.063372, -35.408548, 573.6 ], [ 149.063382, -35.408526, 573.6 ], [ 149.063394, -35.408498, 573.6 ], [ 149.06341, -35.408466, 573.6 ], [ 149.063424, -35.408442, 573.6 ], [ 149.063444, -35.408408, 573.6 ], [ 149.063458, -35.40838, 573.6 ], [ 149.063472, -35.408359, 573.8 ], [ 149.063494, -35.408328, 573.8 ], [ 149.063509, -35.408306, 573.8 ], [ 149.063524, -35.40828, 573.8 ], [ 149.063547, -35.40825, 573.6 ], [ 149.063562, -35.408228, 573.4 ], [ 149.063586, -35.408199, 573.2 ], [ 149.063605, -35.40817, 573.2 ], [ 149.063614, -35.408145, 573.0 ], [ 149.063635, -35.40811, 573.0 ], [ 149.063646, -35.408087, 573.0 ], [ 149.063662, -35.408059, 572.8 ], [ 149.063676, -35.408033, 572.8 ], [ 149.063682, -35.408009, 572.8 ], [ 149.0637, -35.407973, 572.8 ], [ 149.063712, -35.40795, 572.8 ], [ 149.063725, -35.407922, 572.8 ], [ 149.063743, -35.407893, 572.8 ], [ 149.063748, -35.407868, 572.8 ], [ 149.063765, -35.407836, 572.8 ], [ 149.063778, -35.407814, 572.8 ], [ 149.06379, -35.407789, 573.0 ], [ 149.063808, -35.407761, 573.0 ], [ 149.063812, -35.407733, 573.0 ], [ 149.063829, -35.407698, 573.0 ], [ 149.063844, -35.407674, 573.0 ], [ 149.063853, -35.407647, 573.0 ], [ 149.063872, -35.40762, 573.0 ], [ 149.063883, -35.407592, 573.0 ], [ 149.063902, -35.40756, 573.0 ], [ 149.063917, -35.407533, 573.0 ], [ 149.063926, -35.407508, 573.0 ], [ 149.063947, -35.407476, 573.0 ], [ 149.063955, -35.407452, 573.0 ], [ 149.063972, -35.407422, 573.0 ], [ 149.063987, -35.407398, 573.0 ], [ 149.063992, -35.407373, 573.0 ], [ 149.064009, -35.407337, 573.0 ], [ 149.064017, -35.407314, 573.0 ], [ 149.064035, -35.407284, 573.0 ], [ 149.064053, -35.40726, 573.0 ], [ 149.064061, -35.407236, 573.0 ], [ 149.064077, -35.4072, 573.0 ], [ 149.064086, -35.407176, 573.0 ], [ 149.064101, -35.40715, 573.0 ], [ 149.064121, -35.407126, 573.0 ], [ 149.064128, -35.407101, 573.0 ], [ 149.064147, -35.407067, 573.0 ], [ 149.06416, -35.407041, 573.0 ], [ 149.064173, -35.407008, 573.0 ], [ 149.064192, -35.40698, 573.0 ], [ 149.064199, -35.406955, 573.0 ], [ 149.064216, -35.406921, 573.0 ], [ 149.064221, -35.406894, 573.0 ], [ 149.064234, -35.406865, 573.0 ], [ 149.06425, -35.406833, 573.0 ], [ 149.064259, -35.406809, 573.0 ], [ 149.064272, -35.406774, 573.0 ], [ 149.064276, -35.406747, 573.0 ], [ 149.064288, -35.406716, 573.0 ], [ 149.064305, -35.406686, 573.0 ], [ 149.064316, -35.406662, 573.0 ], [ 149.06433, -35.406626, 573.0 ], [ 149.06434, -35.406601, 573.0 ], [ 149.064356, -35.40657, 573.0 ], [ 149.064373, -35.406542, 573.0 ], [ 149.064379, -35.406517, 573.0 ], [ 149.064395, -35.406479, 573.0 ], [ 149.064402, -35.406453, 573.0 ], [ 149.064414, -35.406424, 573.0 ], [ 149.064429, -35.406397, 573.0 ], [ 149.064433, -35.406372, 573.0 ], [ 149.064443, -35.406337, 573.0 ], [ 149.064449, -35.406312, 573.0 ], [ 149.064459, -35.406282, 573.0 ], [ 149.064477, -35.40625, 573.0 ], [ 149.064481, -35.406225, 573.0 ], [ 149.064496, -35.406189, 573.0 ], [ 149.064505, -35.406164, 573.0 ], [ 149.064512, -35.406137, 573.0 ], [ 149.064528, -35.406109, 573.0 ], [ 149.064537, -35.406084, 572.8 ], [ 149.064556, -35.406053, 573.0 ], [ 149.064579, -35.406032, 573.0 ], [ 149.064599, -35.406016, 572.8 ], [ 149.064628, -35.405992, 573.0 ], [ 149.064659, -35.405975, 572.8 ], [ 149.064694, -35.405955, 572.8 ], [ 149.064733, -35.405953, 572.8 ], [ 149.064765, -35.405949, 572.8 ], [ 149.06481, -35.405948, 572.6 ], [ 149.064845, -35.405946, 572.6 ], [ 149.064885, -35.405946, 572.6 ], [ 149.064928, -35.405952, 572.4 ], [ 149.064961, -35.40595, 572.4 ], [ 149.065001, -35.405954, 572.4 ], [ 149.065037, -35.40596, 572.4 ], [ 149.065073, -35.405966, 572.4 ], [ 149.065112, -35.405979, 572.2 ], [ 149.065144, -35.405982, 572.2 ], [ 149.065189, -35.405995, 572.2 ], [ 149.065225, -35.406006, 572.2 ], [ 149.065256, -35.406013, 572.2 ], [ 149.065294, -35.406028, 572.4 ], [ 149.065323, -35.406033, 572.4 ], [ 149.06536, -35.406044, 572.2 ], [ 149.065396, -35.406052, 572.4 ], [ 149.065427, -35.406059, 572.2 ], [ 149.065467, -35.406072, 572.2 ], [ 149.065498, -35.406082, 572.0 ], [ 149.065532, -35.406096, 572.0 ], [ 149.065565, -35.406108, 572.0 ], [ 149.065597, -35.406116, 572.2 ], [ 149.065638, -35.406135, 572.2 ], [ 149.065668, -35.406147, 572.4 ], [ 149.0657, -35.406161, 572.4 ], [ 149.065737, -35.406177, 572.4 ], [ 149.065767, -35.406185, 572.4 ], [ 149.065803, -35.406198, 572.4 ], [ 149.065831, -35.406217, 572.4 ], [ 149.065855, -35.406231, 572.4 ], [ 149.065885, -35.406253, 572.4 ], [ 149.065911, -35.406269, 572.2 ], [ 149.065944, -35.40629, 572.2 ], [ 149.065972, -35.40631, 572.2 ], [ 149.065995, -35.406319, 572.0 ], [ 149.066032, -35.406335, 572.0 ], [ 149.066064, -35.406339, 572.0 ], [ 149.066102, -35.40634, 572.0 ], [ 149.06614, -35.406333, 572.0 ], [ 149.066167, -35.406322, 571.8 ], [ 149.0662, -35.406309, 571.8 ], [ 149.066224, -35.40629, 571.6 ], [ 149.066251, -35.406266, 571.6 ], [ 149.066284, -35.406237, 571.6 ], [ 149.066296, -35.406213, 571.4 ], [ 149.066317, -35.406183, 571.4 ], [ 149.066336, -35.406155, 571.2 ], [ 149.06635, -35.406133, 571.0 ], [ 149.06637, -35.406105, 571.0 ], [ 149.066388, -35.40608, 571.0 ], [ 149.066396, -35.406058, 570.8 ], [ 149.066417, -35.406024, 570.8 ], [ 149.066429, -35.405997, 570.8 ], [ 149.066448, -35.405967, 570.8 ], [ 149.066459, -35.405938, 570.6 ], [ 149.066463, -35.405913, 570.6 ], [ 149.066472, -35.405883, 570.6 ], [ 149.06648, -35.405855, 570.6 ], [ 149.066491, -35.405826, 570.6 ], [ 149.066503, -35.405794, 570.6 ], [ 149.066506, -35.405769, 570.6 ], [ 149.066517, -35.405732, 570.6 ], [ 149.066521, -35.405701, 570.4 ], [ 149.066527, -35.40567, 570.4 ], [ 149.066539, -35.405636, 570.4 ], [ 149.066544, -35.405608, 570.4 ], [ 149.06656, -35.405578, 570.2 ], [ 149.066571, -35.40555, 570.2 ], [ 149.06658, -35.405521, 570.2 ], [ 149.066593, -35.405488, 570.2 ], [ 149.066603, -35.405456, 570.0 ], [ 149.066613, -35.405429, 570.0 ], [ 149.066623, -35.4054, 570.0 ], [ 149.066624, -35.405376, 569.8 ], [ 149.066634, -35.405341, 569.8 ], [ 149.066643, -35.40531, 569.8 ], [ 149.066657, -35.405275, 569.6 ], [ 149.066667, -35.405245, 569.6 ], [ 149.066669, -35.405221, 569.6 ], [ 149.06668, -35.405188, 569.6 ], [ 149.066689, -35.405162, 569.6 ], [ 149.066701, -35.405133, 569.6 ], [ 149.06671, -35.405103, 569.6 ], [ 149.066718, -35.405076, 569.6 ], [ 149.066733, -35.405039, 569.8 ], [ 149.066741, -35.405015, 569.8 ], [ 149.066753, -35.404985, 569.8 ], [ 149.06677, -35.404953, 569.8 ], [ 149.066782, -35.404927, 569.8 ], [ 149.066803, -35.404895, 569.8 ], [ 149.066815, -35.404868, 570.0 ], [ 149.066826, -35.404843, 570.0 ], [ 149.066844, -35.404807, 570.0 ], [ 149.066856, -35.404781, 570.0 ], [ 149.066872, -35.404753, 570.2 ], [ 149.066892, -35.404724, 570.2 ], [ 149.06691, -35.404702, 570.2 ], [ 149.066933, -35.404672, 570.2 ], [ 149.066946, -35.404641, 570.2 ], [ 149.06696, -35.404614, 570.2 ], [ 149.066978, -35.404584, 570.2 ], [ 149.066988, -35.404555, 570.4 ], [ 149.066997, -35.404519, 570.4 ], [ 149.067006, -35.404486, 570.4 ], [ 149.067014, -35.404459, 570.4 ], [ 149.067023, -35.404422, 570.4 ], [ 149.067025, -35.404392, 570.4 ], [ 149.067029, -35.404361, 570.4 ], [ 149.067035, -35.40433, 570.6 ], [ 149.06703, -35.404306, 570.4 ], [ 149.067028, -35.404273, 570.6 ], [ 149.067023, -35.404242, 570.6 ], [ 149.067019, -35.404218, 570.6 ], [ 149.067026, -35.404184, 570.4 ], [ 149.067015, -35.404158, 570.6 ], [ 149.067004, -35.404129, 570.4 ], [ 149.067003, -35.4041, 570.4 ], [ 149.066996, -35.404075, 570.4 ], [ 149.06699, -35.40404, 570.6 ], [ 149.06698, -35.404013, 570.4 ], [ 149.06697, -35.403984, 570.4 ], [ 149.066966, -35.403953, 570.4 ], [ 149.066952, -35.40393, 570.4 ], [ 149.066944, -35.403899, 570.4 ], [ 149.066942, -35.403866, 570.6 ], [ 149.066936, -35.403842, 570.6 ], [ 149.066935, -35.403809, 570.6 ], [ 149.066931, -35.403784, 570.6 ], [ 149.06693, -35.403751, 570.6 ], [ 149.066932, -35.403721, 570.6 ], [ 149.066931, -35.403694, 570.6 ], [ 149.066945, -35.403656, 570.6 ], [ 149.066948, -35.403628, 570.6 ], [ 149.066956, -35.403595, 570.6 ], [ 149.066968, -35.403565, 570.6 ], [ 149.066972, -35.403537, 570.6 ], [ 149.066986, -35.403501, 570.6 ], [ 149.066989, -35.403477, 570.6 ], [ 149.067002, -35.403446, 570.4 ], [ 149.067019, -35.403418, 570.4 ], [ 149.067026, -35.403391, 570.4 ], [ 149.067046, -35.403354, 570.4 ], [ 149.06705, -35.403328, 570.4 ], [ 149.067061, -35.4033, 570.4 ], [ 149.067076, -35.403272, 570.2 ], [ 149.067083, -35.40325, 570.2 ], [ 149.067095, -35.40322, 570.2 ], [ 149.067112, -35.403201, 570.2 ], [ 149.067124, -35.403174, 570.2 ], [ 149.067141, -35.403148, 570.2 ], [ 149.067151, -35.403122, 570.2 ], [ 149.067172, -35.403088, 570.2 ], [ 149.067191, -35.403064, 570.0 ], [ 149.067204, -35.403036, 570.0 ], [ 149.067223, -35.403007, 570.2 ], [ 149.067238, -35.402981, 570.0 ], [ 149.067255, -35.402961, 570.0 ], [ 149.067271, -35.402939, 570.0 ], [ 149.067287, -35.402919, 569.8 ], [ 149.067318, -35.402898, 569.8 ], [ 149.067344, -35.402881, 569.8 ], [ 149.067378, -35.402864, 570.0 ], [ 149.067417, -35.402859, 570.0 ], [ 149.06745, -35.402847, 570.0 ], [ 149.067499, -35.402836, 570.0 ], [ 149.067537, -35.402838, 570.2 ], [ 149.067571, -35.402836, 570.2 ], [ 149.067615, -35.402837, 570.2 ], [ 149.067649, -35.402833, 570.4 ], [ 149.06769, -35.40283, 570.4 ], [ 149.067733, -35.402829, 570.4 ], [ 149.067759, -35.402821, 570.4 ], [ 149.067804, -35.402817, 570.4 ], [ 149.067834, -35.402813, 570.6 ], [ 149.067862, -35.402802, 570.6 ], [ 149.067897, -35.402787, 570.8 ], [ 149.06792, -35.402767, 570.8 ], [ 149.067951, -35.402748, 571.0 ], [ 149.067977, -35.402735, 571.0 ], [ 149.067994, -35.402718, 571.0 ], [ 149.068024, -35.402692, 571.0 ], [ 149.068049, -35.402675, 571.0 ], [ 149.068071, -35.402654, 571.0 ], [ 149.068105, -35.402632, 571.0 ], [ 149.068127, -35.402608, 571.0 ], [ 149.068156, -35.402583, 571.0 ], [ 149.068184, -35.402566, 571.0 ], [ 149.068205, -35.402546, 571.0 ], [ 149.068229, -35.402521, 571.0 ], [ 149.06825, -35.402499, 571.0 ], [ 149.068272, -35.402478, 571.0 ], [ 149.0683, -35.40246, 571.0 ], [ 149.068323, -35.402439, 571.0 ], [ 149.06835, -35.402413, 571.0 ], [ 149.068371, -35.402392, 570.8 ], [ 149.068392, -35.40237, 570.8 ], [ 149.068424, -35.402348, 570.8 ], [ 149.068444, -35.402328, 570.8 ], [ 149.068471, -35.402304, 570.8 ], [ 149.0685, -35.402287, 570.8 ], [ 149.068522, -35.40227, 570.8 ], [ 149.068554, -35.402246, 570.8 ], [ 149.068576, -35.402227, 570.8 ], [ 149.068602, -35.402202, 570.8 ], [ 149.068629, -35.402186, 570.8 ], [ 149.068652, -35.402169, 570.8 ], [ 149.068682, -35.402146, 570.8 ], [ 149.068702, -35.402125, 570.8 ], [ 149.068724, -35.402099, 570.8 ], [ 149.06875, -35.402079, 570.8 ], [ 149.068772, -35.402064, 570.8 ], [ 149.068801, -35.402041, 570.8 ], [ 149.068821, -35.402022, 570.8 ], [ 149.068842, -35.401999, 570.8 ], [ 149.068868, -35.401975, 570.8 ], [ 149.068884, -35.401953, 570.8 ], [ 149.068906, -35.401921, 570.8 ], [ 149.068928, -35.4019, 570.8 ], [ 149.068945, -35.401878, 570.8 ], [ 149.068973, -35.401851, 570.8 ], [ 149.068987, -35.40183, 570.8 ], [ 149.069011, -35.4018, 570.8 ], [ 149.069036, -35.401783, 570.8 ], [ 149.069051, -35.40176, 570.8 ], [ 149.069071, -35.401734, 570.8 ], [ 149.069085, -35.401712, 570.8 ], [ 149.069098, -35.401687, 570.8 ], [ 149.069122, -35.401662, 570.8 ], [ 149.069134, -35.401639, 570.8 ], [ 149.069152, -35.401614, 570.8 ], [ 149.06917, -35.40159, 570.8 ], [ 149.069183, -35.401568, 570.8 ], [ 149.069198, -35.401536, 570.8 ], [ 149.069203, -35.401511, 570.8 ], [ 149.069214, -35.401483, 570.8 ], [ 149.069222, -35.401453, 570.8 ], [ 149.069226, -35.401431, 570.8 ], [ 149.069237, -35.401392, 570.8 ], [ 149.069244, -35.401363, 570.8 ], [ 149.069248, -35.401337, 570.8 ], [ 149.069252, -35.401306, 570.8 ], [ 149.069253, -35.401283, 570.8 ], [ 149.069254, -35.401251, 570.8 ], [ 149.069255, -35.401222, 570.8 ], [ 149.069248, -35.401197, 570.8 ], [ 149.069242, -35.401166, 570.6 ], [ 149.069237, -35.401135, 570.6 ], [ 149.069227, -35.401106, 570.6 ], [ 149.069223, -35.401067, 570.6 ], [ 149.069215, -35.40104, 570.6 ], [ 149.0692, -35.401009, 570.6 ], [ 149.069187, -35.400978, 570.4 ], [ 149.069165, -35.400952, 570.4 ], [ 149.069143, -35.400924, 570.4 ], [ 149.069125, -35.400903, 570.4 ], [ 149.069104, -35.40088, 570.4 ], [ 149.069083, -35.400851, 570.4 ], [ 149.069058, -35.40083, 570.4 ], [ 149.069038, -35.400801, 570.4 ], [ 149.069022, -35.400772, 570.4 ], [ 149.069006, -35.400746, 570.4 ], [ 149.068998, -35.40071, 570.4 ], [ 149.068988, -35.400683, 570.4 ], [ 149.068987, -35.400649, 570.4 ], [ 149.068999, -35.400615, 570.4 ], [ 149.069005, -35.400589, 570.4 ], [ 149.069019, -35.400554, 570.4 ], [ 149.069029, -35.400525, 570.4 ], [ 149.069042, -35.400497, 570.4 ], [ 149.06906, -35.400467, 570.6 ], [ 149.069066, -35.400444, 570.6 ], [ 149.06908, -35.400411, 570.6 ], [ 149.069089, -35.400385, 570.6 ], [ 149.069096, -35.400363, 570.6 ], [ 149.06911, -35.400331, 570.6 ], [ 149.069118, -35.400308, 570.8 ], [ 149.069127, -35.400274, 570.8 ], [ 149.06914, -35.400244, 570.8 ], [ 149.069149, -35.400219, 570.8 ], [ 149.069167, -35.400183, 570.8 ], [ 149.06918, -35.40016, 570.6 ], [ 149.069193, -35.400129, 570.6 ], [ 149.069209, -35.400101, 570.6 ], [ 149.069215, -35.400074, 570.6 ], [ 149.069224, -35.400041, 570.8 ], [ 149.069226, -35.400015, 570.8 ], [ 149.06923, -35.399988, 570.8 ], [ 149.069243, -35.399952, 571.0 ], [ 149.069253, -35.399927, 571.0 ], [ 149.069262, -35.399901, 571.0 ], [ 149.069273, -35.39987, 571.0 ], [ 149.069279, -35.399847, 571.0 ], [ 149.069293, -35.399812, 570.8 ], [ 149.069301, -35.399782, 571.0 ], [ 149.069306, -35.399757, 571.0 ], [ 149.069312, -35.399724, 571.0 ], [ 149.069311, -35.3997, 571.0 ], [ 149.069312, -35.399674, 571.0 ], [ 149.06932, -35.399641, 571.0 ], [ 149.069323, -35.399613, 571.0 ], [ 149.069331, -35.399577, 571.0 ], [ 149.069334, -35.399548, 571.0 ], [ 149.069338, -35.399522, 571.0 ], [ 149.069346, -35.39949, 571.0 ], [ 149.069344, -35.399463, 571.2 ], [ 149.069345, -35.399432, 571.2 ], [ 149.069345, -35.399401, 571.2 ], [ 149.069339, -35.399377, 571.2 ], [ 149.069333, -35.399345, 571.4 ], [ 149.069327, -35.399321, 571.4 ], [ 149.069322, -35.399296, 571.4 ], [ 149.069315, -35.399267, 571.4 ], [ 149.069302, -35.399246, 571.4 ], [ 149.069287, -35.399216, 571.6 ], [ 149.069272, -35.399188, 571.6 ], [ 149.069254, -35.39916, 571.6 ], [ 149.069233, -35.399135, 571.6 ], [ 149.06921, -35.399118, 571.6 ], [ 149.069181, -35.399091, 571.6 ], [ 149.069155, -35.39907, 571.8 ], [ 149.069132, -35.399051, 571.8 ], [ 149.069109, -35.399026, 571.8 ], [ 149.069083, -35.399009, 571.8 ], [ 149.06905, -35.398985, 571.8 ], [ 149.06903, -35.398965, 572.0 ], [ 149.069003, -35.398948, 572.0 ], [ 149.068979, -35.398922, 572.0 ], [ 149.068952, -35.398909, 572.0 ], [ 149.068931, -35.398889, 572.2 ], [ 149.06891, -35.398867, 572.2 ], [ 149.068888, -35.398848, 572.2 ], [ 149.068867, -35.398823, 572.2 ], [ 149.068845, -35.398803, 572.4 ], [ 149.068814, -35.398781, 572.4 ], [ 149.068791, -35.398755, 572.4 ], [ 149.068766, -35.398738, 572.6 ], [ 149.068743, -35.398714, 572.6 ], [ 149.068722, -35.398689, 572.8 ], [ 149.0687, -35.39867, 572.8 ], [ 149.068678, -35.398647, 573.0 ], [ 149.068656, -35.39863, 573.0 ], [ 149.068634, -35.398606, 573.0 ], [ 149.068617, -35.398587, 573.2 ], [ 149.068602, -35.398563, 573.2 ], [ 149.06859, -35.398532, 573.2 ], [ 149.068582, -35.398508, 573.4 ], [ 149.068579, -35.398478, 573.4 ], [ 149.068581, -35.39845, 573.4 ], [ 149.068576, -35.398422, 573.6 ], [ 149.068581, -35.398388, 573.6 ], [ 149.068587, -35.398361, 573.8 ], [ 149.0686, -35.398329, 573.8 ], [ 149.068618, -35.398304, 573.8 ], [ 149.068631, -35.398282, 573.8 ], [ 149.068652, -35.39825, 573.8 ], [ 149.068673, -35.398229, 573.8 ], [ 149.068693, -35.398205, 574.0 ], [ 149.068719, -35.39818, 574.0 ], [ 149.068735, -35.398157, 573.8 ], [ 149.068758, -35.398135, 573.8 ], [ 149.068788, -35.398114, 573.8 ], [ 149.068815, -35.398094, 573.6 ], [ 149.068853, -35.398076, 573.6 ], [ 149.068878, -35.398057, 573.6 ], [ 149.068907, -35.398038, 573.4 ], [ 149.068939, -35.398024, 573.4 ], [ 149.068965, -35.398008, 573.4 ], [ 149.068999, -35.397997, 573.4 ], [ 149.069031, -35.397982, 573.6 ], [ 149.069062, -35.397971, 573.6 ], [ 149.069102, -35.397969, 573.6 ], [ 149.069131, -35.397961, 573.6 ], [ 149.069163, -35.397947, 573.8 ], [ 149.069196, -35.397942, 574.0 ], [ 149.069221, -35.39793, 574.0 ], [ 149.069254, -35.397922, 574.2 ], [ 149.069282, -35.397907, 574.2 ], [ 149.069307, -35.397892, 574.2 ], [ 149.06934, -35.397881, 574.4 ], [ 149.069368, -35.397872, 574.4 ], [ 149.069405, -35.397864, 574.6 ], [ 149.069436, -35.397855, 574.6 ], [ 149.069463, -35.397842, 574.6 ], [ 149.0695, -35.397835, 574.6 ], [ 149.069526, -35.397821, 574.8 ], [ 149.069561, -35.397809, 574.8 ], [ 149.069594, -35.397801, 574.8 ], [ 149.069624, -35.397788, 574.8 ], [ 149.069662, -35.397781, 574.8 ], [ 149.069688, -35.397769, 574.8 ], [ 149.069729, -35.397763, 575.0 ], [ 149.069759, -35.397757, 575.0 ], [ 149.06979, -35.397749, 575.0 ], [ 149.069834, -35.397745, 575.2 ], [ 149.069863, -35.397732, 575.0 ], [ 149.0699, -35.397721, 575.0 ], [ 149.069932, -35.397718, 575.0 ], [ 149.069964, -35.397713, 575.0 ], [ 149.070009, -35.397715, 575.0 ], [ 149.070036, -35.397708, 575.2 ], [ 149.070073, -35.397704, 575.2 ], [ 149.070111, -35.397707, 575.2 ], [ 149.070145, -35.397704, 575.0 ], [ 149.07019, -35.397705, 575.0 ], [ 149.07022, -35.397707, 575.0 ], [ 149.070258, -35.397705, 575.0 ], [ 149.070297, -35.397702, 574.8 ], [ 149.070324, -35.397695, 574.8 ], [ 149.070361, -35.397691, 574.8 ], [ 149.070391, -35.397689, 574.8 ], [ 149.070422, -35.397681, 574.8 ], [ 149.070463, -35.397676, 574.8 ], [ 149.070493, -35.397667, 574.8 ], [ 149.07053, -35.397659, 574.8 ], [ 149.070564, -35.397654, 575.0 ], [ 149.070592, -35.397641, 575.0 ], [ 149.070634, -35.397627, 575.0 ], [ 149.070662, -35.39762, 575.2 ], [ 149.070691, -35.397607, 575.2 ], [ 149.070727, -35.397597, 575.2 ], [ 149.070752, -35.397584, 575.2 ], [ 149.07079, -35.397571, 575.2 ], [ 149.070824, -35.397567, 575.2 ], [ 149.07085, -35.397561, 575.4 ], [ 149.070894, -35.397557, 575.4 ], [ 149.070926, -35.397551, 575.4 ], [ 149.070966, -35.39755, 575.4 ], [ 149.071005, -35.397553, 575.6 ], [ 149.071036, -35.397548, 575.6 ], [ 149.071076, -35.397552, 575.4 ], [ 149.071107, -35.397558, 575.4 ], [ 149.071144, -35.39756, 575.4 ], [ 149.071183, -35.397565, 575.4 ], [ 149.071216, -35.39756, 575.4 ], [ 149.071255, -35.39756, 575.4 ], [ 149.071288, -35.397567, 575.4 ], [ 149.071321, -35.39757, 575.4 ], [ 149.071362, -35.397579, 575.4 ], [ 149.071391, -35.397585, 575.4 ], [ 149.071429, -35.397591, 575.4 ], [ 149.071461, -35.397604, 575.6 ], [ 149.071485, -35.39761, 575.6 ], [ 149.071528, -35.397625, 575.6 ], [ 149.071554, -35.397637, 575.8 ], [ 149.071584, -35.397651, 575.8 ], [ 149.071617, -35.397671, 575.8 ], [ 149.071639, -35.397682, 575.8 ], [ 149.07167, -35.397703, 575.8 ], [ 149.071699, -35.397721, 575.8 ], [ 149.071727, -35.397733, 575.6 ], [ 149.071763, -35.397757, 575.6 ], [ 149.071784, -35.397774, 575.6 ], [ 149.071807, -35.397791, 575.6 ], [ 149.071835, -35.397811, 575.4 ], [ 149.07186, -35.397821, 575.4 ], [ 149.071901, -35.397837, 575.4 ], [ 149.07193, -35.397853, 575.4 ], [ 149.071957, -35.397863, 575.4 ], [ 149.071994, -35.397874, 575.4 ], [ 149.072025, -35.397877, 575.2 ], [ 149.072062, -35.397879, 575.0 ], [ 149.072108, -35.397884, 574.8 ], [ 149.072148, -35.397885, 574.6 ], [ 149.072189, -35.39789, 574.2 ], [ 149.072217, -35.397913, 574.0 ], [ 149.072243, -35.397933, 573.8 ], [ 149.072269, -35.397962, 573.8 ], [ 149.072283, -35.397988, 573.8 ], [ 149.072305, -35.398011, 573.8 ], [ 149.072323, -35.398039, 573.8 ], [ 149.07234, -35.398061, 574.0 ], [ 149.072355, -35.398091, 574.2 ], [ 149.072359, -35.398123, 574.4 ], [ 149.072354, -35.398149, 574.6 ], [ 149.072334, -35.398181, 574.8 ], [ 149.072302, -35.398202, 574.8 ], [ 149.072271, -35.39822, 574.8 ], [ 149.072232, -35.398239, 574.8 ], [ 149.0722, -35.398256, 574.8 ], [ 149.07218, -35.398279, 574.8 ], [ 149.072151, -35.398305, 574.8 ], [ 149.072131, -35.398324, 574.6 ], [ 149.07211, -35.398348, 574.6 ], [ 149.072086, -35.39837, 574.4 ], [ 149.072071, -35.398394, 574.4 ], [ 149.072041, -35.39842, 574.2 ], [ 149.072018, -35.398438, 574.2 ], [ 149.071998, -35.398462, 574.2 ], [ 149.071978, -35.398489, 574.0 ], [ 149.071969, -35.398512, 574.0 ], [ 149.071956, -35.398541, 574.0 ], [ 149.071934, -35.398567, 574.0 ], [ 149.071919, -35.398591, 573.8 ], [ 149.071892, -35.398619, 573.8 ], [ 149.07187, -35.39864, 573.6 ], [ 149.071852, -35.398662, 573.4 ], [ 149.07182, -35.398685, 573.2 ], [ 149.071798, -35.398705, 573.0 ], [ 149.071773, -35.398732, 572.8 ], [ 149.07175, -35.398756, 572.8 ], [ 149.071737, -35.398779, 572.6 ], [ 149.071709, -35.398807, 572.4 ], [ 149.071685, -35.398831, 572.4 ], [ 149.071665, -35.39885, 572.2 ], [ 149.071633, -35.398875, 572.2 ], [ 149.071614, -35.398891, 572.0 ], [ 149.071593, -35.398911, 571.8 ], [ 149.071567, -35.398932, 571.8 ], [ 149.071549, -35.398954, 571.8 ], [ 149.071523, -35.398977, 571.8 ], [ 149.0715, -35.398994, 571.8 ], [ 149.071478, -35.399014, 571.8 ], [ 149.071451, -35.399035, 571.8 ], [ 149.071434, -35.399054, 571.6 ], [ 149.071407, -35.399081, 571.6 ], [ 149.071382, -35.399105, 571.4 ], [ 149.071364, -35.399122, 571.4 ], [ 149.071334, -35.399146, 571.2 ], [ 149.071318, -35.399168, 571.2 ], [ 149.071301, -35.399189, 571.2 ], [ 149.071273, -35.399217, 571.2 ], [ 149.071258, -35.399239, 571.2 ], [ 149.071235, -35.399269, 571.0 ], [ 149.071215, -35.399296, 571.0 ], [ 149.071202, -35.399321, 571.0 ], [ 149.071182, -35.39935, 571.0 ], [ 149.071165, -35.399373, 571.0 ], [ 149.071154, -35.399397, 571.0 ], [ 149.071136, -35.399425, 570.8 ], [ 149.071127, -35.39945, 570.8 ], [ 149.071112, -35.399482, 570.8 ], [ 149.071096, -35.399509, 570.8 ], [ 149.071086, -35.399535, 570.8 ], [ 149.071072, -35.399565, 570.8 ], [ 149.071064, -35.399589, 570.8 ], [ 149.071056, -35.399612, 570.8 ], [ 149.071042, -35.399635, 570.8 ], [ 149.071033, -35.39966, 570.8 ], [ 149.071018, -35.399691, 570.6 ], [ 149.071006, -35.399718, 570.8 ], [ 149.071001, -35.399744, 570.8 ], [ 149.070991, -35.399781, 570.8 ], [ 149.070987, -35.399808, 570.6 ], [ 149.070982, -35.399836, 570.6 ], [ 149.070975, -35.399867, 570.6 ], [ 149.070972, -35.399889, 570.6 ], [ 149.070967, -35.399919, 570.6 ], [ 149.070964, -35.399944, 570.6 ], [ 149.070964, -35.399965, 570.6 ], [ 149.070959, -35.399996, 570.6 ], [ 149.070962, -35.400023, 570.6 ], [ 149.07096, -35.400057, 570.6 ], [ 149.070957, -35.400086, 570.6 ], [ 149.07096, -35.400115, 570.6 ], [ 149.070959, -35.400148, 570.6 ], [ 149.070961, -35.400173, 570.6 ], [ 149.070963, -35.400206, 570.6 ], [ 149.070958, -35.400238, 570.6 ], [ 149.070961, -35.400269, 570.6 ], [ 149.070957, -35.400308, 570.6 ], [ 149.070958, -35.400334, 570.6 ], [ 149.070956, -35.400362, 570.6 ], [ 149.070956, -35.400393, 570.6 ], [ 149.070967, -35.400421, 570.6 ], [ 149.070971, -35.400451, 570.6 ], [ 149.070966, -35.400484, 570.4 ], [ 149.070965, -35.400506, 570.4 ], [ 149.070965, -35.400539, 570.4 ], [ 149.070962, -35.400563, 570.4 ], [ 149.070963, -35.400589, 570.4 ], [ 149.070957, -35.400616, 570.4 ], [ 149.070962, -35.400636, 570.4 ], [ 149.070964, -35.400662, 570.4 ], [ 149.070965, -35.400685, 570.4 ], [ 149.070969, -35.400711, 570.4 ], [ 149.070971, -35.40074, 570.4 ], [ 149.070974, -35.400764, 570.2 ], [ 149.07098, -35.400792, 570.2 ], [ 149.070983, -35.40082, 570.2 ], [ 149.07099, -35.400845, 570.2 ], [ 149.071, -35.400868, 570.2 ], [ 149.071006, -35.400897, 570.2 ], [ 149.071015, -35.40092, 570.2 ], [ 149.071024, -35.400955, 570.2 ], [ 149.071032, -35.400981, 570.2 ], [ 149.07104, -35.401014, 570.4 ], [ 149.071048, -35.401046, 570.4 ], [ 149.07106, -35.401074, 570.4 ], [ 149.071072, -35.401105, 570.4 ], [ 149.071083, -35.401135, 570.2 ], [ 149.071093, -35.40116, 570.2 ], [ 149.071105, -35.401191, 570.0 ], [ 149.071118, -35.401217, 570.0 ], [ 149.07113, -35.401249, 570.0 ], [ 149.071139, -35.40128, 570.0 ], [ 149.071155, -35.401304, 570.0 ], [ 149.071171, -35.401338, 570.0 ], [ 149.071183, -35.401359, 570.0 ], [ 149.071199, -35.401389, 570.0 ], [ 149.071209, -35.401416, 570.0 ], [ 149.071223, -35.40144, 570.0 ], [ 149.071236, -35.401469, 570.0 ], [ 149.071253, -35.401489, 570.0 ], [ 149.071266, -35.401511, 570.2 ], [ 149.071277, -35.401542, 570.2 ], [ 149.071296, -35.40157, 570.2 ], [ 149.071311, -35.401607, 570.2 ], [ 149.071322, -35.401632, 570.2 ], [ 149.071337, -35.401658, 570.2 ], [ 149.071352, -35.40169, 570.2 ], [ 149.071368, -35.40171, 570.2 ], [ 149.071387, -35.40174, 570.4 ], [ 149.071398, -35.401769, 570.4 ], [ 149.071413, -35.401793, 570.4 ], [ 149.071428, -35.401821, 570.4 ], [ 149.071443, -35.401846, 570.4 ], [ 149.07146, -35.401872, 570.4 ], [ 149.071471, -35.401901, 570.4 ], [ 149.071485, -35.401923, 570.6 ], [ 149.071505, -35.401951, 570.6 ], [ 149.071516, -35.401975, 570.6 ], [ 149.071532, -35.401998, 570.8 ], [ 149.071549, -35.402027, 570.8 ], [ 149.071565, -35.402049, 570.8 ], [ 149.071583, -35.402075, 570.8 ], [ 149.071602, -35.402102, 570.8 ], [ 149.07162, -35.402124, 570.8 ], [ 149.071638, -35.402155, 570.8 ], [ 149.071655, -35.402175, 570.8 ], [ 149.071671, -35.402199, 570.8 ], [ 149.071688, -35.402229, 571.0 ], [ 149.071716, -35.402245, 571.0 ], [ 149.07174, -35.402269, 571.0 ], [ 149.071759, -35.402292, 571.0 ], [ 149.071778, -35.402312, 571.0 ], [ 149.071796, -35.402346, 571.0 ], [ 149.071808, -35.402372, 571.2 ], [ 149.071817, -35.402402, 571.2 ], [ 149.071814, -35.402431, 571.0 ], [ 149.071823, -35.402454, 571.0 ], [ 149.07182, -35.402494, 571.0 ], [ 149.071814, -35.402524, 571.0 ], [ 149.071811, -35.402551, 571.0 ], [ 149.071799, -35.402577, 571.0 ], [ 149.071787, -35.402601, 571.0 ], [ 149.071774, -35.402628, 571.0 ], [ 149.071751, -35.402653, 570.8 ], [ 149.07173, -35.402678, 570.6 ], [ 149.071708, -35.402703, 570.6 ], [ 149.071674, -35.402719, 570.4 ], [ 149.071648, -35.402737, 570.4 ], [ 149.071605, -35.402761, 570.4 ], [ 149.071571, -35.402778, 570.4 ], [ 149.071544, -35.402796, 570.4 ], [ 149.071505, -35.402819, 570.2 ], [ 149.071483, -35.402834, 570.0 ], [ 149.07145, -35.402854, 570.0 ], [ 149.071421, -35.402872, 570.0 ], [ 149.071398, -35.402892, 569.8 ], [ 149.071363, -35.402908, 569.8 ], [ 149.071333, -35.402922, 569.8 ], [ 149.071309, -35.402936, 569.8 ], [ 149.07128, -35.402946, 569.8 ], [ 149.071254, -35.402957, 569.8 ], [ 149.071229, -35.40297, 569.6 ], [ 149.071199, -35.402981, 569.6 ], [ 149.071175, -35.402998, 569.8 ], [ 149.071144, -35.403018, 569.8 ], [ 149.071118, -35.403029, 569.8 ], [ 149.071089, -35.403043, 570.0 ], [ 149.07105, -35.403065, 570.0 ], [ 149.071022, -35.403082, 569.8 ], [ 149.070993, -35.403104, 569.8 ], [ 149.070956, -35.403122, 569.8 ], [ 149.070926, -35.403138, 569.8 ], [ 149.07089, -35.403155, 569.8 ], [ 149.070868, -35.403169, 569.8 ], [ 149.070847, -35.403194, 569.8 ], [ 149.070823, -35.403216, 569.8 ], [ 149.0708, -35.403236, 569.8 ], [ 149.070781, -35.403258, 569.8 ], [ 149.07075, -35.403279, 569.8 ], [ 149.070731, -35.403296, 569.8 ], [ 149.070698, -35.403322, 569.8 ], [ 149.070674, -35.403337, 569.8 ], [ 149.070657, -35.403361, 569.8 ], [ 149.070629, -35.403384, 569.6 ], [ 149.07061, -35.403403, 569.6 ], [ 149.070585, -35.403425, 569.6 ], [ 149.070558, -35.403449, 569.6 ], [ 149.070543, -35.403471, 569.6 ], [ 149.070517, -35.403499, 569.6 ], [ 149.070496, -35.403524, 569.6 ], [ 149.070484, -35.403551, 569.6 ], [ 149.070468, -35.403581, 569.6 ], [ 149.070458, -35.403606, 569.8 ], [ 149.070445, -35.403636, 569.8 ], [ 149.070434, -35.403662, 569.8 ], [ 149.070427, -35.403683, 570.0 ], [ 149.07042, -35.403719, 570.0 ], [ 149.070419, -35.403746, 570.0 ], [ 149.070416, -35.403773, 570.0 ], [ 149.070413, -35.403805, 570.0 ], [ 149.070415, -35.403829, 570.0 ], [ 149.070412, -35.403867, 570.0 ], [ 149.070412, -35.403893, 570.0 ], [ 149.070418, -35.403925, 570.0 ], [ 149.070418, -35.403956, 569.8 ], [ 149.070419, -35.403982, 569.8 ], [ 149.07042, -35.404012, 569.6 ], [ 149.07042, -35.404042, 569.6 ], [ 149.070425, -35.404067, 569.4 ], [ 149.07043, -35.404096, 569.2 ], [ 149.07043, -35.404129, 569.2 ], [ 149.070439, -35.404157, 569.0 ], [ 149.07045, -35.404189, 569.0 ], [ 149.070459, -35.404221, 569.0 ], [ 149.070473, -35.404245, 568.8 ], [ 149.070487, -35.404276, 568.8 ], [ 149.070501, -35.404303, 568.6 ], [ 149.070513, -35.404326, 568.6 ], [ 149.070533, -35.404353, 568.6 ], [ 149.070551, -35.40437, 568.6 ], [ 149.070572, -35.404397, 568.6 ], [ 149.070589, -35.404422, 568.8 ], [ 149.070608, -35.404444, 568.8 ], [ 149.07063, -35.404472, 568.6 ], [ 149.070645, -35.404494, 568.6 ], [ 149.070663, -35.40452, 568.6 ], [ 149.070687, -35.404544, 568.8 ], [ 149.070708, -35.404563, 568.8 ], [ 149.070734, -35.404587, 568.8 ], [ 149.070757, -35.404604, 568.8 ], [ 149.070778, -35.404619, 568.8 ], [ 149.070807, -35.404635, 568.8 ], [ 149.070833, -35.404646, 568.8 ], [ 149.070865, -35.404659, 568.8 ], [ 149.070891, -35.404671, 569.0 ], [ 149.070915, -35.404683, 569.0 ], [ 149.070952, -35.404698, 569.0 ], [ 149.07098, -35.404711, 569.0 ], [ 149.07101, -35.404724, 569.0 ], [ 149.071041, -35.404738, 569.0 ], [ 149.071068, -35.404748, 569.0 ], [ 149.071097, -35.404761, 569.0 ], [ 149.071124, -35.404775, 569.0 ], [ 149.071155, -35.404788, 569.0 ], [ 149.071187, -35.404806, 569.0 ], [ 149.071218, -35.404811, 569.0 ], [ 149.071259, -35.404826, 569.2 ], [ 149.071288, -35.40484, 569.2 ], [ 149.071316, -35.404849, 569.2 ], [ 149.07135, -35.404858, 569.2 ], [ 149.071382, -35.404862, 569.2 ], [ 149.071417, -35.404876, 569.2 ], [ 149.071454, -35.404893, 569.2 ], [ 149.071484, -35.404898, 569.2 ], [ 149.071523, -35.404909, 569.4 ], [ 149.071559, -35.404925, 569.4 ], [ 149.071593, -35.404931, 569.4 ], [ 149.071634, -35.404945, 569.4 ], [ 149.071665, -35.40495, 569.4 ], [ 149.071706, -35.404963, 569.4 ], [ 149.071741, -35.404974, 569.4 ], [ 149.071772, -35.404979, 569.4 ], [ 149.071806, -35.404993, 569.4 ], [ 149.071836, -35.405001, 569.4 ], [ 149.071874, -35.405017, 569.6 ], [ 149.071903, -35.405032, 569.6 ], [ 149.071927, -35.405041, 569.6 ], [ 149.07196, -35.405064, 569.6 ], [ 149.071984, -35.405082, 569.6 ], [ 149.072009, -35.405098, 569.6 ], [ 149.072038, -35.405121, 569.6 ], [ 149.072064, -35.405135, 569.6 ], [ 149.072087, -35.405162, 569.4 ], [ 149.072097, -35.405189, 569.4 ], [ 149.072114, -35.405215, 569.4 ], [ 149.072133, -35.405243, 569.4 ], [ 149.072149, -35.405265, 569.4 ], [ 149.072163, -35.405291, 569.6 ], [ 149.072173, -35.405316, 569.6 ], [ 149.072185, -35.405336, 569.6 ], [ 149.072198, -35.405366, 569.6 ], [ 149.072206, -35.405391, 569.6 ], [ 149.072218, -35.405417, 569.6 ], [ 149.072233, -35.405443, 569.6 ], [ 149.072246, -35.405465, 569.6 ], [ 149.072259, -35.405488, 569.6 ], [ 149.072263, -35.405513, 569.6 ], [ 149.072274, -35.405537, 569.8 ], [ 149.07228, -35.405565, 569.8 ], [ 149.072288, -35.40559, 569.8 ], [ 149.072299, -35.405621, 569.8 ], [ 149.0723, -35.405652, 569.8 ], [ 149.072305, -35.405679, 569.8 ], [ 149.072306, -35.40571, 570.0 ], [ 149.072302, -35.405737, 570.0 ], [ 149.072305, -35.405763, 570.0 ], [ 149.072299, -35.405797, 570.2 ], [ 149.072294, -35.405823, 570.0 ], [ 149.07229, -35.405861, 570.0 ], [ 149.072279, -35.405895, 570.0 ], [ 149.072273, -35.405924, 570.0 ], [ 149.072264, -35.40596, 570.0 ], [ 149.072251, -35.405987, 570.0 ], [ 149.072247, -35.406019, 570.2 ], [ 149.072233, -35.406049, 570.2 ], [ 149.072224, -35.406074, 570.2 ], [ 149.072201, -35.406102, 570.2 ], [ 149.072177, -35.406128, 570.2 ], [ 149.07217, -35.406149, 570.2 ], [ 149.072146, -35.40618, 570.2 ], [ 149.072126, -35.406198, 570.4 ], [ 149.072111, -35.406221, 570.4 ], [ 149.072085, -35.406251, 570.4 ], [ 149.072076, -35.406274, 570.4 ], [ 149.072055, -35.406303, 570.4 ], [ 149.072036, -35.406327, 570.4 ], [ 149.072031, -35.406345, 570.4 ], [ 149.072013, -35.406382, 570.4 ], [ 149.071998, -35.406408, 570.4 ], [ 149.071988, -35.406433, 570.6 ], [ 149.071976, -35.406463, 570.6 ], [ 149.071977, -35.406485, 570.6 ], [ 149.071973, -35.40652, 570.6 ], [ 149.071964, -35.406548, 570.6 ], [ 149.071966, -35.40657, 570.6 ], [ 149.071965, -35.40661, 570.6 ], [ 149.071961, -35.406637, 570.6 ], [ 149.071965, -35.406665, 570.6 ], [ 149.071972, -35.406698, 570.6 ], [ 149.071989, -35.406719, 570.6 ], [ 149.071996, -35.406749, 570.6 ], [ 149.072002, -35.406776, 570.6 ], [ 149.072016, -35.406795, 570.6 ], [ 149.072026, -35.406826, 570.6 ], [ 149.072035, -35.406852, 570.6 ], [ 149.072047, -35.406879, 570.6 ], [ 149.072059, -35.406908, 570.6 ], [ 149.072073, -35.406927, 570.6 ], [ 149.072084, -35.406953, 570.6 ], [ 149.072089, -35.406982, 570.8 ], [ 149.0721, -35.407008, 570.8 ], [ 149.072107, -35.407047, 570.8 ], [ 149.072112, -35.407073, 571.0 ], [ 149.072119, -35.4071, 571.0 ], [ 149.072122, -35.407126, 571.0 ], [ 149.072134, -35.407151, 571.0 ], [ 149.072139, -35.407179, 571.0 ], [ 149.072135, -35.407209, 571.2 ], [ 149.07214, -35.407238, 571.2 ], [ 149.072137, -35.407274, 571.2 ], [ 149.07214, -35.407298, 571.2 ], [ 149.072137, -35.407331, 571.2 ], [ 149.072122, -35.407363, 571.2 ], [ 149.072122, -35.407389, 571.4 ], [ 149.072108, -35.407422, 571.4 ], [ 149.072082, -35.407447, 571.4 ], [ 149.072064, -35.407471, 571.6 ], [ 149.072028, -35.407491, 571.6 ], [ 149.071994, -35.407505, 571.6 ], [ 149.071965, -35.407512, 571.6 ], [ 149.071927, -35.407517, 571.6 ], [ 149.071895, -35.407517, 571.6 ], [ 149.071857, -35.407515, 571.6 ], [ 149.071819, -35.407512, 571.8 ], [ 149.071788, -35.407508, 571.8 ], [ 149.071747, -35.407504, 571.8 ], [ 149.07171, -35.407496, 571.8 ], [ 149.07168, -35.40749, 572.0 ], [ 149.071642, -35.407478, 571.8 ], [ 149.071611, -35.407471, 571.8 ], [ 149.071581, -35.407464, 571.8 ], [ 149.071545, -35.407456, 571.8 ], [ 149.071512, -35.407452, 572.0 ], [ 149.071474, -35.407447, 572.0 ], [ 149.071441, -35.407441, 572.0 ], [ 149.071411, -35.407435, 572.2 ], [ 149.071371, -35.407428, 572.2 ], [ 149.071339, -35.407432, 572.0 ], [ 149.071301, -35.407427, 572.0 ], [ 149.071264, -35.407422, 572.0 ], [ 149.071235, -35.407423, 572.0 ], [ 149.071192, -35.407417, 572.0 ], [ 149.071161, -35.40741, 572.0 ], [ 149.071127, -35.407405, 572.0 ], [ 149.071089, -35.407401, 571.8 ], [ 149.071062, -35.407399, 571.8 ], [ 149.071025, -35.407394, 571.8 ], [ 149.070994, -35.407384, 571.8 ], [ 149.070963, -35.407381, 572.0 ], [ 149.070926, -35.407375, 572.0 ], [ 149.070897, -35.407372, 571.8 ], [ 149.070864, -35.407364, 571.6 ], [ 149.070828, -35.407353, 571.6 ], [ 149.070795, -35.407351, 571.6 ], [ 149.070753, -35.407345, 571.4 ], [ 149.070718, -35.407338, 571.4 ], [ 149.070693, -35.407337, 571.6 ], [ 149.070653, -35.407332, 571.4 ], [ 149.070617, -35.407334, 571.4 ], [ 149.070583, -35.407339, 571.2 ], [ 149.070544, -35.407344, 571.0 ], [ 149.070511, -35.407353, 570.8 ], [ 149.07048, -35.407362, 570.4 ], [ 149.070448, -35.407372, 570.4 ], [ 149.070427, -35.407381, 570.4 ], [ 149.070396, -35.407401, 570.2 ], [ 149.070374, -35.40742, 570.2 ], [ 149.070353, -35.40744, 570.0 ], [ 149.07033, -35.407466, 570.0 ], [ 149.070325, -35.407488, 569.8 ], [ 149.07031, -35.407519, 569.8 ], [ 149.0703, -35.407539, 569.8 ], [ 149.070292, -35.407564, 570.0 ], [ 149.070277, -35.407596, 570.0 ], [ 149.070271, -35.40762, 570.0 ], [ 149.07026, -35.407648, 570.0 ], [ 149.070242, -35.407675, 570.0 ], [ 149.070238, -35.4077, 570.2 ], [ 149.070224, -35.407732, 570.2 ], [ 149.07021, -35.407755, 570.2 ], [ 149.070203, -35.407779, 570.4 ], [ 149.070189, -35.407808, 570.4 ], [ 149.07018, -35.407832, 570.4 ], [ 149.07017, -35.40786, 570.6 ], [ 149.070154, -35.407885, 570.6 ], [ 149.070152, -35.407908, 570.6 ], [ 149.070138, -35.407937, 570.6 ], [ 149.070122, -35.407963, 570.8 ], [ 149.070115, -35.407989, 570.8 ], [ 149.070098, -35.408022, 571.0 ], [ 149.070094, -35.408047, 571.0 ], [ 149.07008, -35.408075, 571.2 ], [ 149.070066, -35.408105, 571.2 ], [ 149.070059, -35.408131, 571.4 ], [ 149.070047, -35.408161, 571.4 ], [ 149.070036, -35.408181, 571.6 ], [ 149.070025, -35.408203, 571.6 ], [ 149.07001, -35.40823, 571.8 ], [ 149.07, -35.408252, 571.8 ], [ 149.069989, -35.408276, 571.8 ], [ 149.069974, -35.408302, 572.0 ], [ 149.069969, -35.408322, 572.0 ], [ 149.069961, -35.408346, 572.2 ], [ 149.069947, -35.408369, 572.2 ], [ 149.069938, -35.408395, 572.4 ], [ 149.06993, -35.408427, 572.4 ], [ 149.069931, -35.408456, 572.4 ], [ 149.069935, -35.408482, 572.6 ], [ 149.069942, -35.408511, 572.6 ], [ 149.069947, -35.408536, 572.6 ], [ 149.069955, -35.408564, 572.6 ], [ 149.069961, -35.40859, 572.6 ], [ 149.069977, -35.408611, 572.4 ], [ 149.069997, -35.408639, 572.4 ], [ 149.070019, -35.40866, 572.4 ], [ 149.070044, -35.408684, 572.4 ], [ 149.070072, -35.408709, 572.4 ], [ 149.070097, -35.408728, 572.4 ], [ 149.070125, -35.408751, 572.4 ], [ 149.070155, -35.40877, 572.2 ], [ 149.070181, -35.408785, 572.2 ], [ 149.070214, -35.40881, 572.2 ], [ 149.070242, -35.40883, 572.2 ], [ 149.070269, -35.408846, 572.2 ], [ 149.0703, -35.408869, 572.2 ], [ 149.070328, -35.408889, 572.0 ], [ 149.070352, -35.408911, 571.8 ], [ 149.070376, -35.408938, 571.8 ], [ 149.070397, -35.408957, 571.8 ], [ 149.070425, -35.408986, 571.6 ], [ 149.070443, -35.409012, 571.6 ], [ 149.070461, -35.409033, 571.6 ], [ 149.070486, -35.409059, 571.6 ], [ 149.070504, -35.40908, 571.4 ], [ 149.070525, -35.409101, 571.4 ], [ 149.070549, -35.409129, 571.4 ], [ 149.070571, -35.409146, 571.4 ], [ 149.070598, -35.409171, 571.2 ], [ 149.070625, -35.409194, 571.2 ], [ 149.070648, -35.40921, 571.2 ], [ 149.070679, -35.409229, 571.2 ], [ 149.070705, -35.409241, 571.2 ], [ 149.070734, -35.409253, 571.4 ], [ 149.070766, -35.409265, 571.4 ], [ 149.070792, -35.409272, 571.2 ], [ 149.07083, -35.409282, 571.2 ], [ 149.07086, -35.409289, 571.2 ], [ 149.070895, -35.409293, 571.2 ], [ 149.070931, -35.409302, 571.2 ], [ 149.070967, -35.409308, 571.2 ], [ 149.071003, -35.409316, 571.2 ], [ 149.071039, -35.409326, 571.0 ], [ 149.071069, -35.409334, 570.8 ], [ 149.071106, -35.40935, 570.8 ], [ 149.071137, -35.409368, 570.6 ], [ 149.071169, -35.409383, 570.4 ], [ 149.071201, -35.409407, 570.4 ], [ 149.071226, -35.409429, 570.2 ], [ 149.071253, -35.409454, 570.0 ], [ 149.071266, -35.409486, 570.0 ], [ 149.071277, -35.409508, 570.0 ], [ 149.071287, -35.409537, 569.8 ], [ 149.071291, -35.409562, 569.8 ], [ 149.071303, -35.409586, 569.8 ], [ 149.071309, -35.40962, 569.8 ], [ 149.071313, -35.409647, 569.8 ], [ 149.071322, -35.409671, 569.8 ], [ 149.071326, -35.4097, 569.8 ], [ 149.071332, -35.409725, 569.8 ], [ 149.071342, -35.409758, 569.8 ], [ 149.071346, -35.409783, 569.8 ], [ 149.071354, -35.409807, 570.0 ], [ 149.071356, -35.409843, 570.0 ], [ 149.07136, -35.40987, 570.0 ], [ 149.071361, -35.409905, 570.2 ], [ 149.071355, -35.409936, 570.2 ], [ 149.071354, -35.409962, 570.2 ], [ 149.071347, -35.409996, 570.2 ], [ 149.071339, -35.410026, 570.2 ], [ 149.071337, -35.410052, 570.0 ], [ 149.071327, -35.410087, 570.0 ], [ 149.071318, -35.410117, 570.0 ], [ 149.071308, -35.410145, 570.0 ], [ 149.071295, -35.410173, 570.0 ], [ 149.071289, -35.410198, 570.2 ], [ 149.071274, -35.410229, 570.2 ], [ 149.071273, -35.410256, 570.2 ], [ 149.071266, -35.410291, 570.2 ], [ 149.071262, -35.410321, 570.2 ], [ 149.071266, -35.410347, 570.2 ], [ 149.071258, -35.41038, 570.2 ], [ 149.07125, -35.410404, 570.2 ], [ 149.071247, -35.410432, 570.2 ], [ 149.071237, -35.410468, 570.2 ], [ 149.071237, -35.410496, 570.2 ], [ 149.071231, -35.410527, 570.4 ], [ 149.071219, -35.410557, 570.4 ], [ 149.071216, -35.41058, 570.4 ], [ 149.071209, -35.41061, 570.4 ], [ 149.0712, -35.410636, 570.4 ], [ 149.071197, -35.410661, 570.6 ], [ 149.071192, -35.410691, 570.4 ], [ 149.071186, -35.410716, 570.4 ], [ 149.07118, -35.410743, 570.4 ], [ 149.071164, -35.410773, 570.4 ], [ 149.071161, -35.410797, 570.4 ], [ 149.07115, -35.410827, 570.4 ], [ 149.071141, -35.410851, 570.6 ], [ 149.071135, -35.410874, 570.6 ], [ 149.071122, -35.410906, 570.6 ], [ 149.071111, -35.410931, 570.6 ], [ 149.071103, -35.410956, 570.6 ], [ 149.071085, -35.410988, 570.6 ], [ 149.071073, -35.411015, 570.6 ], [ 149.071064, -35.411041, 570.4 ], [ 149.071052, -35.41107, 570.6 ], [ 149.071048, -35.411098, 570.6 ], [ 149.071041, -35.411131, 570.6 ], [ 149.071037, -35.411158, 570.4 ], [ 149.071039, -35.411185, 570.4 ], [ 149.071037, -35.411216, 570.4 ], [ 149.071046, -35.411241, 570.4 ], [ 149.071055, -35.41127, 570.2 ], [ 149.071062, -35.411298, 570.2 ], [ 149.071073, -35.411321, 570.2 ], [ 149.071086, -35.411352, 570.2 ], [ 149.071097, -35.411376, 570.2 ], [ 149.071113, -35.411399, 570.0 ], [ 149.071127, -35.411422, 570.0 ], [ 149.071145, -35.411442, 570.0 ], [ 149.071162, -35.411466, 570.0 ], [ 149.071175, -35.411488, 570.0 ], [ 149.071194, -35.411507, 570.0 ], [ 149.071212, -35.41154, 570.0 ], [ 149.071226, -35.411566, 570.2 ], [ 149.071241, -35.411587, 570.0 ], [ 149.071257, -35.41162, 570.0 ], [ 149.071278, -35.411645, 570.0 ], [ 149.071294, -35.411672, 570.0 ], [ 149.071307, -35.411701, 569.8 ], [ 149.071322, -35.411724, 569.8 ], [ 149.07134, -35.411756, 569.8 ], [ 149.07135, -35.411784, 569.6 ], [ 149.071364, -35.411808, 569.6 ], [ 149.071378, -35.411837, 569.4 ], [ 149.071394, -35.411864, 569.2 ], [ 149.071364, -35.411886, 569.4 ], [ 149.071354, -35.411867, 569.4 ], [ 149.071345, -35.411846, 569.6 ], [ 149.071331, -35.411815, 569.6 ], [ 149.071316, -35.411786, 569.8 ], [ 149.071298, -35.411758, 569.8 ], [ 149.07128, -35.411727, 569.8 ], [ 149.071261, -35.411698, 569.8 ], [ 149.071245, -35.411668, 569.8 ], [ 149.071229, -35.411635, 569.8 ], [ 149.071209, -35.411609, 569.8 ], [ 149.07119, -35.411577, 570.0 ], [ 149.071177, -35.411549, 570.0 ], [ 149.071156, -35.411521, 570.0 ], [ 149.071135, -35.411489, 570.0 ], [ 149.071111, -35.411465, 570.0 ], [ 149.07109, -35.411436, 570.0 ], [ 149.071077, -35.41141, 570.0 ], [ 149.071063, -35.411386, 570.0 ], [ 149.071049, -35.411349, 570.0 ], [ 149.07103, -35.411322, 570.0 ], [ 149.071025, -35.411288, 570.2 ], [ 149.071018, -35.411259, 570.2 ], [ 149.07101, -35.411232, 570.2 ], [ 149.071012, -35.411194, 570.4 ], [ 149.071014, -35.411163, 570.4 ], [ 149.071017, -35.411131, 570.4 ], [ 149.071027, -35.411097, 570.4 ], [ 149.071032, -35.411067, 570.4 ], [ 149.071048, -35.411033, 570.4 ], [ 149.07106, -35.411005, 570.4 ], [ 149.07107, -35.410977, 570.4 ], [ 149.071089, -35.410942, 570.4 ], [ 149.071099, -35.410914, 570.4 ], [ 149.07111, -35.410881, 570.4 ], [ 149.071124, -35.410846, 570.4 ], [ 149.071132, -35.410815, 570.4 ], [ 149.071142, -35.410779, 570.4 ], [ 149.071147, -35.41075, 570.4 ], [ 149.071153, -35.410717, 570.2 ], [ 149.07116, -35.410683, 570.2 ], [ 149.071169, -35.41065, 570.2 ], [ 149.071177, -35.410611, 570.4 ], [ 149.071182, -35.410579, 570.4 ], [ 149.071186, -35.410552, 570.2 ], [ 149.071197, -35.410514, 570.2 ], [ 149.071198, -35.410488, 570.2 ], [ 149.071205, -35.410456, 570.0 ], [ 149.071217, -35.410423, 570.2 ], [ 149.071223, -35.410392, 570.2 ], [ 149.071232, -35.41035, 570.2 ], [ 149.071234, -35.410321, 570.2 ], [ 149.07124, -35.410293, 570.0 ], [ 149.07125, -35.410258, 570.0 ], [ 149.071254, -35.410232, 570.0 ], [ 149.071262, -35.410204, 570.0 ], [ 149.071272, -35.410175, 570.0 ], [ 149.071275, -35.410146, 570.0 ], [ 149.071289, -35.41011, 570.0 ], [ 149.07129, -35.410083, 569.8 ], [ 149.071297, -35.410048, 569.8 ], [ 149.071306, -35.41002, 569.8 ], [ 149.071307, -35.409994, 569.8 ], [ 149.071315, -35.409961, 569.8 ], [ 149.071322, -35.409934, 569.8 ], [ 149.071322, -35.409906, 569.8 ], [ 149.071323, -35.409873, 569.8 ], [ 149.071316, -35.409849, 569.8 ], [ 149.071316, -35.409816, 569.8 ], [ 149.071315, -35.409788, 569.8 ], [ 149.071314, -35.409761, 569.8 ], [ 149.071314, -35.409731, 569.6 ], [ 149.07131, -35.409704, 569.6 ], [ 149.071305, -35.409678, 569.4 ], [ 149.071305, -35.409647, 569.6 ], [ 149.071299, -35.409621, 569.6 ], [ 149.071302, -35.409588, 569.6 ], [ 149.071301, -35.409556, 569.6 ], [ 149.071294, -35.409534, 569.6 ], [ 149.07129, -35.409501, 569.6 ], [ 149.071278, -35.40948, 569.4 ], [ 149.071259, -35.409458, 569.4 ], [ 149.07124, -35.409434, 569.4 ], [ 149.071215, -35.409415, 569.6 ], [ 149.071176, -35.409389, 569.6 ], [ 149.071149, -35.40938, 569.8 ], [ 149.071111, -35.409364, 570.0 ], [ 149.071075, -35.409352, 570.2 ], [ 149.071042, -35.409346, 570.4 ], [ 149.071002, -35.409338, 570.4 ], [ 149.070969, -35.409331, 570.6 ], [ 149.070936, -35.409327, 570.8 ], [ 149.070897, -35.409318, 570.8 ], [ 149.070862, -35.409316, 570.8 ], [ 149.070823, -35.409311, 570.8 ], [ 149.070785, -35.409302, 571.0 ], [ 149.070752, -35.409296, 571.0 ], [ 149.070713, -35.409283, 571.0 ], [ 149.070681, -35.409264, 571.0 ], [ 149.070649, -35.409253, 571.0 ], [ 149.070617, -35.409228, 570.8 ], [ 149.070594, -35.409212, 570.8 ], [ 149.070569, -35.409193, 570.8 ], [ 149.070548, -35.409171, 570.8 ], [ 149.070526, -35.409152, 570.8 ], [ 149.070508, -35.409125, 571.0 ], [ 149.070491, -35.409106, 571.0 ], [ 149.070472, -35.409084, 571.2 ], [ 149.070453, -35.409051, 571.2 ], [ 149.070432, -35.409032, 571.2 ], [ 149.070413, -35.409006, 571.2 ], [ 149.070395, -35.408977, 571.2 ], [ 149.070372, -35.408958, 571.2 ], [ 149.070346, -35.408931, 571.4 ], [ 149.070324, -35.408914, 571.4 ], [ 149.070297, -35.408895, 571.4 ], [ 149.07027, -35.40887, 571.4 ], [ 149.070244, -35.408854, 571.4 ], [ 149.070209, -35.408835, 571.6 ], [ 149.070186, -35.408817, 571.6 ], [ 149.070156, -35.4088, 571.8 ], [ 149.070121, -35.408779, 571.8 ], [ 149.070096, -35.40877, 571.8 ], [ 149.070062, -35.408754, 571.8 ], [ 149.070038, -35.408731, 571.8 ], [ 149.070015, -35.408713, 571.8 ], [ 149.069992, -35.408683, 572.0 ], [ 149.069976, -35.408662, 572.0 ], [ 149.069959, -35.408636, 572.0 ], [ 149.069946, -35.408607, 572.2 ], [ 149.069937, -35.408579, 572.2 ], [ 149.069932, -35.408545, 572.2 ], [ 149.069936, -35.408515, 572.2 ], [ 149.06994, -35.408492, 572.2 ], [ 149.069949, -35.408455, 572.2 ], [ 149.069959, -35.408432, 572.2 ], [ 149.069969, -35.408406, 572.0 ], [ 149.069986, -35.408382, 571.8 ], [ 149.069999, -35.408357, 571.8 ], [ 149.070008, -35.408327, 571.6 ], [ 149.070014, -35.408291, 571.4 ], [ 149.070018, -35.408259, 571.4 ], [ 149.070029, -35.408224, 571.4 ], [ 149.070034, -35.408194, 571.2 ], [ 149.070043, -35.408166, 571.0 ], [ 149.070057, -35.408134, 571.0 ], [ 149.070063, -35.408105, 571.0 ], [ 149.070076, -35.408071, 570.8 ], [ 149.070088, -35.408042, 570.6 ], [ 149.070096, -35.408016, 570.6 ], [ 149.070112, -35.407983, 570.4 ], [ 149.070119, -35.407959, 570.2 ], [ 149.070129, -35.407931, 570.0 ], [ 149.070142, -35.407901, 570.0 ], [ 149.070149, -35.407874, 570.0 ], [ 149.070161, -35.407839, 569.8 ], [ 149.070165, -35.407812, 569.8 ], [ 149.070176, -35.407784, 569.8 ], [ 149.070194, -35.407756, 569.6 ], [ 149.070205, -35.407731, 569.6 ], [ 149.07022, -35.407696, 569.4 ], [ 149.07023, -35.407669, 569.4 ], [ 149.070237, -35.407639, 569.2 ], [ 149.070249, -35.407608, 569.2 ], [ 149.070254, -35.40758, 569.2 ], [ 149.070259, -35.407551, 569.2 ], [ 149.070271, -35.407525, 569.2 ], [ 149.070283, -35.407499, 569.2 ], [ 149.070303, -35.407472, 569.2 ], [ 149.070323, -35.407451, 569.2 ], [ 149.070346, -35.407428, 569.0 ], [ 149.070376, -35.407406, 569.0 ], [ 149.070397, -35.407385, 569.2 ], [ 149.070429, -35.407367, 569.2 ], [ 149.070457, -35.407351, 569.4 ], [ 149.070484, -35.407335, 569.6 ], [ 149.070523, -35.407325, 569.6 ], [ 149.07056, -35.407319, 569.8 ], [ 149.070596, -35.407313, 570.0 ], [ 149.07064, -35.407315, 570.0 ], [ 149.070674, -35.40731, 570.2 ], [ 149.070719, -35.407311, 570.2 ], [ 149.070756, -35.407318, 570.4 ], [ 149.070788, -35.407322, 570.6 ], [ 149.070829, -35.407329, 570.6 ], [ 149.070861, -35.407335, 570.8 ], [ 149.070897, -35.407343, 570.8 ], [ 149.070937, -35.407353, 570.8 ], [ 149.070964, -35.407355, 570.8 ], [ 149.071004, -35.407362, 571.0 ], [ 149.071033, -35.40737, 571.0 ], [ 149.071065, -35.407372, 571.0 ], [ 149.071109, -35.407382, 571.0 ], [ 149.071143, -35.407386, 571.0 ], [ 149.071176, -35.407392, 571.0 ], [ 149.071216, -35.407406, 571.0 ], [ 149.071251, -35.407411, 571.0 ], [ 149.07129, -35.407418, 571.0 ], [ 149.071324, -35.407423, 571.0 ], [ 149.071358, -35.40743, 571.0 ], [ 149.071403, -35.407438, 571.0 ], [ 149.071441, -35.407441, 571.0 ], [ 149.071483, -35.407449, 571.2 ], [ 149.071521, -35.407459, 571.0 ], [ 149.07155, -35.407464, 571.0 ], [ 149.071591, -35.407477, 571.0 ], [ 149.071627, -35.40748, 571.0 ], [ 149.071663, -35.407486, 571.0 ], [ 149.071703, -35.407494, 571.0 ], [ 149.071739, -35.407498, 571.0 ], [ 149.07178, -35.407504, 571.0 ], [ 149.071819, -35.407509, 571.0 ], [ 149.071855, -35.407511, 570.8 ], [ 149.071895, -35.407507, 570.8 ], [ 149.071928, -35.407498, 570.8 ], [ 149.071963, -35.407485, 570.8 ], [ 149.072, -35.407467, 570.8 ], [ 149.072022, -35.407445, 570.8 ], [ 149.072044, -35.407422, 570.8 ], [ 149.072064, -35.407392, 570.8 ], [ 149.072068, -35.407363, 570.6 ], [ 149.072075, -35.40733, 570.6 ], [ 149.072078, -35.4073, 570.6 ], [ 149.072074, -35.407272, 570.6 ], [ 149.072077, -35.40724, 570.4 ], [ 149.072078, -35.407212, 570.4 ], [ 149.07208, -35.407183, 570.4 ], [ 149.072084, -35.407154, 570.2 ], [ 149.072083, -35.407133, 570.2 ], [ 149.072084, -35.407103, 570.2 ], [ 149.07208, -35.407076, 570.0 ], [ 149.072075, -35.407049, 570.0 ], [ 149.072067, -35.407016, 570.0 ], [ 149.072059, -35.406993, 569.8 ], [ 149.072051, -35.406963, 569.8 ], [ 149.07204, -35.406934, 569.8 ], [ 149.072029, -35.406907, 569.8 ], [ 149.07202, -35.406872, 569.8 ], [ 149.07201, -35.406845, 569.6 ], [ 149.071999, -35.406812, 569.6 ], [ 149.071985, -35.40678, 569.6 ], [ 149.071978, -35.406756, 569.8 ], [ 149.071975, -35.406726, 569.8 ], [ 149.071969, -35.406699, 569.6 ], [ 149.071964, -35.406671, 569.6 ], [ 149.071963, -35.406641, 569.6 ], [ 149.071961, -35.406616, 569.4 ], [ 149.07196, -35.406584, 569.4 ], [ 149.071954, -35.406551, 569.4 ], [ 149.071951, -35.406521, 569.4 ], [ 149.07196, -35.406485, 569.6 ], [ 149.071963, -35.406455, 569.6 ], [ 149.071967, -35.40642, 569.6 ], [ 149.071982, -35.406388, 569.6 ], [ 149.071988, -35.406359, 569.6 ], [ 149.072002, -35.406325, 569.6 ], [ 149.072018, -35.406301, 569.6 ], [ 149.072029, -35.406272, 569.6 ], [ 149.072048, -35.406241, 569.6 ], [ 149.072062, -35.406214, 569.4 ], [ 149.072077, -35.406184, 569.4 ], [ 149.072098, -35.406159, 569.4 ], [ 149.072117, -35.406136, 569.4 ], [ 149.072135, -35.40611, 569.4 ], [ 149.07215, -35.406086, 569.6 ], [ 149.072159, -35.406062, 569.4 ], [ 149.07218, -35.406032, 569.4 ], [ 149.072195, -35.406008, 569.4 ], [ 149.072208, -35.405978, 569.4 ], [ 149.072225, -35.405944, 569.4 ], [ 149.072229, -35.405916, 569.4 ], [ 149.072237, -35.405883, 569.4 ], [ 149.072246, -35.405856, 569.4 ], [ 149.07225, -35.40583, 569.4 ], [ 149.072255, -35.4058, 569.4 ], [ 149.072261, -35.405774, 569.4 ], [ 149.072262, -35.405745, 569.4 ], [ 149.072266, -35.405712, 569.4 ], [ 149.072263, -35.405684, 569.2 ], [ 149.072258, -35.405649, 569.2 ], [ 149.07226, -35.405621, 569.2 ], [ 149.072253, -35.4056, 569.2 ], [ 149.07225, -35.405571, 569.2 ], [ 149.072247, -35.40555, 569.2 ], [ 149.072242, -35.405523, 569.2 ], [ 149.072241, -35.405496, 569.2 ], [ 149.07223, -35.405472, 569.0 ], [ 149.072218, -35.405441, 569.0 ], [ 149.072209, -35.405417, 569.0 ], [ 149.072198, -35.40539, 569.0 ], [ 149.072187, -35.405362, 569.0 ], [ 149.072177, -35.405338, 569.0 ], [ 149.072168, -35.405316, 568.8 ], [ 149.07216, -35.405289, 568.8 ], [ 149.072146, -35.405268, 568.8 ], [ 149.072133, -35.405237, 568.8 ], [ 149.072117, -35.405216, 568.8 ], [ 149.072102, -35.40519, 568.8 ], [ 149.072081, -35.405163, 568.8 ], [ 149.072063, -35.405149, 568.8 ], [ 149.072039, -35.405128, 568.8 ], [ 149.07201, -35.405107, 568.6 ], [ 149.071981, -35.40509, 568.8 ], [ 149.071937, -35.405068, 568.8 ], [ 149.071898, -35.405053, 568.8 ], [ 149.07185, -35.405036, 568.8 ], [ 149.071802, -35.40502, 568.8 ], [ 149.07176, -35.405007, 568.8 ], [ 149.071714, -35.404994, 568.8 ], [ 149.071672, -35.404981, 568.8 ], [ 149.071638, -35.404973, 568.8 ], [ 149.071593, -35.404956, 568.8 ], [ 149.071558, -35.404938, 568.8 ], [ 149.071528, -35.404929, 568.8 ], [ 149.071489, -35.404913, 568.8 ], [ 149.07146, -35.404902, 568.8 ], [ 149.071421, -35.404891, 568.8 ], [ 149.071386, -35.404876, 568.8 ], [ 149.071358, -35.404867, 568.8 ], [ 149.07132, -35.404853, 568.6 ], [ 149.071294, -35.404842, 568.6 ], [ 149.071264, -35.404829, 568.6 ], [ 149.071234, -35.404815, 568.6 ], [ 149.071206, -35.404804, 568.6 ], [ 149.071164, -35.404788, 568.6 ], [ 149.071131, -35.404777, 568.6 ], [ 149.071102, -35.40477, 568.6 ], [ 149.071069, -35.404758, 568.6 ], [ 149.07104, -35.40475, 568.4 ], [ 149.071009, -35.40474, 568.4 ], [ 149.070978, -35.40473, 568.4 ], [ 149.070951, -35.404722, 568.4 ], [ 149.070918, -35.404709, 568.4 ], [ 149.070889, -35.404698, 568.4 ], [ 149.070862, -35.404688, 568.4 ], [ 149.070829, -35.404675, 568.2 ], [ 149.070799, -35.40466, 568.2 ], [ 149.070765, -35.404644, 568.2 ], [ 149.070736, -35.404623, 568.2 ], [ 149.070713, -35.404608, 568.2 ], [ 149.070684, -35.404582, 568.2 ], [ 149.070661, -35.404564, 568.2 ], [ 149.070636, -35.404546, 568.0 ], [ 149.070617, -35.404523, 568.0 ], [ 149.0706, -35.404505, 568.0 ], [ 149.070577, -35.404481, 568.2 ], [ 149.070561, -35.404459, 568.2 ], [ 149.070543, -35.404438, 568.2 ], [ 149.070524, -35.404405, 568.2 ], [ 149.070504, -35.404386, 568.0 ], [ 149.070488, -35.404357, 568.0 ], [ 149.070478, -35.404332, 568.2 ], [ 149.070464, -35.404304, 568.2 ], [ 149.07045, -35.404271, 568.2 ], [ 149.070435, -35.404248, 568.2 ], [ 149.070428, -35.404214, 568.2 ], [ 149.070422, -35.404184, 568.2 ], [ 149.070415, -35.404156, 568.2 ], [ 149.070418, -35.404127, 568.4 ], [ 149.070417, -35.404101, 568.4 ], [ 149.07042, -35.40407, 568.6 ], [ 149.070421, -35.404042, 568.8 ], [ 149.070414, -35.404018, 569.0 ], [ 149.070412, -35.403985, 569.0 ], [ 149.070412, -35.403959, 569.2 ], [ 149.070411, -35.403931, 569.2 ], [ 149.070417, -35.403898, 569.2 ], [ 149.070408, -35.403869, 569.2 ], [ 149.070407, -35.403833, 569.4 ], [ 149.070407, -35.403804, 569.4 ], [ 149.070406, -35.403778, 569.4 ], [ 149.070409, -35.403748, 569.4 ], [ 149.070411, -35.403721, 569.6 ], [ 149.070412, -35.403695, 569.4 ], [ 149.070425, -35.403664, 569.4 ], [ 149.070429, -35.403638, 569.4 ], [ 149.070442, -35.403609, 569.2 ], [ 149.07046, -35.403584, 569.2 ], [ 149.070472, -35.403562, 569.2 ], [ 149.070497, -35.403535, 569.2 ], [ 149.070518, -35.40351, 569.2 ], [ 149.070542, -35.403482, 569.2 ], [ 149.070569, -35.403454, 569.2 ], [ 149.070588, -35.403428, 569.2 ], [ 149.070612, -35.403398, 569.2 ], [ 149.070636, -35.40338, 569.0 ], [ 149.070656, -35.403356, 569.0 ], [ 149.070682, -35.403322, 569.0 ], [ 149.070701, -35.403301, 569.0 ], [ 149.07073, -35.403278, 569.0 ], [ 149.070758, -35.403256, 569.0 ], [ 149.070779, -35.403238, 569.0 ], [ 149.070808, -35.403215, 569.0 ], [ 149.070831, -35.403198, 569.0 ], [ 149.070854, -35.403176, 569.0 ], [ 149.070882, -35.403154, 569.0 ], [ 149.070903, -35.403133, 569.0 ], [ 149.070929, -35.403112, 569.0 ], [ 149.070961, -35.403097, 569.0 ], [ 149.070984, -35.403082, 569.0 ], [ 149.071013, -35.403063, 569.0 ], [ 149.071041, -35.403051, 569.0 ], [ 149.071066, -35.403037, 568.8 ], [ 149.071096, -35.403022, 568.8 ], [ 149.071115, -35.403006, 568.8 ], [ 149.071143, -35.402988, 568.8 ], [ 149.071169, -35.402973, 568.8 ], [ 149.071193, -35.402956, 568.8 ], [ 149.071226, -35.40294, 568.8 ], [ 149.071251, -35.402927, 568.8 ], [ 149.071281, -35.402908, 568.6 ], [ 149.071314, -35.402891, 568.6 ], [ 149.071345, -35.402874, 568.6 ], [ 149.071376, -35.402857, 568.8 ], [ 149.071409, -35.402846, 568.8 ], [ 149.071433, -35.402829, 569.0 ], [ 149.071467, -35.402812, 569.0 ], [ 149.071493, -35.402796, 569.0 ], [ 149.071517, -35.402779, 569.0 ], [ 149.071547, -35.402759, 569.2 ], [ 149.071572, -35.402742, 569.2 ], [ 149.0716, -35.402723, 569.4 ], [ 149.071627, -35.402703, 569.4 ], [ 149.071648, -35.402685, 569.4 ], [ 149.071672, -35.402662, 569.4 ], [ 149.071696, -35.40264, 569.6 ], [ 149.071717, -35.402613, 569.6 ], [ 149.071737, -35.402584, 569.6 ], [ 149.071749, -35.402558, 569.8 ], [ 149.071761, -35.40253, 569.8 ], [ 149.07177, -35.402496, 570.0 ], [ 149.071765, -35.402474, 570.0 ], [ 149.071767, -35.402441, 570.0 ], [ 149.071764, -35.402412, 570.0 ], [ 149.071752, -35.40239, 570.0 ], [ 149.07174, -35.402361, 570.2 ], [ 149.071729, -35.402338, 570.0 ], [ 149.071715, -35.402313, 570.0 ], [ 149.071704, -35.402289, 570.0 ], [ 149.071686, -35.40227, 570.0 ], [ 149.071665, -35.402242, 570.0 ], [ 149.071654, -35.402219, 569.8 ], [ 149.071635, -35.402194, 569.8 ], [ 149.071618, -35.402164, 569.8 ], [ 149.071602, -35.402138, 569.8 ], [ 149.071584, -35.402109, 569.6 ], [ 149.071563, -35.40208, 569.6 ], [ 149.071545, -35.402058, 569.6 ], [ 149.071529, -35.402031, 569.6 ], [ 149.071514, -35.402001, 569.6 ], [ 149.071498, -35.401979, 569.6 ], [ 149.071481, -35.401949, 569.4 ], [ 149.071467, -35.401922, 569.4 ], [ 149.071449, -35.401899, 569.4 ], [ 149.071431, -35.40187, 569.2 ], [ 149.071415, -35.401848, 569.2 ], [ 149.071398, -35.401822, 569.4 ], [ 149.071387, -35.401795, 569.4 ], [ 149.07137, -35.401777, 569.2 ], [ 149.071357, -35.40175, 569.2 ], [ 149.071349, -35.401726, 569.2 ], [ 149.071341, -35.401701, 569.2 ], [ 149.071329, -35.40167, 569.0 ], [ 149.071316, -35.401646, 569.0 ], [ 149.071304, -35.401623, 569.0 ], [ 149.071292, -35.401594, 569.2 ], [ 149.071275, -35.401575, 569.2 ], [ 149.071257, -35.401545, 569.2 ], [ 149.071245, -35.401516, 569.2 ], [ 149.071228, -35.401495, 569.0 ], [ 149.071212, -35.401462, 569.0 ], [ 149.071199, -35.401437, 568.8 ], [ 149.071184, -35.401408, 568.8 ], [ 149.071171, -35.40138, 568.8 ], [ 149.071161, -35.401353, 568.8 ], [ 149.071149, -35.401323, 568.8 ], [ 149.071138, -35.401297, 568.8 ], [ 149.071123, -35.401272, 568.8 ], [ 149.071108, -35.401241, 568.8 ], [ 149.071091, -35.401219, 568.8 ], [ 149.071075, -35.401193, 568.8 ], [ 149.071063, -35.401165, 568.8 ], [ 149.071047, -35.401143, 568.8 ], [ 149.071035, -35.401112, 568.8 ], [ 149.071027, -35.40108, 568.8 ], [ 149.071018, -35.401055, 569.0 ], [ 149.071012, -35.401024, 569.0 ], [ 149.071006, -35.400997, 569.0 ], [ 149.070999, -35.400973, 569.0 ], [ 149.070995, -35.400941, 569.0 ], [ 149.070986, -35.400917, 569.0 ], [ 149.070983, -35.400885, 569.0 ], [ 149.070979, -35.400853, 569.0 ], [ 149.070973, -35.400826, 569.0 ], [ 149.07097, -35.400791, 569.0 ], [ 149.070969, -35.400764, 569.0 ], [ 149.070966, -35.400738, 569.0 ], [ 149.07097, -35.400708, 569.0 ], [ 149.07097, -35.400684, 569.0 ], [ 149.070973, -35.40065, 569.0 ], [ 149.070975, -35.400625, 569.0 ], [ 149.070974, -35.400598, 569.0 ], [ 149.070973, -35.400568, 569.0 ], [ 149.070968, -35.400541, 569.2 ], [ 149.070963, -35.40051, 569.0 ], [ 149.070967, -35.400476, 569.2 ], [ 149.070962, -35.400449, 569.2 ], [ 149.070963, -35.400418, 569.2 ], [ 149.070963, -35.400391, 569.2 ], [ 149.070953, -35.400365, 569.2 ], [ 149.070952, -35.400337, 569.2 ], [ 149.07095, -35.40031, 569.2 ], [ 149.070945, -35.40028, 569.2 ], [ 149.070943, -35.400244, 569.2 ], [ 149.070944, -35.400217, 569.2 ], [ 149.070944, -35.400184, 569.2 ], [ 149.070948, -35.400153, 569.4 ], [ 149.070941, -35.400123, 569.2 ], [ 149.070942, -35.400088, 569.2 ], [ 149.070945, -35.400061, 569.2 ], [ 149.070948, -35.400032, 569.2 ], [ 149.070952, -35.4, 569.2 ], [ 149.070953, -35.399972, 569.2 ], [ 149.070955, -35.399939, 569.2 ], [ 149.070957, -35.399913, 569.4 ], [ 149.070959, -35.399887, 569.4 ], [ 149.070966, -35.399855, 569.2 ], [ 149.07097, -35.39983, 569.4 ], [ 149.070976, -35.399803, 569.4 ], [ 149.070988, -35.399779, 569.4 ], [ 149.070997, -35.399756, 569.4 ], [ 149.071007, -35.399727, 569.4 ], [ 149.071016, -35.399705, 569.6 ], [ 149.071029, -35.399685, 569.4 ], [ 149.071042, -35.399664, 569.4 ], [ 149.071048, -35.399643, 569.4 ], [ 149.071062, -35.399622, 569.4 ], [ 149.07108, -35.399597, 569.4 ], [ 149.071092, -35.39957, 569.4 ], [ 149.071105, -35.399541, 569.4 ], [ 149.071115, -35.399508, 569.4 ], [ 149.071133, -35.399464, 569.4 ], [ 149.071155, -35.399424, 569.4 ], [ 149.07117, -35.399394, 569.6 ], [ 149.071187, -35.399359, 569.6 ], [ 149.071205, -35.399328, 569.6 ], [ 149.071217, -35.399308, 569.6 ], [ 149.071243, -35.399276, 569.6 ], [ 149.071257, -35.399255, 569.4 ], [ 149.071275, -35.399235, 569.4 ], [ 149.0713, -35.399209, 569.6 ], [ 149.071313, -35.399189, 569.6 ], [ 149.071334, -35.39916, 569.8 ], [ 149.071356, -35.399137, 569.8 ], [ 149.071371, -35.399117, 570.0 ], [ 149.071401, -35.399084, 570.0 ], [ 149.071419, -35.399064, 570.0 ], [ 149.071438, -35.399045, 570.0 ], [ 149.071469, -35.399022, 570.2 ], [ 149.071487, -35.399, 570.2 ], [ 149.071512, -35.398976, 570.2 ], [ 149.071537, -35.398955, 570.4 ], [ 149.071553, -35.398937, 570.4 ], [ 149.07158, -35.398909, 570.6 ], [ 149.071593, -35.398889, 570.4 ], [ 149.071613, -35.398866, 570.6 ], [ 149.071633, -35.398844, 570.6 ], [ 149.071647, -35.398824, 570.6 ], [ 149.071672, -35.398795, 570.8 ], [ 149.071694, -35.398778, 570.8 ], [ 149.071708, -35.39876, 570.8 ], [ 149.071736, -35.398732, 571.0 ], [ 149.071751, -35.398711, 571.0 ], [ 149.071773, -35.39869, 571.2 ], [ 149.071799, -35.39867, 571.4 ], [ 149.071821, -35.398651, 571.6 ], [ 149.071842, -35.398624, 571.8 ], [ 149.071861, -35.398605, 572.0 ], [ 149.071877, -35.398587, 572.0 ], [ 149.071903, -35.398559, 572.2 ], [ 149.071912, -35.398538, 572.4 ], [ 149.071929, -35.398518, 572.4 ], [ 149.071953, -35.398493, 572.6 ], [ 149.071967, -35.398472, 572.6 ], [ 149.071989, -35.398448, 572.6 ], [ 149.072011, -35.398426, 572.8 ], [ 149.072026, -35.398407, 572.8 ], [ 149.072047, -35.398383, 572.8 ], [ 149.072062, -35.398362, 572.8 ], [ 149.072078, -35.398341, 572.8 ], [ 149.072099, -35.39831, 573.0 ], [ 149.072108, -35.398289, 573.0 ], [ 149.072126, -35.398262, 573.0 ], [ 149.072152, -35.398244, 573.0 ], [ 149.072175, -35.398231, 573.2 ], [ 149.07221, -35.398214, 573.2 ], [ 149.072243, -35.398203, 573.2 ], [ 149.072272, -35.398192, 573.2 ], [ 149.072302, -35.398166, 573.4 ], [ 149.072317, -35.398145, 573.4 ], [ 149.072326, -35.398124, 573.4 ], [ 149.072328, -35.398094, 573.4 ], [ 149.072323, -35.398072, 573.2 ], [ 149.072309, -35.398039, 573.2 ], [ 149.072296, -35.398013, 573.0 ], [ 149.072282, -35.397992, 572.8 ], [ 149.072268, -35.397964, 572.6 ], [ 149.072255, -35.397942, 572.6 ], [ 149.072242, -35.397922, 572.6 ], [ 149.072201, -35.397916, 572.6 ], [ 149.072171, -35.397908, 572.8 ], [ 149.072129, -35.397903, 573.0 ], [ 149.072086, -35.397899, 573.2 ], [ 149.072048, -35.397898, 573.4 ], [ 149.072006, -35.39789, 573.6 ], [ 149.071971, -35.397881, 573.8 ], [ 149.071942, -35.397869, 574.0 ], [ 149.071915, -35.397852, 574.0 ], [ 149.071888, -35.397842, 574.2 ], [ 149.071857, -35.397827, 574.2 ], [ 149.071826, -35.397808, 574.2 ], [ 149.071797, -35.397796, 574.2 ], [ 149.071765, -35.397778, 574.2 ], [ 149.07174, -35.397758, 574.2 ], [ 149.071717, -35.397744, 574.4 ], [ 149.071686, -35.39772, 574.4 ], [ 149.071658, -35.397705, 574.4 ], [ 149.071622, -35.397686, 574.4 ], [ 149.071591, -35.397668, 574.4 ], [ 149.071563, -35.397657, 574.4 ], [ 149.071527, -35.397644, 574.4 ], [ 149.071499, -35.397638, 574.4 ], [ 149.071469, -35.39763, 574.4 ], [ 149.071431, -35.397618, 574.4 ], [ 149.071401, -35.397615, 574.2 ], [ 149.071368, -35.397606, 574.2 ], [ 149.07133, -35.3976, 574.2 ], [ 149.071299, -35.397595, 574.2 ], [ 149.071264, -35.397589, 574.2 ], [ 149.07123, -35.397587, 574.2 ], [ 149.071199, -35.397588, 574.2 ], [ 149.071162, -35.397586, 574.2 ], [ 149.071127, -35.397584, 574.2 ], [ 149.071093, -35.397584, 574.0 ], [ 149.071051, -35.397584, 574.2 ], [ 149.071019, -35.397587, 574.2 ], [ 149.070974, -35.397582, 574.2 ], [ 149.070939, -35.397584, 574.2 ], [ 149.070911, -35.39759, 574.2 ], [ 149.070868, -35.397595, 574.2 ], [ 149.070835, -35.397599, 574.0 ], [ 149.070803, -35.397607, 574.0 ], [ 149.070764, -35.397616, 574.0 ], [ 149.070738, -35.397628, 574.0 ], [ 149.070704, -35.397638, 574.0 ], [ 149.070669, -35.397644, 574.0 ], [ 149.070646, -35.397653, 574.0 ], [ 149.070608, -35.397668, 573.8 ], [ 149.070577, -35.397678, 573.8 ], [ 149.070555, -35.397692, 573.8 ], [ 149.070518, -35.397702, 573.8 ], [ 149.070491, -35.397709, 573.8 ], [ 149.071331, -35.397578, 574.2 ], [ 149.071304, -35.39758, 574.2 ], [ 149.071264, -35.397577, 574.2 ], [ 149.071228, -35.397572, 574.2 ], [ 149.07119, -35.397571, 574.2 ], [ 149.07115, -35.39757, 574.2 ], [ 149.071109, -35.397573, 574.2 ], [ 149.07107, -35.397577, 574.2 ], [ 149.071023, -35.397576, 574.2 ], [ 149.070988, -35.39758, 574.2 ], [ 149.070942, -35.397584, 574.2 ], [ 149.070903, -35.397588, 574.2 ], [ 149.070873, -35.397593, 574.2 ], [ 149.070828, -35.397599, 574.2 ], [ 149.070791, -35.397605, 574.0 ], [ 149.070757, -35.397616, 574.0 ], [ 149.070717, -35.397626, 574.0 ], [ 149.070689, -35.397638, 574.0 ], [ 149.070653, -35.397655, 574.0 ], [ 149.070614, -35.397663, 574.0 ], [ 149.07059, -35.397678, 574.0 ], [ 149.070548, -35.397691, 574.0 ], [ 149.070518, -35.397699, 573.8 ], [ 149.070478, -35.397711, 573.8 ], [ 149.070439, -35.397722, 573.8 ], [ 149.070412, -35.397733, 573.8 ], [ 149.070368, -35.397736, 573.6 ], [ 149.070332, -35.397734, 573.8 ], [ 149.070301, -35.397735, 573.8 ], [ 149.070253, -35.397735, 573.6 ], [ 149.070219, -35.397736, 573.6 ], [ 149.07018, -35.397737, 573.6 ], [ 149.07014, -35.397739, 573.6 ], [ 149.07011, -35.397746, 573.6 ], [ 149.070066, -35.397748, 573.8 ], [ 149.070026, -35.397748, 573.8 ], [ 149.069995, -35.397757, 573.8 ], [ 149.069958, -35.397766, 573.8 ], [ 149.069922, -35.397769, 573.8 ], [ 149.069892, -35.397777, 573.8 ], [ 149.069848, -35.397782, 573.6 ], [ 149.069816, -35.397793, 573.6 ], [ 149.06978, -35.397802, 573.6 ], [ 149.069745, -35.397802, 573.6 ], [ 149.069718, -35.39781, 573.6 ], [ 149.069671, -35.397818, 573.6 ], [ 149.069638, -35.397824, 573.6 ], [ 149.069608, -35.397831, 573.6 ], [ 149.069568, -35.397841, 573.6 ], [ 149.069538, -35.397854, 573.6 ], [ 149.0695, -35.397864, 573.4 ], [ 149.069464, -35.397874, 573.4 ], [ 149.069433, -35.397889, 573.4 ], [ 149.069391, -35.397901, 573.4 ], [ 149.069355, -35.397913, 573.4 ], [ 149.069327, -35.397931, 573.2 ], [ 149.069287, -35.397943, 573.2 ], [ 149.06926, -35.397961, 573.0 ], [ 149.069227, -35.397974, 572.8 ], [ 149.069184, -35.397981, 572.8 ], [ 149.069152, -35.397992, 572.8 ], [ 149.069112, -35.398006, 572.6 ], [ 149.06907, -35.398016, 572.6 ], [ 149.069043, -35.398028, 572.6 ], [ 149.069004, -35.398041, 572.4 ], [ 149.068972, -35.39805, 572.2 ], [ 149.068946, -35.398064, 572.2 ], [ 149.068907, -35.398077, 572.2 ], [ 149.068882, -35.398095, 572.0 ], [ 149.068853, -35.398109, 572.0 ], [ 149.068819, -35.398124, 572.2 ], [ 149.068802, -35.398145, 572.2 ], [ 149.068771, -35.398156, 572.2 ], [ 149.068747, -35.398175, 572.2 ], [ 149.068726, -35.398192, 572.2 ], [ 149.068698, -35.398213, 572.2 ], [ 149.068681, -35.398231, 572.4 ], [ 149.06866, -35.398252, 572.4 ], [ 149.068639, -35.398275, 572.4 ], [ 149.068623, -35.398297, 572.4 ], [ 149.068608, -35.398325, 572.4 ], [ 149.068595, -35.398357, 572.4 ], [ 149.068589, -35.398381, 572.2 ], [ 149.068586, -35.398417, 572.2 ], [ 149.068599, -35.398449, 572.0 ], [ 149.06861, -35.39848, 572.0 ], [ 149.068632, -35.398513, 572.0 ], [ 149.068651, -35.398538, 572.0 ], [ 149.068676, -35.398564, 571.8 ], [ 149.068704, -35.398593, 571.8 ], [ 149.068726, -35.398615, 571.8 ], [ 149.068756, -35.398644, 571.6 ], [ 149.068779, -35.39867, 571.6 ], [ 149.068806, -35.398692, 571.4 ], [ 149.068838, -35.398718, 571.4 ], [ 149.068863, -35.39874, 571.4 ], [ 149.068887, -35.398763, 571.2 ], [ 149.068908, -35.398788, 571.2 ], [ 149.068931, -35.398808, 571.2 ], [ 149.068959, -35.398835, 571.0 ], [ 149.068985, -35.398856, 571.0 ], [ 149.069006, -35.398876, 571.0 ], [ 149.069032, -35.398903, 570.8 ], [ 149.069054, -35.398925, 570.8 ], [ 149.069083, -35.398943, 570.6 ], [ 149.069111, -35.398967, 570.6 ], [ 149.06914, -35.398985, 570.6 ], [ 149.069167, -35.399009, 570.6 ], [ 149.069192, -35.399031, 570.6 ], [ 149.069213, -35.399051, 570.6 ], [ 149.069237, -35.39908, 570.6 ], [ 149.06926, -35.399099, 570.4 ], [ 149.069278, -35.399121, 570.4 ], [ 149.0693, -35.399151, 570.4 ], [ 149.069317, -35.399172, 570.2 ], [ 149.069328, -35.399199, 570.2 ], [ 149.069341, -35.399223, 570.2 ], [ 149.069355, -35.399244, 570.2 ], [ 149.069364, -35.399274, 570.2 ], [ 149.069372, -35.399299, 570.0 ], [ 149.069377, -35.399324, 570.0 ], [ 149.069372, -35.399361, 570.0 ], [ 149.069372, -35.399388, 570.0 ], [ 149.069369, -35.399422, 570.0 ], [ 149.069359, -35.399455, 570.0 ], [ 149.069357, -35.399479, 570.0 ], [ 149.069349, -35.399514, 569.8 ], [ 149.069339, -35.399539, 569.8 ], [ 149.069336, -35.399571, 569.8 ], [ 149.069329, -35.399603, 569.8 ], [ 149.069324, -35.39963, 569.8 ], [ 149.069319, -35.399657, 569.8 ], [ 149.069312, -35.399681, 570.0 ], [ 149.069309, -35.399707, 570.0 ], [ 149.069297, -35.399736, 569.8 ], [ 149.069286, -35.39976, 569.8 ], [ 149.069279, -35.399784, 569.8 ], [ 149.069269, -35.399816, 569.8 ], [ 149.069264, -35.399845, 569.6 ], [ 149.069262, -35.399883, 569.6 ], [ 149.069252, -35.399915, 569.6 ], [ 149.069253, -35.399948, 569.6 ], [ 149.069249, -35.399982, 569.6 ], [ 149.06924, -35.400012, 569.6 ], [ 149.069237, -35.400045, 569.6 ], [ 149.069226, -35.400076, 569.6 ], [ 149.069219, -35.400107, 569.4 ], [ 149.069212, -35.400137, 569.4 ], [ 149.069203, -35.400165, 569.4 ], [ 149.069194, -35.400191, 569.4 ], [ 149.069185, -35.400219, 569.4 ], [ 149.069173, -35.400247, 569.4 ], [ 149.069167, -35.400272, 569.4 ], [ 149.069155, -35.400304, 569.2 ], [ 149.069142, -35.400331, 569.4 ], [ 149.069128, -35.400363, 569.4 ], [ 149.069113, -35.400395, 569.4 ], [ 149.069105, -35.40042, 569.2 ], [ 149.069093, -35.400453, 569.2 ], [ 149.069083, -35.400477, 569.2 ], [ 149.069071, -35.400503, 569.2 ], [ 149.069057, -35.400535, 569.2 ], [ 149.069043, -35.40056, 569.2 ], [ 149.069032, -35.400589, 569.2 ], [ 149.069026, -35.400625, 569.2 ], [ 149.069025, -35.400653, 569.0 ], [ 149.069029, -35.400685, 569.0 ], [ 149.069036, -35.400718, 569.0 ], [ 149.06905, -35.400743, 569.0 ], [ 149.069068, -35.400772, 569.0 ], [ 149.069085, -35.400798, 569.0 ], [ 149.069104, -35.400824, 569.0 ], [ 149.069121, -35.400855, 569.0 ], [ 149.069137, -35.400886, 569.2 ], [ 149.069152, -35.400917, 569.2 ], [ 149.069162, -35.400944, 569.2 ], [ 149.069179, -35.400968, 569.2 ], [ 149.069193, -35.400997, 569.2 ], [ 149.069205, -35.401023, 569.2 ], [ 149.069216, -35.401047, 569.2 ], [ 149.069224, -35.401077, 569.2 ], [ 149.069232, -35.401104, 569.2 ], [ 149.069241, -35.401135, 569.2 ], [ 149.069246, -35.401164, 569.2 ], [ 149.069248, -35.401186, 569.4 ], [ 149.069255, -35.401218, 569.4 ], [ 149.069257, -35.401246, 569.4 ], [ 149.069258, -35.401269, 569.4 ], [ 149.069256, -35.401303, 569.6 ], [ 149.069252, -35.401326, 569.6 ], [ 149.06925, -35.401355, 569.4 ], [ 149.069243, -35.401388, 569.4 ], [ 149.069241, -35.401414, 569.4 ], [ 149.069236, -35.401448, 569.4 ], [ 149.069225, -35.401477, 569.4 ], [ 149.069219, -35.401505, 569.6 ], [ 149.069205, -35.401537, 569.6 ], [ 149.069187, -35.401566, 569.6 ], [ 149.069177, -35.40159, 569.6 ], [ 149.069157, -35.401618, 569.4 ], [ 149.069139, -35.401643, 569.4 ], [ 149.069122, -35.401667, 569.4 ], [ 149.069101, -35.401698, 569.4 ], [ 149.069085, -35.401719, 569.4 ], [ 149.069066, -35.401753, 569.4 ], [ 149.069053, -35.401781, 569.6 ], [ 149.06904, -35.401812, 569.6 ], [ 149.069018, -35.401841, 569.6 ], [ 149.069002, -35.40187, 569.6 ], [ 149.068988, -35.4019, 569.6 ], [ 149.068964, -35.401926, 569.6 ], [ 149.068953, -35.40195, 569.6 ], [ 149.068925, -35.401973, 569.6 ], [ 149.068902, -35.401996, 569.6 ], [ 149.068881, -35.402023, 569.8 ], [ 149.068853, -35.402044, 569.6 ], [ 149.068827, -35.402061, 569.6 ], [ 149.068804, -35.402083, 569.6 ], [ 149.068774, -35.402105, 569.6 ], [ 149.068756, -35.402131, 569.6 ], [ 149.068727, -35.402155, 569.6 ], [ 149.068696, -35.402175, 569.6 ], [ 149.06867, -35.402194, 569.6 ], [ 149.068637, -35.402218, 569.6 ], [ 149.068612, -35.402234, 569.6 ], [ 149.068592, -35.402253, 569.6 ], [ 149.068564, -35.402274, 569.6 ], [ 149.06854, -35.402294, 569.6 ], [ 149.068518, -35.402316, 569.6 ], [ 149.068489, -35.402337, 569.6 ], [ 149.068469, -35.402361, 569.6 ], [ 149.068436, -35.402383, 569.6 ], [ 149.068405, -35.402405, 569.6 ], [ 149.068382, -35.402427, 569.8 ], [ 149.068346, -35.402451, 569.8 ], [ 149.068325, -35.402475, 569.8 ], [ 149.068303, -35.402499, 569.8 ], [ 149.068275, -35.402522, 570.0 ], [ 149.068256, -35.402543, 570.0 ], [ 149.068226, -35.402572, 569.8 ], [ 149.068203, -35.402593, 570.0 ], [ 149.068187, -35.402612, 570.0 ], [ 149.068159, -35.402637, 570.0 ], [ 149.068135, -35.402657, 570.0 ], [ 149.068115, -35.402679, 569.8 ], [ 149.068086, -35.402706, 569.8 ], [ 149.068062, -35.402725, 569.8 ], [ 149.068035, -35.402747, 569.8 ], [ 149.068001, -35.402765, 569.8 ], [ 149.067982, -35.402783, 569.8 ], [ 149.067952, -35.402806, 569.8 ], [ 149.067915, -35.40282, 569.8 ], [ 149.067885, -35.402841, 569.8 ], [ 149.067842, -35.402858, 569.8 ], [ 149.0678, -35.402862, 569.6 ], [ 149.067765, -35.402873, 569.4 ], [ 149.067718, -35.402875, 569.4 ], [ 149.067679, -35.402872, 569.2 ], [ 149.06764, -35.402875, 569.2 ], [ 149.067598, -35.402874, 569.2 ], [ 149.067559, -35.402869, 569.2 ], [ 149.067526, -35.402871, 569.2 ], [ 149.067483, -35.402875, 569.2 ], [ 149.06745, -35.402881, 569.0 ], [ 149.067416, -35.40289, 569.0 ], [ 149.067384, -35.402906, 568.8 ], [ 149.067362, -35.402924, 568.8 ], [ 149.067337, -35.402944, 568.8 ], [ 149.067314, -35.402966, 568.8 ], [ 149.067302, -35.402987, 568.8 ], [ 149.067284, -35.403011, 568.8 ], [ 149.067262, -35.40303, 568.8 ], [ 149.067246, -35.403053, 568.8 ], [ 149.067223, -35.403086, 569.0 ], [ 149.067199, -35.403115, 569.0 ], [ 149.067184, -35.403141, 569.0 ], [ 149.067159, -35.403173, 569.0 ], [ 149.067146, -35.4032, 569.0 ], [ 149.067135, -35.403229, 569.2 ], [ 149.067118, -35.403263, 569.2 ], [ 149.067107, -35.403291, 569.2 ], [ 149.067099, -35.403324, 569.4 ], [ 149.067088, -35.403358, 569.4 ], [ 149.067083, -35.40339, 569.4 ], [ 149.067076, -35.403429, 569.4 ], [ 149.067061, -35.403462, 569.4 ], [ 149.067052, -35.403489, 569.4 ], [ 149.067037, -35.403522, 569.4 ], [ 149.067024, -35.40355, 569.4 ], [ 149.067016, -35.403579, 569.4 ], [ 149.067005, -35.403609, 569.4 ], [ 149.066995, -35.403639, 569.4 ], [ 149.066988, -35.403668, 569.4 ], [ 149.066983, -35.4037, 569.4 ], [ 149.066991, -35.403728, 569.4 ], [ 149.066989, -35.403757, 569.4 ], [ 149.066989, -35.403789, 569.4 ], [ 149.066992, -35.403822, 569.6 ], [ 149.066996, -35.403853, 569.4 ], [ 149.066995, -35.403886, 569.4 ], [ 149.067001, -35.403912, 569.4 ], [ 149.06701, -35.403948, 569.4 ], [ 149.067017, -35.403972, 569.4 ], [ 149.067027, -35.404, 569.2 ], [ 149.067032, -35.404033, 569.2 ], [ 149.067041, -35.404058, 569.2 ], [ 149.067052, -35.404091, 569.2 ], [ 149.067059, -35.404123, 569.2 ], [ 149.067065, -35.404147, 569.4 ], [ 149.067066, -35.404182, 569.4 ], [ 149.067065, -35.404213, 569.4 ], [ 149.067076, -35.404238, 569.4 ], [ 149.06708, -35.40427, 569.2 ], [ 149.067079, -35.404294, 569.2 ], [ 149.067078, -35.404321, 569.2 ], [ 149.067076, -35.404356, 569.2 ], [ 149.067068, -35.404384, 569.2 ], [ 149.067067, -35.40441, 569.2 ], [ 149.067053, -35.404445, 569.2 ], [ 149.06705, -35.404474, 569.2 ], [ 149.067041, -35.404505, 569.2 ], [ 149.067028, -35.404535, 569.2 ], [ 149.067029, -35.404564, 569.2 ], [ 149.067019, -35.404591, 569.2 ], [ 149.067003, -35.404616, 569.0 ], [ 149.066993, -35.404641, 569.0 ], [ 149.066979, -35.404671, 569.0 ], [ 149.066965, -35.404695, 569.0 ], [ 149.066953, -35.404725, 569.0 ], [ 149.066933, -35.404758, 569.0 ], [ 149.066921, -35.404785, 568.8 ], [ 149.066907, -35.404814, 568.8 ], [ 149.066888, -35.404839, 568.8 ], [ 149.066879, -35.404867, 568.8 ], [ 149.066863, -35.404899, 568.8 ], [ 149.066846, -35.404925, 568.6 ], [ 149.066835, -35.40495, 568.6 ], [ 149.06682, -35.404978, 568.6 ], [ 149.066801, -35.405001, 568.6 ], [ 149.066787, -35.40503, 568.6 ], [ 149.066773, -35.405058, 568.6 ], [ 149.066766, -35.40508, 568.6 ], [ 149.066752, -35.405106, 568.6 ], [ 149.066738, -35.405136, 568.6 ], [ 149.066727, -35.405167, 568.6 ], [ 149.066716, -35.405197, 568.6 ], [ 149.066709, -35.405228, 568.6 ], [ 149.066706, -35.405257, 568.6 ], [ 149.066697, -35.405293, 568.6 ], [ 149.06669, -35.40532, 568.6 ], [ 149.066688, -35.405348, 568.6 ], [ 149.066676, -35.405382, 568.6 ], [ 149.066668, -35.405411, 568.6 ], [ 149.06666, -35.405439, 568.6 ], [ 149.066645, -35.40547, 568.6 ], [ 149.066649, -35.405498, 568.6 ], [ 149.066644, -35.405524, 568.8 ], [ 149.066634, -35.405555, 568.8 ], [ 149.066634, -35.405588, 568.8 ], [ 149.066628, -35.405621, 569.0 ], [ 149.066615, -35.405646, 569.0 ], [ 149.06661, -35.405672, 569.2 ], [ 149.066603, -35.405704, 569.2 ], [ 149.066597, -35.40573, 569.2 ], [ 149.066589, -35.405756, 569.4 ], [ 149.066573, -35.405784, 569.4 ], [ 149.066571, -35.405811, 569.4 ], [ 149.066562, -35.40584, 569.4 ], [ 149.066546, -35.405869, 569.6 ], [ 149.066542, -35.405894, 569.6 ], [ 149.06653, -35.405923, 569.6 ], [ 149.066511, -35.405947, 569.6 ], [ 149.066501, -35.405971, 569.8 ], [ 149.066485, -35.406001, 569.8 ], [ 149.066465, -35.406021, 570.0 ], [ 149.066454, -35.406045, 570.0 ], [ 149.066434, -35.406078, 570.0 ], [ 149.06642, -35.406104, 570.0 ], [ 149.066404, -35.406131, 570.0 ], [ 149.066381, -35.406158, 570.2 ], [ 149.066368, -35.406185, 570.2 ], [ 149.066347, -35.406213, 570.4 ], [ 149.066326, -35.406234, 570.4 ], [ 149.06631, -35.406254, 570.6 ], [ 149.06628, -35.40628, 570.6 ], [ 149.06626, -35.406298, 570.8 ], [ 149.06623, -35.406313, 570.8 ], [ 149.06619, -35.406327, 570.8 ], [ 149.066163, -35.406342, 571.0 ], [ 149.066126, -35.406351, 571.0 ], [ 149.066096, -35.406352, 571.2 ], [ 149.066067, -35.406361, 571.4 ], [ 149.066033, -35.406356, 571.4 ], [ 149.066002, -35.406346, 571.6 ], [ 149.065974, -35.406334, 571.6 ], [ 149.065939, -35.406317, 571.6 ], [ 149.065909, -35.406299, 571.8 ], [ 149.065883, -35.406284, 571.8 ], [ 149.06585, -35.406263, 571.8 ], [ 149.065819, -35.406253, 571.8 ], [ 149.065789, -35.406237, 571.8 ], [ 149.065762, -35.406221, 571.8 ], [ 149.065732, -35.406209, 571.8 ], [ 149.065691, -35.406194, 572.0 ], [ 149.065661, -35.406181, 571.8 ], [ 149.065632, -35.406172, 571.8 ], [ 149.065598, -35.406157, 571.8 ], [ 149.065569, -35.406148, 571.8 ], [ 149.065537, -35.406134, 571.8 ], [ 149.065503, -35.406116, 571.8 ], [ 149.065474, -35.406107, 571.8 ], [ 149.065435, -35.406094, 571.8 ], [ 149.065405, -35.406084, 571.8 ], [ 149.065375, -35.406073, 571.8 ], [ 149.065338, -35.406058, 571.8 ], [ 149.065308, -35.406054, 571.8 ], [ 149.065274, -35.406042, 571.8 ], [ 149.065241, -35.406032, 571.8 ], [ 149.065213, -35.406023, 571.8 ], [ 149.065175, -35.406011, 571.8 ], [ 149.065145, -35.406, 571.8 ], [ 149.065115, -35.405994, 572.0 ], [ 149.065085, -35.405985, 572.0 ], [ 149.065055, -35.405987, 572.0 ], [ 149.065026, -35.405981, 572.0 ], [ 149.065004, -35.405972, 572.0 ], [ 149.064975, -35.405963, 572.0 ], [ 149.064931, -35.405956, 572.0 ], [ 149.064891, -35.405955, 572.2 ], [ 149.064852, -35.405957, 572.2 ], [ 149.064807, -35.405957, 572.4 ], [ 149.06477, -35.405958, 572.4 ], [ 149.064732, -35.405959, 572.4 ], [ 149.064689, -35.405968, 572.4 ], [ 149.064661, -35.405983, 572.4 ], [ 149.064623, -35.406007, 572.4 ], [ 149.064595, -35.406028, 572.4 ], [ 149.064578, -35.406049, 572.6 ], [ 149.064559, -35.406078, 572.6 ], [ 149.064552, -35.406103, 572.6 ], [ 149.064542, -35.406132, 572.4 ], [ 149.064526, -35.406164, 572.4 ], [ 149.064526, -35.406193, 572.4 ], [ 149.064511, -35.406224, 572.4 ], [ 149.0645, -35.406253, 572.4 ], [ 149.064498, -35.40628, 572.4 ], [ 149.064483, -35.406313, 572.4 ], [ 149.064474, -35.406338, 572.4 ], [ 149.064461, -35.406367, 572.4 ], [ 149.064449, -35.406399, 572.4 ], [ 149.064447, -35.406428, 572.4 ], [ 149.06443, -35.406459, 572.4 ], [ 149.064417, -35.406485, 572.4 ], [ 149.064409, -35.406511, 572.4 ], [ 149.064394, -35.406545, 572.4 ], [ 149.064389, -35.406573, 572.4 ], [ 149.064375, -35.406602, 572.4 ], [ 149.064362, -35.40663, 572.4 ], [ 149.064361, -35.406656, 572.4 ], [ 149.064346, -35.406686, 572.4 ], [ 149.064332, -35.40671, 572.4 ], [ 149.064325, -35.406736, 572.4 ], [ 149.06431, -35.406766, 572.4 ], [ 149.064303, -35.406793, 572.4 ], [ 149.064285, -35.406818, 572.4 ], [ 149.06427, -35.406843, 572.4 ], [ 149.064266, -35.406868, 572.4 ], [ 149.064248, -35.406897, 572.4 ], [ 149.064236, -35.406923, 572.4 ], [ 149.064221, -35.40695, 572.4 ], [ 149.064203, -35.406978, 572.4 ], [ 149.064198, -35.407011, 572.4 ], [ 149.064182, -35.407041, 572.4 ], [ 149.064165, -35.407069, 572.6 ], [ 149.064155, -35.407096, 572.6 ], [ 149.06414, -35.407127, 572.6 ], [ 149.064133, -35.407155, 572.4 ], [ 149.064115, -35.407182, 572.4 ], [ 149.064099, -35.407208, 572.4 ], [ 149.064096, -35.407234, 572.4 ], [ 149.064077, -35.407264, 572.4 ], [ 149.064062, -35.407289, 572.4 ], [ 149.064051, -35.407318, 572.4 ], [ 149.064042, -35.407349, 572.6 ], [ 149.064035, -35.40738, 572.6 ], [ 149.064019, -35.407407, 572.6 ], [ 149.064001, -35.407434, 572.6 ], [ 149.063995, -35.407463, 572.6 ], [ 149.063974, -35.407496, 572.4 ], [ 149.063961, -35.40752, 572.4 ], [ 149.063948, -35.407548, 572.4 ], [ 149.06393, -35.407574, 572.4 ], [ 149.063926, -35.4076, 572.4 ], [ 149.063908, -35.407632, 572.4 ], [ 149.06389, -35.407661, 572.4 ], [ 149.063884, -35.407691, 572.4 ], [ 149.063869, -35.407722, 572.4 ], [ 149.063854, -35.407748, 572.6 ], [ 149.063839, -35.407773, 572.6 ], [ 149.063822, -35.407805, 572.6 ], [ 149.063814, -35.407832, 572.6 ], [ 149.063794, -35.407861, 572.4 ], [ 149.063776, -35.407887, 572.4 ], [ 149.06377, -35.407914, 572.4 ], [ 149.063754, -35.407944, 572.4 ], [ 149.063745, -35.407971, 572.2 ], [ 149.063728, -35.407998, 572.2 ], [ 149.063706, -35.408028, 572.4 ], [ 149.063697, -35.408057, 572.4 ], [ 149.063678, -35.408089, 572.4 ], [ 149.063662, -35.408115, 572.4 ], [ 149.063654, -35.408143, 572.4 ], [ 149.063632, -35.408173, 572.4 ], [ 149.063624, -35.408197, 572.4 ], [ 149.063603, -35.408221, 572.4 ], [ 149.063581, -35.408241, 572.4 ], [ 149.063574, -35.408264, 572.6 ], [ 149.063549, -35.408294, 572.8 ], [ 149.063532, -35.408314, 572.8 ], [ 149.063512, -35.408339, 573.0 ], [ 149.063491, -35.408365, 573.2 ], [ 149.063486, -35.408393, 573.2 ], [ 149.063469, -35.408425, 573.2 ], [ 149.063455, -35.40845, 573.2 ], [ 149.06345, -35.408475, 573.2 ], [ 149.063426, -35.408506, 573.2 ], [ 149.063413, -35.40853, 573.2 ], [ 149.063397, -35.408554, 573.2 ], [ 149.063376, -35.408583, 573.2 ], [ 149.063364, -35.408602, 573.2 ], [ 149.063349, -35.408634, 573.0 ], [ 149.063331, -35.408661, 573.0 ], [ 149.063319, -35.40868, 573.0 ], [ 149.063294, -35.408708, 573.0 ], [ 149.063279, -35.408726, 573.0 ], [ 149.063261, -35.408746, 573.0 ], [ 149.063244, -35.408773, 573.0 ], [ 149.063233, -35.408795, 573.0 ], [ 149.063215, -35.40882, 573.0 ], [ 149.06319, -35.408845, 573.0 ], [ 149.063178, -35.408871, 572.8 ], [ 149.063159, -35.4089, 573.0 ], [ 149.063144, -35.408925, 572.8 ], [ 149.063127, -35.408948, 572.8 ], [ 149.063106, -35.408977, 572.8 ], [ 149.063099, -35.409, 572.6 ], [ 149.06308, -35.409031, 572.6 ], [ 149.063067, -35.409056, 572.6 ], [ 149.063062, -35.409083, 572.6 ], [ 149.063045, -35.409111, 572.6 ], [ 149.063027, -35.409137, 572.6 ], [ 149.063013, -35.409162, 572.4 ], [ 149.062992, -35.409192, 572.4 ], [ 149.062979, -35.409215, 572.4 ], [ 149.062959, -35.409242, 572.4 ], [ 149.06294, -35.409274, 572.4 ], [ 149.062929, -35.409298, 572.4 ], [ 149.062907, -35.409323, 572.4 ], [ 149.062889, -35.409348, 572.4 ], [ 149.062877, -35.409372, 572.4 ], [ 149.062856, -35.409405, 572.4 ], [ 149.062843, -35.409427, 572.4 ], [ 149.062827, -35.409452, 572.4 ], [ 149.062806, -35.409479, 572.4 ], [ 149.062801, -35.409505, 572.4 ], [ 149.06279, -35.409535, 572.2 ], [ 149.062782, -35.409561, 572.4 ], [ 149.062782, -35.409588, 572.4 ], [ 149.062774, -35.409623, 572.2 ], [ 149.062776, -35.409646, 572.2 ], [ 149.062771, -35.409675, 572.0 ], [ 149.062767, -35.409706, 572.0 ], [ 149.06277, -35.409726, 571.8 ], [ 149.062771, -35.409761, 571.8 ], [ 149.062772, -35.409789, 571.6 ], [ 149.062775, -35.409819, 571.4 ], [ 149.062791, -35.409855, 571.4 ], [ 149.062812, -35.409883, 571.2 ], [ 149.062832, -35.409909, 571.0 ], [ 149.062854, -35.409935, 571.0 ], [ 149.062877, -35.409951, 571.0 ], [ 149.062902, -35.409974, 571.0 ], [ 149.062926, -35.409993, 571.0 ], [ 149.062951, -35.410007, 571.0 ], [ 149.062981, -35.410024, 570.8 ], [ 149.063009, -35.41003, 570.8 ], [ 149.063041, -35.410038, 570.8 ], [ 149.063082, -35.410049, 570.8 ], [ 149.063115, -35.410055, 570.8 ], [ 149.063155, -35.410068, 570.8 ], [ 149.063187, -35.410078, 570.6 ], [ 149.063224, -35.410078, 570.6 ], [ 149.063265, -35.410085, 570.6 ], [ 149.063299, -35.410091, 570.6 ], [ 149.063335, -35.4101, 570.4 ], [ 149.063372, -35.410109, 570.4 ], [ 149.0634, -35.410112, 570.4 ], [ 149.063444, -35.410122, 570.2 ], [ 149.063482, -35.410133, 570.2 ], [ 149.063516, -35.410138, 570.4 ], [ 149.063554, -35.410148, 570.4 ], [ 149.063588, -35.410157, 570.4 ], [ 149.06362, -35.410163, 570.4 ], [ 149.063663, -35.410169, 570.6 ], [ 149.063694, -35.410177, 570.6 ], [ 149.063738, -35.410184, 570.6 ], [ 149.063772, -35.410194, 570.8 ], [ 149.063804, -35.410199, 570.8 ], [ 149.063836, -35.410213, 571.0 ], [ 149.063863, -35.410226, 571.0 ], [ 149.063892, -35.410236, 571.0 ], [ 149.063924, -35.410258, 571.0 ], [ 149.063952, -35.41028, 571.0 ], [ 149.063979, -35.410302, 571.2 ], [ 149.063997, -35.410327, 571.2 ], [ 149.064015, -35.410345, 571.2 ], [ 149.064036, -35.410372, 571.2 ], [ 149.064053, -35.410397, 571.2 ], [ 149.064072, -35.410422, 571.2 ], [ 149.064095, -35.410459, 571.2 ], [ 149.064117, -35.41048, 571.2 ], [ 149.064137, -35.410502, 571.2 ], [ 149.064153, -35.410529, 571.0 ], [ 149.064175, -35.410549, 571.0 ], [ 149.064198, -35.410579, 570.8 ], [ 149.064214, -35.410604, 570.8 ], [ 149.064231, -35.410623, 570.6 ], [ 149.064244, -35.410649, 570.6 ], [ 149.064262, -35.410669, 570.4 ], [ 149.064271, -35.410689, 570.4 ], [ 149.064282, -35.410713, 570.4 ], [ 149.064294, -35.410735, 570.4 ], [ 149.064301, -35.410761, 570.4 ], [ 149.0643, -35.410789, 570.4 ], [ 149.064304, -35.41081, 570.2 ], [ 149.064309, -35.410847, 570.2 ], [ 149.064313, -35.410876, 570.2 ], [ 149.064322, -35.410908, 570.2 ], [ 149.064332, -35.410945, 570.0 ], [ 149.064345, -35.410974, 570.0 ], [ 149.064362, -35.411002, 570.0 ], [ 149.06439, -35.411031, 570.0 ], [ 149.064411, -35.411051, 570.0 ], [ 149.064441, -35.411074, 570.0 ], [ 149.064465, -35.411095, 570.0 ], [ 149.064494, -35.411113, 570.0 ], [ 149.064531, -35.411137, 569.8 ], [ 149.064559, -35.411155, 569.8 ], [ 149.064592, -35.411166, 569.8 ], [ 149.06463, -35.411171, 569.8 ], [ 149.064662, -35.411174, 569.6 ], [ 149.064704, -35.411182, 569.8 ], [ 149.064737, -35.411188, 569.8 ], [ 149.064768, -35.411186, 569.8 ], [ 149.064804, -35.411196, 569.8 ], [ 149.064831, -35.411198, 569.8 ], [ 149.064866, -35.411197, 569.8 ], [ 149.064916, -35.411203, 569.8 ], [ 149.064949, -35.411197, 569.6 ], [ 149.064991, -35.411203, 569.6 ], [ 149.065033, -35.411205, 569.6 ], [ 149.06507, -35.411201, 569.6 ], [ 149.065113, -35.411207, 569.6 ], [ 149.065143, -35.411216, 569.6 ], [ 149.065181, -35.411222, 569.6 ], [ 149.065228, -35.41123, 569.6 ], [ 149.065257, -35.411237, 569.6 ], [ 149.06529, -35.411238, 569.6 ], [ 149.065328, -35.41125, 569.6 ], [ 149.065359, -35.411255, 569.6 ], [ 149.065398, -35.411268, 569.6 ], [ 149.065429, -35.411278, 569.6 ], [ 149.065461, -35.411285, 569.6 ], [ 149.065496, -35.411299, 569.6 ], [ 149.065522, -35.411312, 569.6 ], [ 149.06555, -35.411324, 569.6 ], [ 149.06558, -35.411341, 569.6 ], [ 149.065602, -35.411355, 569.6 ], [ 149.065627, -35.411368, 569.6 ], [ 149.065654, -35.411381, 569.6 ], [ 149.065683, -35.411392, 569.6 ], [ 149.065716, -35.411409, 569.6 ], [ 149.065745, -35.411422, 569.6 ], [ 149.065776, -35.411427, 569.6 ], [ 149.065808, -35.411439, 569.6 ], [ 149.065854, -35.411442, 569.6 ], [ 149.065893, -35.411446, 569.6 ], [ 149.065933, -35.411452, 569.6 ], [ 149.065965, -35.411456, 569.6 ], [ 149.066011, -35.411461, 569.6 ], [ 149.066043, -35.411464, 569.6 ], [ 149.066078, -35.411463, 569.8 ], [ 149.066128, -35.411469, 569.8 ], [ 149.066164, -35.411469, 569.8 ], [ 149.066204, -35.411474, 570.0 ], [ 149.066238, -35.411491, 570.0 ], [ 149.066263, -35.4115, 570.0 ], [ 149.066297, -35.411516, 570.0 ], [ 149.066328, -35.411534, 570.0 ], [ 149.066355, -35.411543, 570.0 ], [ 149.066394, -35.411563, 570.0 ], [ 149.066424, -35.411568, 570.0 ], [ 149.066454, -35.411573, 570.0 ], [ 149.06649, -35.411586, 569.8 ], [ 149.06652, -35.411587, 569.8 ], [ 149.066559, -35.411592, 569.8 ], [ 149.066592, -35.411596, 569.8 ], [ 149.06662, -35.411598, 569.8 ], [ 149.066664, -35.411607, 570.0 ], [ 149.066695, -35.411605, 570.0 ], [ 149.066737, -35.41161, 570.0 ], [ 149.066771, -35.411626, 570.2 ], [ 149.066797, -35.411627, 570.4 ], [ 149.066835, -35.411639, 570.4 ], [ 149.066862, -35.411654, 570.6 ], [ 149.066887, -35.411662, 570.6 ], [ 149.066925, -35.411677, 570.6 ], [ 149.066957, -35.411679, 570.6 ], [ 149.066989, -35.411686, 570.6 ], [ 149.067022, -35.4117, 570.4 ], [ 149.067053, -35.411702, 570.4 ], [ 149.067087, -35.411705, 570.2 ], [ 149.067128, -35.411708, 570.0 ], [ 149.06716, -35.411701, 570.0 ], [ 149.0672, -35.411695, 569.8 ], [ 149.067242, -35.411692, 569.4 ], [ 149.067266, -35.411681, 569.2 ], [ 149.067307, -35.411667, 569.0 ], [ 149.067339, -35.411655, 568.8 ], [ 149.067368, -35.411641, 568.6 ], [ 149.067409, -35.411633, 568.6 ], [ 149.067438, -35.411624, 568.4 ], [ 149.067474, -35.41162, 568.4 ], [ 149.06751, -35.411624, 568.4 ], [ 149.06754, -35.411625, 568.4 ], [ 149.067579, -35.411637, 568.4 ], [ 149.067607, -35.41165, 568.4 ], [ 149.067635, -35.411666, 568.4 ], [ 149.067663, -35.411694, 568.4 ], [ 149.067685, -35.411714, 568.4 ], [ 149.0677, -35.41174, 568.4 ], [ 149.067715, -35.411775, 568.4 ], [ 149.067735, -35.411797, 568.4 ], [ 149.067757, -35.411823, 568.4 ], [ 149.06777, -35.411849, 568.4 ], [ 149.067784, -35.411873, 568.4 ], [ 149.067805, -35.411906, 568.4 ], [ 149.067818, -35.411931, 568.4 ], [ 149.067835, -35.411953, 568.4 ], [ 149.067856, -35.411978, 568.4 ], [ 149.067877, -35.411996, 568.4 ], [ 149.067899, -35.412023, 568.4 ], [ 149.067919, -35.412046, 568.4 ], [ 149.067937, -35.412065, 568.4 ], [ 149.067957, -35.41209, 568.4 ], [ 149.067978, -35.412109, 568.4 ], [ 149.068002, -35.412126, 568.4 ], [ 149.06803, -35.412149, 568.4 ], [ 149.068053, -35.412169, 568.4 ], [ 149.068073, -35.412191, 568.2 ], [ 149.068087, -35.412215, 568.2 ], [ 149.068102, -35.412238, 568.2 ], [ 149.068121, -35.412261, 568.2 ], [ 149.068137, -35.412277, 568.2 ], [ 149.068153, -35.412303, 568.2 ], [ 149.068169, -35.412327, 568.2 ], [ 149.068189, -35.412346, 568.2 ], [ 149.068205, -35.412366, 568.2 ], [ 149.068223, -35.412393, 568.2 ], [ 149.068242, -35.412414, 568.2 ], [ 149.068276, -35.412437, 568.2 ], [ 149.068307, -35.412462, 568.2 ], [ 149.068335, -35.412471, 568.2 ], [ 149.068374, -35.41248, 568.2 ], [ 149.068407, -35.412492, 568.2 ], [ 149.068431, -35.4125, 568.2 ], [ 149.068463, -35.412521, 568.2 ], [ 149.06849, -35.412538, 568.2 ], [ 149.068509, -35.412557, 568.2 ], [ 149.068532, -35.412589, 568.2 ], [ 149.068549, -35.412611, 568.2 ], [ 149.06857, -35.412636, 568.2 ], [ 149.068591, -35.412667, 568.2 ], [ 149.06861, -35.412688, 568.2 ], [ 149.068635, -35.412716, 568.2 ], [ 149.068656, -35.412742, 568.2 ], [ 149.068675, -35.412758, 568.2 ], [ 149.068698, -35.412792, 568.2 ], [ 149.068714, -35.412816, 568.2 ], [ 149.068729, -35.412837, 568.2 ], [ 149.068748, -35.41287, 568.2 ], [ 149.068768, -35.412889, 568.2 ], [ 149.068775, -35.412918, 568.0 ], [ 149.068772, -35.41295, 568.2 ], [ 149.068777, -35.412977, 568.2 ], [ 149.068789, -35.413012, 568.2 ], [ 149.068806, -35.413038, 568.2 ], [ 149.068823, -35.413062, 568.4 ], [ 149.068842, -35.413093, 568.4 ], [ 149.068861, -35.413114, 568.4 ], [ 149.068877, -35.413137, 568.4 ], [ 149.068894, -35.413172, 568.4 ], [ 149.068905, -35.413193, 568.4 ], [ 149.068923, -35.413214, 568.4 ], [ 149.06895, -35.413234, 568.4 ], [ 149.068976, -35.413243, 568.4 ], [ 149.069015, -35.41326, 568.4 ], [ 149.069048, -35.413279, 568.4 ], [ 149.069072, -35.413294, 568.4 ], [ 149.069095, -35.413325, 568.2 ], [ 149.069114, -35.413347, 568.2 ], [ 149.069132, -35.41337, 568.2 ], [ 149.069151, -35.413402, 568.2 ], [ 149.069168, -35.413424, 568.2 ], [ 149.069191, -35.413451, 568.2 ], [ 149.069209, -35.41348, 568.2 ], [ 149.069226, -35.413499, 568.2 ], [ 149.06925, -35.41353, 568.2 ], [ 149.069263, -35.413554, 568.2 ], [ 149.069278, -35.413575, 568.2 ], [ 149.069299, -35.413606, 568.2 ], [ 149.069322, -35.413622, 568.0 ], [ 149.069344, -35.413646, 568.0 ], [ 149.069363, -35.413675, 568.0 ], [ 149.069382, -35.413689, 568.2 ], [ 149.0694, -35.413722, 568.2 ], [ 149.069404, -35.413752, 568.2 ], [ 149.069409, -35.41378, 568.2 ], [ 149.069402, -35.413813, 568.4 ], [ 149.069396, -35.413838, 568.4 ], [ 149.06939, -35.413863, 568.4 ], [ 149.069381, -35.413887, 568.4 ], [ 149.069379, -35.413914, 568.4 ], [ 149.069368, -35.413943, 568.4 ], [ 149.069359, -35.413968, 568.4 ], [ 149.069356, -35.413996, 568.4 ], [ 149.069348, -35.41403, 568.4 ], [ 149.069343, -35.41406, 568.4 ], [ 149.069339, -35.414093, 568.4 ], [ 149.069324, -35.414126, 568.4 ], [ 149.069319, -35.414152, 568.4 ], [ 149.06931, -35.414188, 568.4 ], [ 149.069297, -35.414209, 568.4 ], [ 149.069288, -35.41423, 568.4 ], [ 149.069281, -35.414259, 568.4 ], [ 149.069283, -35.41428, 568.4 ], [ 149.069275, -35.414312, 568.2 ], [ 149.069265, -35.414344, 568.4 ], [ 149.069267, -35.414366, 568.4 ], [ 149.069259, -35.414406, 568.4 ], [ 149.069251, -35.414429, 568.6 ], [ 149.069247, -35.414459, 568.6 ], [ 149.069233, -35.414495, 568.6 ], [ 149.069224, -35.414515, 568.6 ], [ 149.069213, -35.414549, 568.6 ], [ 149.069201, -35.414572, 568.6 ], [ 149.069197, -35.4146, 568.6 ], [ 149.069188, -35.414629, 568.6 ], [ 149.069176, -35.414669, 568.6 ], [ 149.069167, -35.41469, 568.6 ], [ 149.069169, -35.414715, 568.6 ], [ 149.06919, -35.414743, 568.4 ], [ 149.069211, -35.41477, 568.4 ], [ 149.069235, -35.4148, 568.4 ], [ 149.06926, -35.414821, 568.4 ], [ 149.069287, -35.414848, 568.4 ], [ 149.069308, -35.414873, 568.4 ], [ 149.069326, -35.414896, 568.4 ], [ 149.069348, -35.414929, 568.4 ], [ 149.069369, -35.414952, 568.4 ], [ 149.069398, -35.414978, 568.4 ], [ 149.069431, -35.414991, 568.4 ], [ 149.069452, -35.414983, 568.4 ], [ 149.069495, -35.414966, 568.6 ], [ 149.069524, -35.414949, 568.6 ], [ 149.069557, -35.41493, 568.6 ], [ 149.069598, -35.414912, 568.6 ], [ 149.069626, -35.414897, 568.6 ], [ 149.06966, -35.414897, 568.6 ], [ 149.069688, -35.414916, 568.6 ], [ 149.06971, -35.41493, 568.6 ], [ 149.069727, -35.414959, 568.6 ], [ 149.069742, -35.414988, 568.6 ], [ 149.069759, -35.415012, 568.6 ], [ 149.06978, -35.415045, 568.6 ], [ 149.069797, -35.415069, 568.6 ], [ 149.069816, -35.415095, 568.6 ], [ 149.069844, -35.415119, 568.6 ], [ 149.069859, -35.415134, 568.6 ], [ 149.069897, -35.415149, 568.6 ], [ 149.06993, -35.415144, 568.6 ], [ 149.069955, -35.41513, 568.6 ], [ 149.069994, -35.415108, 568.6 ], [ 149.070022, -35.415093, 568.6 ], [ 149.070051, -35.415082, 568.6 ], [ 149.070089, -35.415075, 568.6 ], [ 149.070116, -35.415065, 568.6 ], [ 149.070155, -35.415062, 568.6 ], [ 149.070191, -35.415066, 568.6 ], [ 149.070221, -35.415067, 568.6 ], [ 149.070263, -35.415078, 568.6 ], [ 149.070295, -35.41508, 568.6 ], [ 149.070326, -35.415089, 568.6 ], [ 149.07036, -35.415104, 568.6 ], [ 149.070385, -35.415109, 568.6 ], [ 149.070419, -35.415123, 568.8 ], [ 149.070445, -35.415141, 568.8 ], [ 149.070466, -35.415155, 568.8 ], [ 149.070496, -35.415184, 568.8 ], [ 149.070516, -35.415203, 568.8 ], [ 149.070538, -35.415225, 568.8 ], [ 149.070556, -35.415258, 568.8 ], [ 149.070576, -35.415273, 568.8 ], [ 149.070604, -35.415303, 568.8 ], [ 149.07062, -35.415331, 568.8 ], [ 149.070635, -35.415353, 568.8 ], [ 149.070655, -35.415388, 568.8 ], [ 149.070673, -35.41541, 568.8 ], [ 149.070691, -35.415438, 568.8 ], [ 149.070707, -35.415467, 568.8 ], [ 149.07073, -35.415482, 568.8 ], [ 149.070755, -35.415512, 568.8 ], [ 149.070768, -35.415533, 569.0 ], [ 149.070785, -35.415558, 569.0 ], [ 149.070805, -35.415583, 568.8 ], [ 149.070825, -35.415604, 568.8 ], [ 149.070843, -35.415634, 568.8 ], [ 149.070863, -35.415659, 568.8 ], [ 149.070882, -35.415681, 568.8 ], [ 149.070906, -35.415711, 569.0 ], [ 149.070921, -35.415733, 568.8 ], [ 149.07094, -35.415755, 568.8 ], [ 149.070958, -35.415786, 568.8 ], [ 149.07098, -35.415811, 568.8 ], [ 149.070994, -35.415838, 568.8 ], [ 149.071007, -35.415866, 568.8 ], [ 149.071028, -35.415888, 569.0 ], [ 149.071047, -35.415916, 569.0 ], [ 149.071065, -35.415942, 569.0 ], [ 149.071084, -35.415963, 569.0 ], [ 149.071106, -35.415993, 569.0 ], [ 149.071121, -35.41602, 569.0 ], [ 149.07114, -35.416042, 569.0 ], [ 149.071158, -35.416066, 569.0 ], [ 149.071177, -35.416083, 569.0 ], [ 149.0712, -35.416104, 569.0 ], [ 149.071215, -35.416131, 569.0 ], [ 149.071227, -35.416156, 569.0 ], [ 149.071251, -35.416185, 569.0 ], [ 149.071275, -35.416204, 569.0 ], [ 149.071295, -35.416228, 569.0 ], [ 149.071312, -35.416259, 569.0 ], [ 149.07133, -35.416281, 569.0 ], [ 149.071357, -35.416312, 569.0 ], [ 149.071388, -35.416329, 569.0 ], [ 149.071419, -35.416341, 569.2 ], [ 149.071458, -35.41635, 569.2 ], [ 149.07149, -35.416348, 569.4 ], [ 149.071529, -35.41635, 569.4 ], [ 149.071562, -35.41636, 569.4 ], [ 149.071593, -35.416364, 569.2 ], [ 149.07163, -35.416385, 569.2 ], [ 149.071652, -35.416407, 569.2 ], [ 149.071671, -35.41643, 569.0 ], [ 149.071691, -35.416462, 569.0 ], [ 149.071713, -35.416479, 569.0 ], [ 149.071737, -35.416508, 569.0 ], [ 149.071754, -35.416536, 569.2 ], [ 149.071767, -35.416559, 569.2 ], [ 149.071785, -35.416592, 569.2 ], [ 149.071803, -35.416615, 569.2 ], [ 149.071824, -35.416642, 569.2 ], [ 149.071845, -35.416668, 569.2 ], [ 149.071858, -35.416687, 569.2 ], [ 149.071871, -35.416712, 569.2 ], [ 149.071883, -35.416733, 569.2 ], [ 149.071897, -35.416754, 569.2 ], [ 149.071913, -35.416786, 569.2 ], [ 149.071934, -35.416806, 569.2 ], [ 149.071952, -35.416828, 569.2 ], [ 149.07197, -35.416857, 569.2 ], [ 149.071991, -35.416881, 569.2 ], [ 149.072015, -35.416912, 569.2 ], [ 149.072038, -35.416935, 569.2 ], [ 149.072057, -35.416958, 569.2 ], [ 149.07208, -35.416987, 569.2 ], [ 149.072105, -35.417005, 569.2 ], [ 149.072131, -35.417025, 569.2 ], [ 149.072149, -35.417053, 569.2 ], [ 149.072163, -35.417074, 569.2 ], [ 149.072175, -35.417106, 569.2 ], [ 149.072177, -35.417133, 569.2 ], [ 149.072174, -35.417159, 569.2 ], [ 149.072163, -35.417191, 569.2 ], [ 149.072159, -35.417219, 569.2 ], [ 149.07215, -35.41725, 569.2 ], [ 149.072139, -35.417277, 569.2 ], [ 149.072137, -35.417303, 569.4 ], [ 149.072126, -35.417331, 569.4 ], [ 149.072122, -35.417357, 569.2 ], [ 149.072113, -35.417388, 569.2 ], [ 149.072101, -35.417417, 569.2 ], [ 149.072098, -35.417436, 569.2 ], [ 149.072092, -35.417467, 569.4 ], [ 149.072087, -35.417495, 569.4 ], [ 149.072079, -35.417526, 569.2 ], [ 149.072068, -35.417555, 569.2 ], [ 149.072069, -35.417583, 569.4 ], [ 149.072062, -35.417621, 569.4 ], [ 149.07206, -35.417641, 569.6 ], [ 149.072054, -35.417671, 569.8 ], [ 149.072044, -35.4177, 570.0 ], [ 149.07204, -35.417725, 570.2 ], [ 149.072035, -35.417755, 570.4 ], [ 149.072027, -35.417776, 570.4 ], [ 149.072019, -35.417804, 570.6 ], [ 149.07201, -35.417833, 570.6 ], [ 149.072006, -35.41786, 570.8 ], [ 149.071998, -35.417893, 570.8 ], [ 149.071986, -35.417924, 570.8 ], [ 149.071982, -35.417949, 571.0 ], [ 149.071971, -35.417982, 571.0 ], [ 149.071968, -35.418017, 571.0 ], [ 149.071967, -35.418048, 571.0 ], [ 149.071956, -35.418082, 571.2 ], [ 149.07195, -35.418108, 571.2 ], [ 149.071938, -35.418138, 571.2 ], [ 149.071926, -35.418169, 571.2 ], [ 149.071919, -35.41819, 571.4 ], [ 149.071903, -35.418228, 571.2 ], [ 149.071898, -35.418259, 571.2 ], [ 149.071907, -35.418291, 571.2 ], [ 149.07193, -35.418311, 571.2 ], [ 149.07195, -35.418317, 571.2 ], [ 149.071983, -35.418326, 571.2 ], [ 149.072011, -35.418329, 571.4 ], [ 149.072047, -35.41833, 571.4 ], [ 149.072091, -35.418339, 571.2 ], [ 149.072121, -35.418349, 571.2 ], [ 149.072156, -35.418362, 571.2 ], [ 149.072191, -35.41838, 571.2 ], [ 149.072219, -35.41839, 571.2 ], [ 149.072253, -35.41841, 571.2 ], [ 149.072278, -35.418424, 571.2 ], [ 149.072304, -35.418438, 571.2 ], [ 149.072335, -35.418459, 571.2 ], [ 149.072357, -35.418476, 571.2 ], [ 149.072377, -35.418494, 571.2 ], [ 149.072404, -35.418516, 571.4 ], [ 149.072432, -35.418536, 571.4 ], [ 149.072459, -35.418564, 571.4 ], [ 149.072478, -35.418583, 571.6 ], [ 149.072504, -35.418601, 571.6 ], [ 149.072534, -35.418626, 571.6 ], [ 149.072558, -35.418645, 571.6 ], [ 149.072579, -35.418677, 571.6 ], [ 149.072593, -35.418698, 571.6 ], [ 149.072614, -35.418721, 571.8 ], [ 149.072637, -35.418746, 572.0 ], [ 149.072653, -35.418765, 572.0 ], [ 149.072667, -35.41879, 572.2 ], [ 149.072681, -35.418815, 572.2 ], [ 149.072703, -35.418836, 572.4 ], [ 149.072726, -35.418862, 572.4 ], [ 149.072744, -35.418884, 572.6 ], [ 149.072761, -35.418905, 572.6 ], [ 149.07278, -35.418935, 572.6 ], [ 149.072796, -35.418954, 572.6 ], [ 149.072819, -35.418979, 572.4 ], [ 149.072836, -35.419005, 572.4 ], [ 149.072856, -35.419026, 572.4 ], [ 149.072881, -35.419059, 572.4 ], [ 149.072897, -35.419088, 572.4 ], [ 149.072916, -35.419112, 572.2 ], [ 149.072936, -35.419145, 572.2 ], [ 149.072951, -35.419174, 572.2 ], [ 149.072967, -35.419204, 572.0 ], [ 149.07298, -35.419233, 572.0 ], [ 149.073, -35.419261, 572.0 ], [ 149.073008, -35.41929, 572.0 ], [ 149.073015, -35.41932, 572.0 ], [ 149.073027, -35.419344, 572.0 ], [ 149.073032, -35.419374, 572.2 ], [ 149.07303, -35.419398, 572.2 ], [ 149.07303, -35.419423, 572.2 ], [ 149.073029, -35.419453, 572.2 ], [ 149.073034, -35.419479, 572.2 ], [ 149.073031, -35.4195, 572.2 ], [ 149.073024, -35.419526, 572.2 ], [ 149.073026, -35.419553, 572.2 ], [ 149.073017, -35.419584, 572.4 ], [ 149.073004, -35.41961, 572.6 ], [ 149.072998, -35.419639, 572.6 ], [ 149.072988, -35.419667, 572.6 ], [ 149.07298, -35.419694, 572.6 ], [ 149.072965, -35.419723, 572.6 ], [ 149.072945, -35.419751, 572.6 ], [ 149.072929, -35.419778, 572.6 ], [ 149.072913, -35.419802, 572.8 ], [ 149.072895, -35.41983, 572.8 ], [ 149.072889, -35.419856, 572.6 ], [ 149.072884, -35.419887, 572.6 ], [ 149.072886, -35.419915, 572.6 ], [ 149.07289, -35.419943, 572.4 ], [ 149.072896, -35.419976, 572.4 ], [ 149.072906, -35.420005, 572.2 ], [ 149.072921, -35.420035, 572.0 ], [ 149.072934, -35.420069, 571.8 ], [ 149.072952, -35.420094, 571.8 ], [ 149.072965, -35.420127, 571.6 ], [ 149.072977, -35.420156, 571.6 ], [ 149.07299, -35.42018, 571.6 ], [ 149.073006, -35.420212, 571.6 ], [ 149.073017, -35.42024, 571.4 ], [ 149.07303, -35.420266, 571.4 ], [ 149.073037, -35.420301, 571.4 ], [ 149.07305, -35.420326, 571.4 ], [ 149.07306, -35.420356, 571.4 ], [ 149.073081, -35.420383, 571.6 ], [ 149.073102, -35.420408, 571.6 ], [ 149.073126, -35.420441, 571.6 ], [ 149.073147, -35.420466, 571.6 ], [ 149.073176, -35.420486, 571.4 ], [ 149.073214, -35.420508, 571.4 ], [ 149.073239, -35.420526, 571.2 ], [ 149.073265, -35.420548, 571.4 ], [ 149.073295, -35.420571, 571.4 ], [ 149.073324, -35.420582, 571.4 ], [ 149.073356, -35.420597, 571.6 ], [ 149.073391, -35.42061, 571.6 ], [ 149.073423, -35.420621, 571.6 ], [ 149.073462, -35.420639, 571.6 ], [ 149.073493, -35.420654, 571.4 ], [ 149.073523, -35.420667, 571.4 ], [ 149.073552, -35.42069, 571.6 ], [ 149.073577, -35.420706, 571.6 ], [ 149.073608, -35.420726, 571.6 ], [ 149.073633, -35.420745, 571.6 ], [ 149.073663, -35.420755, 571.6 ], [ 149.0737, -35.420774, 571.4 ], [ 149.073721, -35.42079, 571.6 ], [ 149.073743, -35.420813, 571.6 ], [ 149.073765, -35.420836, 571.6 ], [ 149.073785, -35.420851, 571.6 ], [ 149.073811, -35.420874, 571.6 ], [ 149.073825, -35.420896, 571.8 ], [ 149.073849, -35.420912, 571.8 ], [ 149.073879, -35.420939, 572.0 ], [ 149.073898, -35.420957, 572.0 ], [ 149.073921, -35.420981, 572.0 ], [ 149.073946, -35.421006, 572.2 ], [ 149.07397, -35.421023, 572.2 ], [ 149.073994, -35.421052, 572.2 ], [ 149.074017, -35.421077, 572.4 ], [ 149.074035, -35.421096, 572.4 ], [ 149.074055, -35.421125, 572.4 ], [ 149.074073, -35.421148, 572.4 ], [ 149.074093, -35.421175, 572.4 ], [ 149.074113, -35.421208, 572.4 ], [ 149.074132, -35.421229, 572.2 ], [ 149.074157, -35.421254, 572.2 ], [ 149.074175, -35.421282, 572.4 ], [ 149.074199, -35.421303, 572.4 ], [ 149.074226, -35.421332, 572.2 ], [ 149.074248, -35.421356, 572.2 ] ] ] } }
]
}
